Command: vcs -file sym_links/sim_no_path.include +v2k -R +lint=all -sverilog -full64 \
-kdb +incdir+sym_links -timescale=1ns/10ps -debug_acc+pp+dmptf -debug_region+cell+encrypt \
-cm line+tgl+cond+branch+fsm+assert -debug_access+all -l simulation.log +vpdfile+./simulation.vpd \
+fsdb+./simulation.fsdb +dumpvars +define+SIM=1+VCS=1 +testname=
                         Chronologic VCS (TM)
       Version W-2024.09-SP2_Full64 -- Sun Sep 28 23:43:31 2025

                    Copyright (c) 1991 - 2025 Synopsys, Inc.
   This software and the associated documentation are proprietary to Synopsys,
 Inc. This software may only be used in accordance with the terms and conditions
 of a written license agreement with Synopsys, Inc. All other use, reproduction,
   or distribution of this software is strictly prohibited.  Licensed Products
     communicate with Synopsys servers for the purpose of providing software
    updates, detecting software piracy and verifying that customers are using
    Licensed Products in conformity with the applicable License Key for such
  Licensed Products. Synopsys will use information gathered in connection with
    this process to deliver software updates and pursue software pirates and
                                   infringers.

 Inclusivity & Diversity - Visit SolvNetPlus to read the "Synopsys Statement on
            Inclusivity and Diversity" (Refer to article 000036315 at
                        https://solvnetplus.synopsys.com)

Parsing design file 'sym_links/calculator_pkg.sv'
Parsing design file 'sym_links/adder32.sv'
Parsing design file 'sym_links/controller.sv'
Parsing design file 'sym_links/full_adder.sv'
Parsing design file 'sym_links/result_buffer.sv'
Parsing design file 'sym_links/sky130_sram_2kbyte_1rw1r_32x512_8.sv'
Parsing design file 'sym_links/top_lvl.sv'
Parsing design file 'sym_links/calc_seq_item.svh'
Parsing design file 'sym_links/calc_tb_pkg.sv'
Parsing included file 'sym_links/calc_seq_item.svh'.
Back to file 'sym_links/calc_tb_pkg.sv'.
Parsing included file 'sym_links/calc_driver.svh'.

Lint-[NS] Null statement
sym_links/calc_driver.svh, 19
  Null statement is used in following verilog source.
  Source info:     repeat(3) @(calcVif.cb); // Hold reset for 3 clock cycles


Lint-[NS] Null statement
sym_links/calc_driver.svh, 21
  Null statement is used in following verilog source.
  Source info:     @(calcVif.cb); // Wait one more cycle for reset deassertion


Lint-[NS] Null statement
sym_links/calc_driver.svh, 38
  Null statement is used in following verilog source.
  Source info:     @(calcVif.cb); // Wait one clock cycle for initialization


Lint-[NS] Null statement
sym_links/calc_driver.svh, 65
  Null statement is used in following verilog source.
  Source info:     @(calcVif.cb iff calcVif.cb.ready);


Lint-[NS] Null statement
sym_links/calc_driver.svh, 71
  Null statement is used in following verilog source.
  Source info:           @(calcVif.cb);

Back to file 'sym_links/calc_tb_pkg.sv'.
Parsing included file 'sym_links/calc_monitor.svh'.

Lint-[NS] Null statement
sym_links/calc_monitor.svh, 14
  Null statement is used in following verilog source.
  Source info:       @(calcVif.cb);


Lint-[NS] Null statement
sym_links/calc_monitor.svh, 47
  Null statement is used in following verilog source.
  Source info:           @(calcVif.cb);

Back to file 'sym_links/calc_tb_pkg.sv'.
Parsing included file 'sym_links/calc_sequencer.svh'.
Back to file 'sym_links/calc_tb_pkg.sv'.
Parsing included file 'sym_links/calc_sb.svh'.
Back to file 'sym_links/calc_tb_pkg.sv'.
Parsing design file 'sym_links/calc_driver.svh'

Lint-[NS] Null statement
sym_links/calc_driver.svh, 19
  Null statement is used in following verilog source.
  Source info:     repeat(3) @(calcVif.cb); // Hold reset for 3 clock cycles


Lint-[NS] Null statement
sym_links/calc_driver.svh, 21
  Null statement is used in following verilog source.
  Source info:     @(calcVif.cb); // Wait one more cycle for reset deassertion


Lint-[NS] Null statement
sym_links/calc_driver.svh, 38
  Null statement is used in following verilog source.
  Source info:     @(calcVif.cb); // Wait one clock cycle for initialization


Lint-[NS] Null statement
sym_links/calc_driver.svh, 65
  Null statement is used in following verilog source.
  Source info:     @(calcVif.cb iff calcVif.cb.ready);


Lint-[NS] Null statement
sym_links/calc_driver.svh, 71
  Null statement is used in following verilog source.
  Source info:           @(calcVif.cb);

Parsing design file 'sym_links/calc_monitor.svh'

Lint-[NS] Null statement
sym_links/calc_monitor.svh, 14
  Null statement is used in following verilog source.
  Source info:       @(calcVif.cb);


Lint-[NS] Null statement
sym_links/calc_monitor.svh, 47
  Null statement is used in following verilog source.
  Source info:           @(calcVif.cb);

Parsing design file 'sym_links/calc_sb.svh'
Parsing design file 'sym_links/calc_sequencer.svh'
Parsing design file 'sym_links/calc_if.sv'
Parsing design file 'sym_links/calc_tb_top.sv'

Lint-[NS] Null statement
sym_links/calc_tb_top.sv, 62
  Null statement is used in following verilog source.
  Source info:     @(posedge clk);


Lint-[NS] Null statement
sym_links/calc_tb_top.sv, 98
  Null statement is used in following verilog source.
  Source info:     repeat (100) @(posedge clk);


Lint-[NS] Null statement
sym_links/calc_tb_top.sv, 107
  Null statement is used in following verilog source.
  Source info:     wait(calc_if.ready);


Lint-[NS] Null statement
sym_links/calc_tb_top.sv, 113
  Null statement is used in following verilog source.
  Source info:     wait(calc_if.ready);


Lint-[NS] Null statement
sym_links/calc_tb_top.sv, 125
  Null statement is used in following verilog source.
  Source info:     wait(calc_if.ready);


Lint-[NS] Null statement
sym_links/calc_tb_top.sv, 132
  Null statement is used in following verilog source.
  Source info:     wait(calc_if.ready);


Lint-[NS] Null statement
sym_links/calc_tb_top.sv, 139
  Null statement is used in following verilog source.
  Source info:     wait(calc_if.ready);


Lint-[NS] Null statement
sym_links/calc_tb_top.sv, 145
  Null statement is used in following verilog source.
  Source info:     wait(calc_if.ready);


Lint-[NS] Null statement
sym_links/calc_tb_top.sv, 151
  Null statement is used in following verilog source.
  Source info:     wait(calc_if.ready);


Lint-[NS] Null statement
sym_links/calc_tb_top.sv, 157
  Null statement is used in following verilog source.
  Source info:     wait(calc_if.ready);


Lint-[NS] Null statement
sym_links/calc_tb_top.sv, 167
  Null statement is used in following verilog source.
  Source info:     wait(calc_if.ready);  // Wait until ready with loc_sel=0


Lint-[NS] Null statement
sym_links/calc_tb_top.sv, 173
  Null statement is used in following verilog source.
  Source info:     wait(calc_if.ready);  // Complete second calculation


Lint-[NS] Null statement
sym_links/calc_tb_top.sv, 179
  Null statement is used in following verilog source.
  Source info:     wait(calc_if.ready);


Lint-[NS] Null statement
sym_links/calc_tb_top.sv, 186
  Null statement is used in following verilog source.
  Source info:     repeat (200) @(posedge clk);  // Wait for completion


Lint-[NS] Null statement
sym_links/calc_tb_top.sv, 202
  Null statement is used in following verilog source.
  Source info:         wait (state == S_READ);


Lint-[NS] Null statement
sym_links/calc_tb_top.sv, 208
  Null statement is used in following verilog source.
  Source info:     @(posedge clk);


Lint-[NS] Null statement
sym_links/calc_tb_top.sv, 210
  Null statement is used in following verilog source.
  Source info:     wait(calc_if.ready);


Lint-[NS] Null statement
sym_links/calc_tb_top.sv, 221
  Null statement is used in following verilog source.
  Source info:         wait (state == S_ADD);


Lint-[NS] Null statement
sym_links/calc_tb_top.sv, 227
  Null statement is used in following verilog source.
  Source info:     @(posedge clk);


Lint-[NS] Null statement
sym_links/calc_tb_top.sv, 229
  Null statement is used in following verilog source.
  Source info:     wait(calc_if.ready);


Lint-[NS] Null statement
sym_links/calc_tb_top.sv, 240
  Null statement is used in following verilog source.
  Source info:         wait (state == S_WRITE);


Lint-[NS] Null statement
sym_links/calc_tb_top.sv, 246
  Null statement is used in following verilog source.
  Source info:     @(posedge clk);


Lint-[NS] Null statement
sym_links/calc_tb_top.sv, 248
  Null statement is used in following verilog source.
  Source info:     wait(calc_if.ready);


Lint-[NS] Null statement
sym_links/calc_tb_top.sv, 265
  Null statement is used in following verilog source.
  Source info:             wait(state == S_READ);


Lint-[NS] Null statement
sym_links/calc_tb_top.sv, 267
  Null statement is used in following verilog source.
  Source info:             @(posedge clk);


Lint-[NS] Null statement
sym_links/calc_tb_top.sv, 269
  Null statement is used in following verilog source.
  Source info:             @(posedge clk);


Lint-[NS] Null statement
sym_links/calc_tb_top.sv, 274
  Null statement is used in following verilog source.
  Source info:     wait(calc_if.ready);


Lint-[NS] Null statement
sym_links/calc_tb_top.sv, 286
  Null statement is used in following verilog source.
  Source info:     wait(calc_if.ready);


Lint-[NS] Null statement
sym_links/calc_tb_top.sv, 298
  Null statement is used in following verilog source.
  Source info:             wait(state == S_READ);


Lint-[NS] Null statement
sym_links/calc_tb_top.sv, 299
  Null statement is used in following verilog source.
  Source info:             @(posedge clk); // Let read complete


Lint-[NS] Null statement
sym_links/calc_tb_top.sv, 302
  Null statement is used in following verilog source.
  Source info:             wait(state == S_ADD);


Lint-[NS] Null statement
sym_links/calc_tb_top.sv, 306
  Null statement is used in following verilog source.
  Source info:             @(posedge clk);


Lint-[NS] Null statement
sym_links/calc_tb_top.sv, 314
  Null statement is used in following verilog source.
  Source info:     repeat(10) @(posedge clk); // Let FSM stabilize


Lint-[NS] Null statement
sym_links/calc_tb_top.sv, 317
  Null statement is used in following verilog source.
  Source info:     repeat (200) @(posedge clk);


Lint-[NS] Null statement
sym_links/calc_tb_top.sv, 335
  Null statement is used in following verilog source.
  Source info:     calc_if.reset |=> (my_calc.u_ctrl.state == S_IDLE));


Lint-[NS] Null statement
sym_links/calc_tb_top.sv, 343
  Null statement is used in following verilog source.
  Source info:     calc_if.curr_wr_addr <= calc_if.write_end_addr)));


Lint-[NS] Null statement
sym_links/calc_tb_top.sv, 346
  Null statement is used in following verilog source.
  Source info:     $changed(calc_if.loc_sel) |-> !calc_if.ready);

Top Level Modules:
       calc_tb_top
TimeScale is 1 ns / 10 ps

Lint-[SVA-AECASR] Assertion evaluation can affect simulation results
sym_links/calc_tb_top.sv, 346
calc_tb_top, "$changed(calc_tb_top.calc_if.loc_sel)"
  The assertion contains function call "$changed(calc_tb_top.calc_if.loc_sel)"
  which can have side effects.
  Shutting of this assertion may cause change in simulation behavior.


Lint-[WMIA-L] Width mismatch in assignment
sym_links/calc_driver.svh, 75
  Width mismatch between LHS and RHS is found in assignment:
  The following 32-bit wide expression is assigned to a 1-bit LHS target:
  Source info: this.calcVif.cb.reset <= 1;
  Expression: this.calcVif.cb.reset


Lint-[WMIA-L] Width mismatch in assignment
sym_links/calc_driver.svh, 48
  Width mismatch between LHS and RHS is found in assignment:
  The following 32-bit wide expression is assigned to a 1-bit LHS target:
  Source info: direct = 1;
  Expression: direct


Lint-[WMIA-L] Width mismatch in assignment
sym_links/calc_monitor.svh, 39
  Width mismatch between LHS and RHS is found in assignment:
  The following 32-bit wide expression is assigned to a 1-bit LHS target:
  Source info: this.written = 1;
  Expression: this.written


Lint-[WMIA-L] Width mismatch in assignment
sym_links/calc_monitor.svh, 48
  Width mismatch between LHS and RHS is found in assignment:
  The following 32-bit wide expression is assigned to a 1-bit LHS target:
  Source info: this.written = 0;
  Expression: this.written


Lint-[WMIA-L] Width mismatch in assignment
sym_links/calc_sb.svh, 39
  Width mismatch between LHS and RHS is found in assignment:
  The following 32-bit wide expression is assigned to a 1-bit LHS target:
  Source info: this.second_read = 1;
  Expression: this.second_read


Lint-[WMIA-L] Width mismatch in assignment
sym_links/calc_sb.svh, 52
  Width mismatch between LHS and RHS is found in assignment:
  The following 32-bit wide expression is assigned to a 1-bit LHS target:
  Source info: this.second_read = 0;
  Expression: this.second_read


Lint-[WMIA-L] Width mismatch in assignment
sym_links/calc_monitor.svh, 2
  Width mismatch between LHS and RHS is found in assignment:
  The following 32-bit wide expression is assigned to a 1-bit LHS target:
  Source info: this.written = 0;
  Expression: this.written


Lint-[WMIA-L] Width mismatch in assignment
sym_links/calc_sb.svh, 6
  Width mismatch between LHS and RHS is found in assignment:
  The following 32-bit wide expression is assigned to a 1-bit LHS target:
  Source info: this.second_read = 0;
  Expression: this.second_read


Lint-[UI] Unused input
sym_links/controller.sv, 9
  Following is an unused input.
  Source info: write_end_addr


Lint-[WMIA-L] Width mismatch in assignment
sym_links/controller.sv, 60
  Width mismatch between LHS and RHS is found in assignment:
  The following 32-bit wide expression is assigned to a 9-bit LHS target:
  Source info: r_ptr <= (r_ptr + 1);
  Expression: r_ptr


Lint-[WMIA-L] Width mismatch in assignment
sym_links/controller.sv, 68
  Width mismatch between LHS and RHS is found in assignment:
  The following 32-bit wide expression is assigned to a 9-bit LHS target:
  Source info: w_ptr <= (w_ptr + 1);
  Expression: w_ptr


Lint-[ZERO] Zero delay in design
sym_links/sky130_sram_2kbyte_1rw1r_32x512_8.sv, 62
sky130_sram_2kbyte_1rw1r_32x512_8, "T_HOLD"
  Use of #0 may result in incorrect results or inconsistent behavior.


Lint-[ZERO] Zero delay in design
sym_links/sky130_sram_2kbyte_1rw1r_32x512_8.sv, 80
sky130_sram_2kbyte_1rw1r_32x512_8, "T_HOLD"
  Use of #0 may result in incorrect results or inconsistent behavior.


Lint-[WMIA-L] Width mismatch in assignment
sym_links/calc_if.sv, 21
  Width mismatch between LHS and RHS is found in assignment:
  The following 32-bit wide expression is assigned to a 1-bit LHS target:
  Source info: reset = 0;
  Expression: reset


Lint-[WMIA-L] Width mismatch in assignment
sym_links/calc_tb_top.sv, 207
  Width mismatch between LHS and RHS is found in assignment:
  The following 32-bit wide expression is assigned to a 1-bit LHS target:
  Source info: calc_tb_top.calc_if.reset <= 1;
  Expression: calc_tb_top.calc_if.reset


Lint-[WMIA-L] Width mismatch in assignment
sym_links/calc_tb_top.sv, 209
  Width mismatch between LHS and RHS is found in assignment:
  The following 32-bit wide expression is assigned to a 1-bit LHS target:
  Source info: calc_tb_top.calc_if.reset <= 0;
  Expression: calc_tb_top.calc_if.reset


Lint-[WMIA-L] Width mismatch in assignment
sym_links/calc_tb_top.sv, 226
  Width mismatch between LHS and RHS is found in assignment:
  The following 32-bit wide expression is assigned to a 1-bit LHS target:
  Source info: calc_tb_top.calc_if.reset <= 1;
  Expression: calc_tb_top.calc_if.reset


Lint-[WMIA-L] Width mismatch in assignment
sym_links/calc_tb_top.sv, 228
  Width mismatch between LHS and RHS is found in assignment:
  The following 32-bit wide expression is assigned to a 1-bit LHS target:
  Source info: calc_tb_top.calc_if.reset <= 0;
  Expression: calc_tb_top.calc_if.reset


Lint-[WMIA-L] Width mismatch in assignment
sym_links/calc_tb_top.sv, 245
  Width mismatch between LHS and RHS is found in assignment:
  The following 32-bit wide expression is assigned to a 1-bit LHS target:
  Source info: calc_tb_top.calc_if.reset <= 1;
  Expression: calc_tb_top.calc_if.reset


Lint-[WMIA-L] Width mismatch in assignment
sym_links/calc_tb_top.sv, 247
  Width mismatch between LHS and RHS is found in assignment:
  The following 32-bit wide expression is assigned to a 1-bit LHS target:
  Source info: calc_tb_top.calc_if.reset <= 0;
  Expression: calc_tb_top.calc_if.reset


Lint-[WMIA-L] Width mismatch in assignment
sym_links/calc_tb_top.sv, 268
  Width mismatch between LHS and RHS is found in assignment:
  The following 32-bit wide expression is assigned to a 1-bit LHS target:
  Source info: calc_tb_top.calc_if.reset <= 1;
  Expression: calc_tb_top.calc_if.reset


Lint-[WMIA-L] Width mismatch in assignment
sym_links/calc_tb_top.sv, 270
  Width mismatch between LHS and RHS is found in assignment:
  The following 32-bit wide expression is assigned to a 1-bit LHS target:
  Source info: calc_tb_top.calc_if.reset <= 0;
  Expression: calc_tb_top.calc_if.reset


Lint-[WMIA-L] Width mismatch in assignment
sym_links/calc_tb_top.sv, 305
  Width mismatch between LHS and RHS is found in assignment:
  The following 32-bit wide expression is assigned to a 1-bit LHS target:
  Source info: calc_tb_top.calc_if.reset <= 1;
  Expression: calc_tb_top.calc_if.reset


Lint-[WMIA-L] Width mismatch in assignment
sym_links/calc_tb_top.sv, 307
  Width mismatch between LHS and RHS is found in assignment:
  The following 32-bit wide expression is assigned to a 1-bit LHS target:
  Source info: calc_tb_top.calc_if.reset <= 0;
  Expression: calc_tb_top.calc_if.reset


Warning-[DTIE] Different enum types in equality
sym_links/calc_tb_top.sv, 38
calc_tb_top, "(calc_tb_top.my_calc.u_ctrl.state == S_END)"
  Enum values 'calc_tb_top.my_calc.u_ctrl.state' and 'S_END' of different enum
  types are used together with equality operator '=='.
  LHS type: enum 'state_t' defined in scope 'controller' at 
  "sym_links/controller.sv", 31
  RHS type: enum 'state_t' defined in scope 'calculator_pkg' at 
  "sym_links/calculator_pkg.sv", 14


Warning-[DTIE] Different enum types in equality
sym_links/calc_tb_top.sv, 335
calc_tb_top, "(calc_tb_top.my_calc.u_ctrl.state == S_IDLE)"
  Enum values 'calc_tb_top.my_calc.u_ctrl.state' and 'S_IDLE' of different 
  enum types are used together with equality operator '=='.
  LHS type: enum 'state_t' defined in scope 'controller' at 
  "sym_links/controller.sv", 31
  RHS type: enum 'state_t' defined in scope 'calculator_pkg' at 
  "sym_links/calculator_pkg.sv", 14


Warning-[DTIE] Different enum types in equality
sym_links/calc_tb_top.sv, 335
calc_tb_top, "(calc_tb_top.my_calc.u_ctrl.state == S_IDLE)"
  Enum values 'calc_tb_top.my_calc.u_ctrl.state' and 'S_IDLE' of different 
  enum types are used together with equality operator '=='.
  LHS type: enum 'state_t' defined in scope 'controller' at 
  "sym_links/controller.sv", 31
  RHS type: enum 'state_t' defined in scope 'calculator_pkg' at 
  "sym_links/calculator_pkg.sv", 14


Lint-[SVA-DIU] Disable iff used
sym_links/calc_tb_top.sv, 336
calc_tb_top
  Disable iff is used in assertion 'VALID_INPUT_ADDRESS: assert 
  property(@(posedge clk) disable iff (calc_tb_top.calc_if.reset) 
  ((calc_tb_top.calc_if.rd_en |-> ((calc_tb_top.calc_if.curr_rd_addr >= 
  calc_tb_top.calc_if.read_start_addr) && (calc_tb_top.calc_if.curr_rd_addr <=
  calc_tb_top.calc_if.read_end_addr))) and (calc_tb_top.calc_if.wr_en |-> 
  ((calc_tb_top.calc_if.curr_wr_addr >= calc_tb_top.calc_if.write_start_addr) 
  && (calc_tb_top.calc_if.curr_wr_addr <= 
  calc_tb_top.calc_if.write_end_addr)))));'


Lint-[SVA-DIU] Disable iff used
sym_links/calc_tb_top.sv, 344
calc_tb_top
  Disable iff is used in assertion 'BUFFER_LOC_TOGGLES: assert 
  property(@(posedge clk) disable iff (calc_tb_top.calc_if.reset) 
  ($changed(calc_tb_top.calc_if.loc_sel) |-> (!calc_tb_top.calc_if.ready)));'


Warning-[ICPSD_W] Illegal combination of drivers
sym_links/calc_if.sv, 5
  Illegal combination of structural and procedural drivers.
  Variable "wr_en" is driven by an invalid combination of structural and 
  procedural drivers. Variables driven by a structural driver cannot have any 
  other drivers.
  This variable is declared at "sym_links/calc_if.sv", 5: logic wr_en;
  The first driver is at "sym_links/calc_tb_top.sv", 34: assign 
  calc_tb_top.calc_if.wr_en = calc_tb_top.my_calc.write;
  The second driver is at "sym_links/calc_if.sv", 65: inout wr_en = wr_en;
  
  This warning will be upgraded to error in future releases
  


Warning-[ICPSD_W] Illegal combination of drivers
sym_links/calc_if.sv, 8
  Illegal combination of structural and procedural drivers.
  Variable "rd_en" is driven by an invalid combination of structural and 
  procedural drivers. Variables driven by a structural driver cannot have any 
  other drivers.
  This variable is declared at "sym_links/calc_if.sv", 8: logic rd_en;
  The first driver is at "sym_links/calc_tb_top.sv", 35: assign 
  calc_tb_top.calc_if.rd_en = calc_tb_top.my_calc.read;
  The second driver is at "sym_links/calc_if.sv", 65: inout rd_en = rd_en;
  
  This warning will be upgraded to error in future releases
  


Warning-[ICPSD_W] Illegal combination of drivers
sym_links/calc_if.sv, 11
  Illegal combination of structural and procedural drivers.
  Variable "ready" is driven by an invalid combination of structural and 
  procedural drivers. Variables driven by a structural driver cannot have any 
  other drivers.
  This variable is declared at "sym_links/calc_if.sv", 11: logic ready;
  The first driver is at "sym_links/calc_tb_top.sv", 38: assign 
  calc_tb_top.calc_if.ready = (calc_tb_top.my_calc.u_ctrl.state == S_END);
  The second driver is at "sym_links/calc_if.sv", 65: inout ready = ready;
  
  This warning will be upgraded to error in future releases
  


Warning-[ICPSD_W] Illegal combination of drivers
sym_links/calc_if.sv, 14
  Illegal combination of structural and procedural drivers.
  Variable "loc_sel" is driven by an invalid combination of structural and 
  procedural drivers. Variables driven by a structural driver cannot have any 
  other drivers.
  This variable is declared at "sym_links/calc_if.sv", 14: logic loc_sel;
  The first driver is at "sym_links/calc_tb_top.sv", 41: assign 
  calc_tb_top.calc_if.loc_sel = calc_tb_top.my_calc.buffer_control;
  The second driver is at "sym_links/calc_if.sv", 65: inout loc_sel = loc_sel;
  
  This warning will be upgraded to error in future releases
  


Warning-[ICPSD_W] Illegal combination of drivers
sym_links/calc_if.sv, 32
  Illegal combination of structural and procedural drivers.
  Variable "wr_data" is driven by an invalid combination of structural and 
  procedural drivers. Variables driven by a structural driver cannot have any 
  other drivers.
  This variable is declared at "sym_links/calc_if.sv", 32: logic [((DataSize *
  2) - 1):0] wr_data;
  The first driver is at "sym_links/calc_tb_top.sv", 36: assign 
  calc_tb_top.calc_if.wr_data = calc_tb_top.my_calc.w_data;
  The second driver is at "sym_links/calc_if.sv", 65: inout wr_data = wr_data;
  
  This warning will be upgraded to error in future releases
  


Warning-[ICPSD_W] Illegal combination of drivers
sym_links/calc_if.sv, 47
  Illegal combination of structural and procedural drivers.
  Variable "rd_data" is driven by an invalid combination of structural and 
  procedural drivers. Variables driven by a structural driver cannot have any 
  other drivers.
  This variable is declared at "sym_links/calc_if.sv", 47: logic [((DataSize *
  2) - 1):0] rd_data;
  The first driver is at "sym_links/calc_tb_top.sv", 37: assign 
  calc_tb_top.calc_if.rd_data = calc_tb_top.my_calc.r_data;
  The second driver is at "sym_links/calc_if.sv", 65: inout rd_data = rd_data;
  
  This warning will be upgraded to error in future releases
  


Warning-[ICPSD_W] Illegal combination of drivers
sym_links/calc_if.sv, 50
  Illegal combination of structural and procedural drivers.
  Variable "curr_wr_addr" is driven by an invalid combination of structural 
  and procedural drivers. Variables driven by a structural driver cannot have 
  any other drivers.
  This variable is declared at "sym_links/calc_if.sv", 50: logic [(AddrSize - 
  1):0] curr_wr_addr;
  The first driver is at "sym_links/calc_tb_top.sv", 40: assign 
  calc_tb_top.calc_if.curr_wr_addr = calc_tb_top.my_calc.w_addr;
  The second driver is at "sym_links/calc_if.sv", 65: inout curr_wr_addr = 
  curr_wr_addr;
  
  This warning will be upgraded to error in future releases
  


Warning-[ICPSD_W] Illegal combination of drivers
sym_links/calc_if.sv, 53
  Illegal combination of structural and procedural drivers.
  Variable "curr_rd_addr" is driven by an invalid combination of structural 
  and procedural drivers. Variables driven by a structural driver cannot have 
  any other drivers.
  This variable is declared at "sym_links/calc_if.sv", 53: logic [(AddrSize - 
  1):0] curr_rd_addr;
  The first driver is at "sym_links/calc_tb_top.sv", 39: assign 
  calc_tb_top.calc_if.curr_rd_addr = calc_tb_top.my_calc.r_addr;
  The second driver is at "sym_links/calc_if.sv", 65: inout curr_rd_addr = 
  curr_rd_addr;
  
  This warning will be upgraded to error in future releases
  

VCS Coverage Metrics Release W-2024.09-SP2_Full64 Copyright (c) 1991-2024 by Synopsys Inc.
Starting vcs inline pass...
7 modules and 0 UDP read.
recompiling package vcs_paramclassrepository
recompiling package calc_tb_pkg
recompiling module calc_tb_top
3 of 7 modules done
	However, due to incremental compilation, only 3 modules need to be compiled. 

Warning-[ICPSD_W] Illegal combination of drivers
sym_links/calc_if.sv, 53
  Illegal combination of structural and procedural drivers.
  Variable "curr_rd_addr" is driven by an invalid combination of structural 
  and procedural drivers. Variables driven by a structural driver cannot have 
  any other drivers.
  This variable is declared at "sym_links/calc_if.sv", 53: logic [(AddrSize - 
  1):0] curr_rd_addr;
  The first driver is at "sym_links/calc_if.sv", 65
  Hierarchical path: calc_tb_top.calc_if
  The second driver is at "sym_links/calc_tb_top.sv", 39
  Hierarchical path: calc_tb_top
  
  This warning will be upgraded to error in future releases
  


Warning-[ICPSD_W] Illegal combination of drivers
sym_links/calc_if.sv, 50
  Illegal combination of structural and procedural drivers.
  Variable "curr_wr_addr" is driven by an invalid combination of structural 
  and procedural drivers. Variables driven by a structural driver cannot have 
  any other drivers.
  This variable is declared at "sym_links/calc_if.sv", 50: logic [(AddrSize - 
  1):0] curr_wr_addr;
  The first driver is at "sym_links/calc_if.sv", 65
  Hierarchical path: calc_tb_top.calc_if
  The second driver is at "sym_links/calc_tb_top.sv", 40
  Hierarchical path: calc_tb_top
  
  This warning will be upgraded to error in future releases
  


Warning-[ICPSD_W] Illegal combination of drivers
sym_links/calc_if.sv, 14
  Illegal combination of structural and procedural drivers.
  Variable "loc_sel" is driven by an invalid combination of structural and 
  procedural drivers. Variables driven by a structural driver cannot have any 
  other drivers.
  This variable is declared at "sym_links/calc_if.sv", 14: logic loc_sel;
  The first driver is at "sym_links/calc_if.sv", 65
  Hierarchical path: calc_tb_top.calc_if
  The second driver is at "sym_links/calc_tb_top.sv", 41
  Hierarchical path: calc_tb_top
  
  This warning will be upgraded to error in future releases
  


Warning-[ICPSD_W] Illegal combination of drivers
sym_links/calc_if.sv, 47
  Illegal combination of structural and procedural drivers.
  Variable "rd_data" is driven by an invalid combination of structural and 
  procedural drivers. Variables driven by a structural driver cannot have any 
  other drivers.
  This variable is declared at "sym_links/calc_if.sv", 47: logic [((DataSize *
  2) - 1):0] rd_data;
  The first driver is at "sym_links/calc_if.sv", 65
  Hierarchical path: calc_tb_top.calc_if
  The second driver is at "sym_links/calc_tb_top.sv", 37
  Hierarchical path: calc_tb_top
  
  This warning will be upgraded to error in future releases
  


Warning-[ICPSD_W] Illegal combination of drivers
sym_links/calc_if.sv, 8
  Illegal combination of structural and procedural drivers.
  Variable "rd_en" is driven by an invalid combination of structural and 
  procedural drivers. Variables driven by a structural driver cannot have any 
  other drivers.
  This variable is declared at "sym_links/calc_if.sv", 8: logic rd_en;
  The first driver is at "sym_links/calc_if.sv", 65
  Hierarchical path: calc_tb_top.calc_if
  The second driver is at "sym_links/calc_tb_top.sv", 35
  Hierarchical path: calc_tb_top
  
  This warning will be upgraded to error in future releases
  


Warning-[ICPSD_W] Illegal combination of drivers
sym_links/calc_if.sv, 11
  Illegal combination of structural and procedural drivers.
  Variable "ready" is driven by an invalid combination of structural and 
  procedural drivers. Variables driven by a structural driver cannot have any 
  other drivers.
  This variable is declared at "sym_links/calc_if.sv", 11: logic ready;
  The first driver is at "sym_links/calc_if.sv", 65
  Hierarchical path: calc_tb_top.calc_if
  The second driver is at "sym_links/calc_tb_top.sv", 38
  Hierarchical path: calc_tb_top
  
  This warning will be upgraded to error in future releases
  


Warning-[ICPSD_W] Illegal combination of drivers
sym_links/calc_if.sv, 32
  Illegal combination of structural and procedural drivers.
  Variable "wr_data" is driven by an invalid combination of structural and 
  procedural drivers. Variables driven by a structural driver cannot have any 
  other drivers.
  This variable is declared at "sym_links/calc_if.sv", 32: logic [((DataSize *
  2) - 1):0] wr_data;
  The first driver is at "sym_links/calc_if.sv", 65
  Hierarchical path: calc_tb_top.calc_if
  The second driver is at "sym_links/calc_tb_top.sv", 36
  Hierarchical path: calc_tb_top
  
  This warning will be upgraded to error in future releases
  


Warning-[ICPSD_W] Illegal combination of drivers
sym_links/calc_if.sv, 5
  Illegal combination of structural and procedural drivers.
  Variable "wr_en" is driven by an invalid combination of structural and 
  procedural drivers. Variables driven by a structural driver cannot have any 
  other drivers.
  This variable is declared at "sym_links/calc_if.sv", 5: logic wr_en;
  The first driver is at "sym_links/calc_if.sv", 65
  Hierarchical path: calc_tb_top.calc_if
  The second driver is at "sym_links/calc_tb_top.sv", 34
  Hierarchical path: calc_tb_top
  
  This warning will be upgraded to error in future releases
  

make[1]: Entering directory '/nethome/nsinghal38/New_DV_Onboarding-main/sim/behav/WORKSPACE/csrc' \

rm -f _cuarc*.so _csrc*.so pre_vcsobj_*.so share_vcsobj_*.so
if [ -x ../simv ]; then chmod a-x ../simv; fi
g++  -o ../simv      -rdynamic  -Wl,-rpath='$ORIGIN'/simv.daidir -Wl,-rpath=./simv.daidir \
-Wl,-rpath=/tools/software/synopsys/vcs/latest/linux64/lib -L/tools/software/synopsys/vcs/latest/linux64/lib \
-Wl,-rpath-link=./   objs/amcQw_d.o   _2883106_archive_1.so _prev_archive_1.so   \
SIM_l.o       rmapats_mop.o rmapats.o rmar.o rmar_nd.o  rmar_llvm_0_1.o rmar_llvm_0_0.o \
-lnuma -lvirsim -lerrorinf -lsnpsmalloc -lvfs    -lvcsnew -lsimprofile -lreader_common \
/tools/software/synopsys/vcs/latest/linux64/lib/libBA.a -luclinative /tools/software/synopsys/vcs/latest/linux64/lib/vcs_tls.o \
-Wl,-whole-archive  -lvcsucli    -Wl,-no-whole-archive        _vcs_pli_stub_.o   \
/tools/software/synopsys/vcs/latest/linux64/lib/vcs_save_restore_new.o /tools/software/synopsys/verdi/latest/share/PLI/VCS/LINUX64/pli.a \
-ldl  -lc -lm -lpthread -ldl 
../simv up to date
make[1]: Leaving directory '/nethome/nsinghal38/New_DV_Onboarding-main/sim/behav/WORKSPACE/csrc' \

Command: /nethome/nsinghal38/New_DV_Onboarding-main/sim/behav/WORKSPACE/./simv +v2k +lint=all -cm_runsilent -cm line+tgl+cond+branch+fsm+assert -a simulation.log +vpdfile+./simulation.vpd +fsdb+./simulation.fsdb +dumpvars +define+SIM=1+VCS=1 +testname=
Chronologic VCS simulator copyright 1991-2024
Contains Synopsys proprietary information.
Compiler version W-2024.09-SP2_Full64; Runtime version W-2024.09-SP2_Full64;  Sep 28 23:43 2025
*Verdi* Loading libsscore_vcs202409.so
FSDB Dumper for VCS, Release Verdi_W-2024.09-SP2-1, Linux x86_64/64bit, 06/18/2025
(C) 1996 - 2025 by Synopsys, Inc.
*Verdi* WARNING: fsdbDumpon - The FSDB file has not been created.
*Verdi* FSDB WARNING: The FSDB file already exists. Overwriting the FSDB file may crash the programs that are using this file.
*Verdi* : Create FSDB file 'simulation.fsdb'
*Verdi* : Begin traversing the scope (calc_tb_top), layer (0).
*Verdi* : Enable +trace_process, +all and +mda dumping.
*Verdi* : End of traversing.
*Verdi* : Begin traversing the MDAs, layer (0).
*Verdi* : Enable +mda and +packedmda dumping.
*Verdi* : End of traversing the MDAs.
[DRIVER] Initializing SRAM A at addr 0x0 with data 0x12153524 at time 500
[DRIVER] SRAM A initialization complete at time 500
[DRIVER] Initializing SRAM B at addr 0x0 with data 0xc0895e81 at time 1500
[DRIVER] SRAM B initialization complete at time 1500
[DRIVER] Initializing SRAM A at addr 0x1 with data 0x8484d609 at time 2500
[DRIVER] SRAM A initialization complete at time 2500
[DRIVER] Initializing SRAM B at addr 0x1 with data 0xb1f05663 at time 3500
[DRIVER] SRAM B initialization complete at time 3500
[DRIVER] Initializing SRAM A at addr 0x2 with data 0x6b97b0d at time 4500
[DRIVER] SRAM A initialization complete at time 4500
[DRIVER] Initializing SRAM B at addr 0x2 with data 0x46df998d at time 5500
[DRIVER] SRAM B initialization complete at time 5500
[DRIVER] Initializing SRAM A at addr 0x3 with data 0xb2c28465 at time 6500
[DRIVER] SRAM A initialization complete at time 6500
[DRIVER] Initializing SRAM B at addr 0x3 with data 0x89375212 at time 7500
[DRIVER] SRAM B initialization complete at time 7500
[DRIVER] Initializing SRAM A at addr 0x4 with data 0xf3e301 at time 8500
[DRIVER] SRAM A initialization complete at time 8500
[DRIVER] Initializing SRAM B at addr 0x4 with data 0x6d7cd0d at time 9500
[DRIVER] SRAM B initialization complete at time 9500
[DRIVER] Initializing SRAM A at addr 0x5 with data 0x3b23f176 at time 10500
[DRIVER] SRAM A initialization complete at time 10500
[DRIVER] Initializing SRAM B at addr 0x5 with data 0x1e8dcd3d at time 11500
[DRIVER] SRAM B initialization complete at time 11500
[DRIVER] Initializing SRAM A at addr 0x6 with data 0x76d457ed at time 12500
[DRIVER] SRAM A initialization complete at time 12500
[DRIVER] Initializing SRAM B at addr 0x6 with data 0x462df78c at time 13500
[DRIVER] SRAM B initialization complete at time 13500
[DRIVER] Initializing SRAM A at addr 0x7 with data 0x7cfde9f9 at time 14500
[DRIVER] SRAM A initialization complete at time 14500
[DRIVER] Initializing SRAM B at addr 0x7 with data 0xe33724c6 at time 15500
[DRIVER] SRAM B initialization complete at time 15500
[DRIVER] Initializing SRAM A at addr 0x8 with data 0xe2f784c5 at time 16500
[DRIVER] SRAM A initialization complete at time 16500
[DRIVER] Initializing SRAM B at addr 0x8 with data 0xd513d2aa at time 17500
[DRIVER] SRAM B initialization complete at time 17500
[DRIVER] Initializing SRAM A at addr 0x9 with data 0x72aff7e5 at time 18500
[DRIVER] SRAM A initialization complete at time 18500
[DRIVER] Initializing SRAM B at addr 0x9 with data 0xbbd27277 at time 19500
[DRIVER] SRAM B initialization complete at time 19500
[DRIVER] Initializing SRAM A at addr 0xa with data 0x8932d612 at time 20500
[DRIVER] SRAM A initialization complete at time 20500
[DRIVER] Initializing SRAM B at addr 0xa with data 0x47ecdb8f at time 21500
[DRIVER] SRAM B initialization complete at time 21500
[DRIVER] Initializing SRAM A at addr 0xb with data 0x793069f2 at time 22500
[DRIVER] SRAM A initialization complete at time 22500
[DRIVER] Initializing SRAM B at addr 0xb with data 0xe77696ce at time 23500
[DRIVER] SRAM B initialization complete at time 23500
[DRIVER] Initializing SRAM A at addr 0xc with data 0xf4007ae8 at time 24500
[DRIVER] SRAM A initialization complete at time 24500
[DRIVER] Initializing SRAM B at addr 0xc with data 0xe2ca4ec5 at time 25500
[DRIVER] SRAM B initialization complete at time 25500
[DRIVER] Initializing SRAM A at addr 0xd with data 0x2e58495c at time 26500
[DRIVER] SRAM A initialization complete at time 26500
[DRIVER] Initializing SRAM B at addr 0xd with data 0xde8e28bd at time 27500
[DRIVER] SRAM B initialization complete at time 27500
[DRIVER] Initializing SRAM A at addr 0xe with data 0x96ab582d at time 28500
[DRIVER] SRAM A initialization complete at time 28500
[DRIVER] Initializing SRAM B at addr 0xe with data 0xb2a72665 at time 29500
[DRIVER] SRAM B initialization complete at time 29500
[DRIVER] Initializing SRAM A at addr 0xf with data 0xb1ef6263 at time 30500
[DRIVER] SRAM A initialization complete at time 30500
[DRIVER] Initializing SRAM B at addr 0xf with data 0x573870a at time 31500
[DRIVER] SRAM B initialization complete at time 31500
[DRIVER] Initializing SRAM A at addr 0x10 with data 0xc03b2280 at time 32500
[DRIVER] SRAM A initialization complete at time 32500
[DRIVER] Initializing SRAM B at addr 0x10 with data 0x10642120 at time 33500
[DRIVER] SRAM B initialization complete at time 33500
[DRIVER] Initializing SRAM A at addr 0x11 with data 0x557845aa at time 34500
[DRIVER] SRAM A initialization complete at time 34500
[DRIVER] Initializing SRAM B at addr 0x11 with data 0xcecccc9d at time 35500
[DRIVER] SRAM B initialization complete at time 35500
[DRIVER] Initializing SRAM A at addr 0x12 with data 0xcb203e96 at time 36500
[DRIVER] SRAM A initialization complete at time 36500
[DRIVER] Initializing SRAM B at addr 0x12 with data 0x8983b813 at time 37500
[DRIVER] SRAM B initialization complete at time 37500
[DRIVER] Initializing SRAM A at addr 0x13 with data 0x86bc380d at time 38500
[DRIVER] SRAM A initialization complete at time 38500
[DRIVER] Initializing SRAM B at addr 0x13 with data 0xa9a7d653 at time 39500
[DRIVER] SRAM B initialization complete at time 39500
[DRIVER] Initializing SRAM A at addr 0x14 with data 0x359fdd6b at time 40500
[DRIVER] SRAM A initialization complete at time 40500
[DRIVER] Initializing SRAM B at addr 0x14 with data 0xeaa62ad5 at time 41500
[DRIVER] SRAM B initialization complete at time 41500
[DRIVER] Initializing SRAM A at addr 0x15 with data 0x81174a02 at time 42500
[DRIVER] SRAM A initialization complete at time 42500
[DRIVER] Initializing SRAM B at addr 0x15 with data 0xd7563eae at time 43500
[DRIVER] SRAM B initialization complete at time 43500
[DRIVER] Initializing SRAM A at addr 0x16 with data 0xeffe91d at time 44500
[DRIVER] SRAM A initialization complete at time 44500
[DRIVER] Initializing SRAM B at addr 0x16 with data 0xe7c572cf at time 45500
[DRIVER] SRAM B initialization complete at time 45500
[DRIVER] Initializing SRAM A at addr 0x17 with data 0x11844923 at time 46500
[DRIVER] SRAM A initialization complete at time 46500
[DRIVER] Initializing SRAM B at addr 0x17 with data 0x509650a at time 47500
[DRIVER] SRAM B initialization complete at time 47500
[DRIVER] Initializing SRAM A at addr 0x18 with data 0xe5730aca at time 48500
[DRIVER] SRAM A initialization complete at time 48500
[DRIVER] Initializing SRAM B at addr 0x18 with data 0x9e314c3c at time 49500
[DRIVER] SRAM B initialization complete at time 49500
[DRIVER] Initializing SRAM A at addr 0x19 with data 0x7968bdf2 at time 50500
[DRIVER] SRAM A initialization complete at time 50500
[DRIVER] Initializing SRAM B at addr 0x19 with data 0x452e618a at time 51500
[DRIVER] SRAM B initialization complete at time 51500
[DRIVER] Initializing SRAM A at addr 0x1a with data 0x20c4b341 at time 52500
[DRIVER] SRAM A initialization complete at time 52500
[DRIVER] Initializing SRAM B at addr 0x1a with data 0xec4b34d8 at time 53500
[DRIVER] SRAM B initialization complete at time 53500
[DRIVER] Initializing SRAM A at addr 0x1b with data 0x3c20f378 at time 54500
[DRIVER] SRAM A initialization complete at time 54500
[DRIVER] Initializing SRAM B at addr 0x1b with data 0xc48a1289 at time 55500
[DRIVER] SRAM B initialization complete at time 55500
[DRIVER] Initializing SRAM A at addr 0x1c with data 0x75c50deb at time 56500
[DRIVER] SRAM A initialization complete at time 56500
[DRIVER] Initializing SRAM B at addr 0x1c with data 0x5b0265b6 at time 57500
[DRIVER] SRAM B initialization complete at time 57500
[DRIVER] Initializing SRAM A at addr 0x1d with data 0x634bf9c6 at time 58500
[DRIVER] SRAM A initialization complete at time 58500
[DRIVER] Initializing SRAM B at addr 0x1d with data 0x571513ae at time 59500
[DRIVER] SRAM B initialization complete at time 59500
[DRIVER] Initializing SRAM A at addr 0x1e with data 0xde7502bc at time 60500
[DRIVER] SRAM A initialization complete at time 60500
[DRIVER] Initializing SRAM B at addr 0x1e with data 0x150fdd2a at time 61500
[DRIVER] SRAM B initialization complete at time 61500
[DRIVER] Initializing SRAM A at addr 0x1f with data 0x85d79a0b at time 62500
[DRIVER] SRAM A initialization complete at time 62500
[DRIVER] Initializing SRAM B at addr 0x1f with data 0xb897be71 at time 63500
[DRIVER] SRAM B initialization complete at time 63500
[DRIVER] Initializing SRAM A at addr 0x20 with data 0x42f24185 at time 64500
[DRIVER] SRAM A initialization complete at time 64500
[DRIVER] Initializing SRAM B at addr 0x20 with data 0x27f2554f at time 65500
[DRIVER] SRAM B initialization complete at time 65500
[DRIVER] Initializing SRAM A at addr 0x21 with data 0x9dcc603b at time 66500
[DRIVER] SRAM A initialization complete at time 66500
[DRIVER] Initializing SRAM B at addr 0x21 with data 0x1d06333a at time 67500
[DRIVER] SRAM B initialization complete at time 67500
[DRIVER] Initializing SRAM A at addr 0x22 with data 0xbf23327e at time 68500
[DRIVER] SRAM A initialization complete at time 68500
[DRIVER] Initializing SRAM B at addr 0x22 with data 0xaaa4b15 at time 69500
[DRIVER] SRAM B initialization complete at time 69500
[DRIVER] Initializing SRAM A at addr 0x23 with data 0x78d99bf1 at time 70500
[DRIVER] SRAM A initialization complete at time 70500
[DRIVER] Initializing SRAM B at addr 0x23 with data 0x6c9c4bd9 at time 71500
[DRIVER] SRAM B initialization complete at time 71500
[DRIVER] Initializing SRAM A at addr 0x24 with data 0x31230762 at time 72500
[DRIVER] SRAM A initialization complete at time 72500
[DRIVER] Initializing SRAM B at addr 0x24 with data 0x2635fb4c at time 73500
[DRIVER] SRAM B initialization complete at time 73500
[DRIVER] Initializing SRAM A at addr 0x25 with data 0x4fa1559f at time 74500
[DRIVER] SRAM A initialization complete at time 74500
[DRIVER] Initializing SRAM B at addr 0x25 with data 0x47b9a18f at time 75500
[DRIVER] SRAM B initialization complete at time 75500
[DRIVER] Initializing SRAM A at addr 0x26 with data 0x7c6da9f8 at time 76500
[DRIVER] SRAM A initialization complete at time 76500
[DRIVER] Initializing SRAM B at addr 0x26 with data 0xdbcd60b7 at time 77500
[DRIVER] SRAM B initialization complete at time 77500
[DRIVER] Initializing SRAM A at addr 0x27 with data 0xcfc4569f at time 78500
[DRIVER] SRAM A initialization complete at time 78500
[DRIVER] Initializing SRAM B at addr 0x27 with data 0xae7d945c at time 79500
[DRIVER] SRAM B initialization complete at time 79500
[DRIVER] Initializing SRAM A at addr 0x28 with data 0xadcbc05b at time 80500
[DRIVER] SRAM A initialization complete at time 80500
[DRIVER] Initializing SRAM B at addr 0x28 with data 0x44de3789 at time 81500
[DRIVER] SRAM B initialization complete at time 81500
[DRIVER] Initializing SRAM A at addr 0x29 with data 0xa4ae3249 at time 82500
[DRIVER] SRAM A initialization complete at time 82500
[DRIVER] Initializing SRAM B at addr 0x29 with data 0xe8233ed0 at time 83500
[DRIVER] SRAM B initialization complete at time 83500
[DRIVER] Initializing SRAM A at addr 0x2a with data 0xebfec0d7 at time 84500
[DRIVER] SRAM A initialization complete at time 84500
[DRIVER] Initializing SRAM B at addr 0x2a with data 0xa8c7fc51 at time 85500
[DRIVER] SRAM B initialization complete at time 85500
[DRIVER] Initializing SRAM A at addr 0x2b with data 0x4b212f96 at time 86500
[DRIVER] SRAM A initialization complete at time 86500
[DRIVER] Initializing SRAM B at addr 0x2b with data 0x61d7f0c at time 87500
[DRIVER] SRAM B initialization complete at time 87500
[DRIVER] Initializing SRAM A at addr 0x2c with data 0xe12ccec2 at time 88500
[DRIVER] SRAM A initialization complete at time 88500
[DRIVER] Initializing SRAM B at addr 0x2c with data 0x6457edc8 at time 89500
[DRIVER] SRAM B initialization complete at time 89500
[DRIVER] Initializing SRAM A at addr 0x2d with data 0xbb825a77 at time 90500
[DRIVER] SRAM A initialization complete at time 90500
[DRIVER] Initializing SRAM B at addr 0x2d with data 0x1ef2ed3d at time 91500
[DRIVER] SRAM B initialization complete at time 91500
[DRIVER] Initializing SRAM A at addr 0x2e with data 0x90cdb12 at time 92500
[DRIVER] SRAM A initialization complete at time 92500
[DRIVER] Initializing SRAM B at addr 0x2e with data 0xbf05007e at time 93500
[DRIVER] SRAM B initialization complete at time 93500
[DRIVER] Initializing SRAM A at addr 0x2f with data 0x36e5816d at time 94500
[DRIVER] SRAM A initialization complete at time 94500
[DRIVER] Initializing SRAM B at addr 0x2f with data 0x1cd9e739 at time 95500
[DRIVER] SRAM B initialization complete at time 95500
[DRIVER] Initializing SRAM A at addr 0x30 with data 0xfd28f1f at time 96500
[DRIVER] SRAM A initialization complete at time 96500
[DRIVER] Initializing SRAM B at addr 0x30 with data 0xe9ebf6d3 at time 97500
[DRIVER] SRAM B initialization complete at time 97500
[DRIVER] Initializing SRAM A at addr 0x31 with data 0x42d92f85 at time 98500
[DRIVER] SRAM A initialization complete at time 98500
[DRIVER] Initializing SRAM B at addr 0x31 with data 0xbc148878 at time 99500
[DRIVER] SRAM B initialization complete at time 99500
[DRIVER] Initializing SRAM A at addr 0x32 with data 0x2dda595b at time 100500
[DRIVER] SRAM A initialization complete at time 100500
[DRIVER] Initializing SRAM B at addr 0x32 with data 0x248b4b49 at time 101500
[DRIVER] SRAM B initialization complete at time 101500
[DRIVER] Initializing SRAM A at addr 0x33 with data 0x9ff2ae3f at time 102500
[DRIVER] SRAM A initialization complete at time 102500
[DRIVER] Initializing SRAM B at addr 0x33 with data 0x150caf2a at time 103500
[DRIVER] SRAM B initialization complete at time 103500
[DRIVER] Initializing SRAM A at addr 0x34 with data 0x2c156358 at time 104500
[DRIVER] SRAM A initialization complete at time 104500
[DRIVER] Initializing SRAM B at addr 0x34 with data 0xc33f3886 at time 105500
[DRIVER] SRAM B initialization complete at time 105500
[DRIVER] Initializing SRAM A at addr 0x35 with data 0xc71a0c8e at time 106500
[DRIVER] SRAM A initialization complete at time 106500
[DRIVER] Initializing SRAM B at addr 0x35 with data 0xce2ff29c at time 107500
[DRIVER] SRAM B initialization complete at time 107500
[DRIVER] Initializing SRAM A at addr 0x36 with data 0x7d3599fa at time 108500
[DRIVER] SRAM A initialization complete at time 108500
[DRIVER] Initializing SRAM B at addr 0x36 with data 0x937dbc26 at time 109500
[DRIVER] SRAM B initialization complete at time 109500
[DRIVER] Initializing SRAM A at addr 0x37 with data 0x39961773 at time 110500
[DRIVER] SRAM A initialization complete at time 110500
[DRIVER] Initializing SRAM B at addr 0x37 with data 0xd18bb4a3 at time 111500
[DRIVER] SRAM B initialization complete at time 111500
[DRIVER] Initializing SRAM A at addr 0x38 with data 0x9799a82f at time 112500
[DRIVER] SRAM A initialization complete at time 112500
[DRIVER] Initializing SRAM B at addr 0x38 with data 0xd9d292b3 at time 113500
[DRIVER] SRAM B initialization complete at time 113500
[DRIVER] Initializing SRAM A at addr 0x39 with data 0xafd8565f at time 114500
[DRIVER] SRAM A initialization complete at time 114500
[DRIVER] Initializing SRAM B at addr 0x39 with data 0x22290d44 at time 115500
[DRIVER] SRAM B initialization complete at time 115500
[DRIVER] Initializing SRAM A at addr 0x3a with data 0x7bf8fdf7 at time 116500
[DRIVER] SRAM A initialization complete at time 116500
[DRIVER] Initializing SRAM B at addr 0x3a with data 0xe59b36cb at time 117500
[DRIVER] SRAM B initialization complete at time 117500
[DRIVER] Initializing SRAM A at addr 0x3b with data 0xf3091ae6 at time 118500
[DRIVER] SRAM A initialization complete at time 118500
[DRIVER] Initializing SRAM B at addr 0x3b with data 0x2d28db5a at time 119500
[DRIVER] SRAM B initialization complete at time 119500
[DRIVER] Initializing SRAM A at addr 0x3c with data 0x14cfc129 at time 120500
[DRIVER] SRAM A initialization complete at time 120500
[DRIVER] Initializing SRAM B at addr 0x3c with data 0xf682e2ed at time 121500
[DRIVER] SRAM B initialization complete at time 121500
[DRIVER] Initializing SRAM A at addr 0x3d with data 0xed536cda at time 122500
[DRIVER] SRAM A initialization complete at time 122500
[DRIVER] Initializing SRAM B at addr 0x3d with data 0xb29fb665 at time 123500
[DRIVER] SRAM B initialization complete at time 123500
[DRIVER] Initializing SRAM A at addr 0x3e with data 0xda8ae2b5 at time 124500
[DRIVER] SRAM A initialization complete at time 124500
[DRIVER] Initializing SRAM B at addr 0x3e with data 0xefbe94df at time 125500
[DRIVER] SRAM B initialization complete at time 125500
[DRIVER] Initializing SRAM A at addr 0x3f with data 0x3cf11979 at time 126500
[DRIVER] SRAM A initialization complete at time 126500
[DRIVER] Initializing SRAM B at addr 0x3f with data 0x2231ff44 at time 127500
[DRIVER] SRAM B initialization complete at time 127500
[DRIVER] Initializing SRAM A at addr 0x40 with data 0xe8740cd0 at time 128500
[DRIVER] SRAM A initialization complete at time 128500
[DRIVER] Initializing SRAM B at addr 0x40 with data 0x15090b2a at time 129500
[DRIVER] SRAM B initialization complete at time 129500
[DRIVER] Initializing SRAM A at addr 0x41 with data 0x55f6adab at time 130500
[DRIVER] SRAM A initialization complete at time 130500
[DRIVER] Initializing SRAM B at addr 0x41 with data 0x76fcf0e at time 131500
[DRIVER] SRAM B initialization complete at time 131500
[DRIVER] Initializing SRAM A at addr 0x42 with data 0x6e5daddc at time 132500
[DRIVER] SRAM A initialization complete at time 132500
[DRIVER] Initializing SRAM B at addr 0x42 with data 0xcd5ebc9a at time 133500
[DRIVER] SRAM B initialization complete at time 133500
[DRIVER] Initializing SRAM A at addr 0x43 with data 0xfedf72fd at time 134500
[DRIVER] SRAM A initialization complete at time 134500
[DRIVER] Initializing SRAM B at addr 0x43 with data 0xe1f102c3 at time 135500
[DRIVER] SRAM B initialization complete at time 135500
[DRIVER] Initializing SRAM A at addr 0x44 with data 0x2b0eed56 at time 136500
[DRIVER] SRAM A initialization complete at time 136500
[DRIVER] Initializing SRAM B at addr 0x44 with data 0x2779e94e at time 137500
[DRIVER] SRAM B initialization complete at time 137500
[DRIVER] Initializing SRAM A at addr 0x45 with data 0xb3d97667 at time 138500
[DRIVER] SRAM A initialization complete at time 138500
[DRIVER] Initializing SRAM B at addr 0x45 with data 0x8531340a at time 139500
[DRIVER] SRAM B initialization complete at time 139500
[DRIVER] Initializing SRAM A at addr 0x46 with data 0x5b6fb9b6 at time 140500
[DRIVER] SRAM A initialization complete at time 140500
[DRIVER] Initializing SRAM B at addr 0x46 with data 0x9c0e8a38 at time 141500
[DRIVER] SRAM B initialization complete at time 141500
[DRIVER] Initializing SRAM A at addr 0x47 with data 0x3cd18779 at time 142500
[DRIVER] SRAM A initialization complete at time 142500
[DRIVER] Initializing SRAM B at addr 0x47 with data 0xdc2bc4b8 at time 143500
[DRIVER] SRAM B initialization complete at time 143500
[DRIVER] Initializing SRAM A at addr 0x48 with data 0x4a74bf94 at time 144500
[DRIVER] SRAM A initialization complete at time 144500
[DRIVER] Initializing SRAM B at addr 0x48 with data 0x49c65d93 at time 145500
[DRIVER] SRAM B initialization complete at time 145500
[DRIVER] Initializing SRAM A at addr 0x49 with data 0x823f2c04 at time 146500
[DRIVER] SRAM A initialization complete at time 146500
[DRIVER] Initializing SRAM B at addr 0x49 with data 0xacb7ca59 at time 147500
[DRIVER] SRAM B initialization complete at time 147500
[DRIVER] Initializing SRAM A at addr 0x4a with data 0x6dcb69db at time 148500
[DRIVER] SRAM A initialization complete at time 148500
[DRIVER] Initializing SRAM B at addr 0x4a with data 0xa6fcde4d at time 149500
[DRIVER] SRAM B initialization complete at time 149500
[DRIVER] Initializing SRAM A at addr 0x4b with data 0x6cb0b7d9 at time 150500
[DRIVER] SRAM A initialization complete at time 150500
[DRIVER] Initializing SRAM B at addr 0x4b with data 0xb6a4266d at time 151500
[DRIVER] SRAM B initialization complete at time 151500
[DRIVER] Initializing SRAM A at addr 0x4c with data 0xbb45e276 at time 152500
[DRIVER] SRAM A initialization complete at time 152500
[DRIVER] Initializing SRAM B at addr 0x4c with data 0x653b49ca at time 153500
[DRIVER] SRAM B initialization complete at time 153500
[DRIVER] Initializing SRAM A at addr 0x4d with data 0x5b172db6 at time 154500
[DRIVER] SRAM A initialization complete at time 154500
[DRIVER] Initializing SRAM B at addr 0x4d with data 0x4a937195 at time 155500
[DRIVER] SRAM B initialization complete at time 155500
[DRIVER] Initializing SRAM A at addr 0x4e with data 0xa3071a46 at time 156500
[DRIVER] SRAM A initialization complete at time 156500
[DRIVER] Initializing SRAM B at addr 0x4e with data 0x2749b04 at time 157500
[DRIVER] SRAM B initialization complete at time 157500
[DRIVER] Initializing SRAM A at addr 0x4f with data 0x7bd261f7 at time 158500
[DRIVER] SRAM A initialization complete at time 158500
[DRIVER] Initializing SRAM B at addr 0x4f with data 0x34980769 at time 159500
[DRIVER] SRAM B initialization complete at time 159500
[DRIVER] Initializing SRAM A at addr 0x50 with data 0xda6ebab4 at time 160500
[DRIVER] SRAM A initialization complete at time 160500
[DRIVER] Initializing SRAM B at addr 0x50 with data 0x44018d88 at time 161500
[DRIVER] SRAM B initialization complete at time 161500
[DRIVER] Initializing SRAM A at addr 0x51 with data 0x147cd928 at time 162500
[DRIVER] SRAM A initialization complete at time 162500
[DRIVER] Initializing SRAM B at addr 0x51 with data 0x9690042d at time 163500
[DRIVER] SRAM B initialization complete at time 163500
[DRIVER] Initializing SRAM A at addr 0x52 with data 0xe3c530c7 at time 164500
[DRIVER] SRAM A initialization complete at time 164500
[DRIVER] Initializing SRAM B at addr 0x52 with data 0x975c9c2e at time 165500
[DRIVER] SRAM B initialization complete at time 165500
[DRIVER] Initializing SRAM A at addr 0x53 with data 0x8477e408 at time 166500
[DRIVER] SRAM A initialization complete at time 166500
[DRIVER] Initializing SRAM B at addr 0x53 with data 0xe41451c at time 167500
[DRIVER] SRAM B initialization complete at time 167500
[DRIVER] Initializing SRAM A at addr 0x54 with data 0xfea7a6fd at time 168500
[DRIVER] SRAM A initialization complete at time 168500
[DRIVER] Initializing SRAM B at addr 0x54 with data 0x149e0729 at time 169500
[DRIVER] SRAM B initialization complete at time 169500
[DRIVER] Initializing SRAM A at addr 0x55 with data 0x8e37901c at time 170500
[DRIVER] SRAM A initialization complete at time 170500
[DRIVER] Initializing SRAM B at addr 0x55 with data 0x43356786 at time 171500
[DRIVER] SRAM B initialization complete at time 171500
[DRIVER] Initializing SRAM A at addr 0x56 with data 0xed3408da at time 172500
[DRIVER] SRAM A initialization complete at time 172500
[DRIVER] Initializing SRAM B at addr 0x56 with data 0x9eb7c63d at time 173500
[DRIVER] SRAM B initialization complete at time 173500
[DRIVER] Initializing SRAM A at addr 0x57 with data 0x334ea766 at time 174500
[DRIVER] SRAM A initialization complete at time 174500
[DRIVER] Initializing SRAM B at addr 0x57 with data 0xb855c470 at time 175500
[DRIVER] SRAM B initialization complete at time 175500
[DRIVER] Initializing SRAM A at addr 0x58 with data 0xb9f50473 at time 176500
[DRIVER] SRAM A initialization complete at time 176500
[DRIVER] Initializing SRAM B at addr 0x58 with data 0x5d7199ba at time 177500
[DRIVER] SRAM B initialization complete at time 177500
[DRIVER] Initializing SRAM A at addr 0x59 with data 0x2f3ab35e at time 178500
[DRIVER] SRAM A initialization complete at time 178500
[DRIVER] Initializing SRAM B at addr 0x59 with data 0x7d4779fa at time 179500
[DRIVER] SRAM B initialization complete at time 179500
[DRIVER] Initializing SRAM A at addr 0x5a with data 0x6a8e05d5 at time 180500
[DRIVER] SRAM A initialization complete at time 180500
[DRIVER] Initializing SRAM B at addr 0x5a with data 0x8d24f61a at time 181500
[DRIVER] SRAM B initialization complete at time 181500
[DRIVER] Initializing SRAM A at addr 0x5b with data 0xdcf000b9 at time 182500
[DRIVER] SRAM A initialization complete at time 182500
[DRIVER] Initializing SRAM B at addr 0x5b with data 0x1b876137 at time 183500
[DRIVER] SRAM B initialization complete at time 183500
[DRIVER] Initializing SRAM A at addr 0x5c with data 0x4b273796 at time 184500
[DRIVER] SRAM A initialization complete at time 184500
[DRIVER] Initializing SRAM B at addr 0x5c with data 0x603921c0 at time 185500
[DRIVER] SRAM B initialization complete at time 185500
[DRIVER] Initializing SRAM A at addr 0x5d with data 0x13259f26 at time 186500
[DRIVER] SRAM A initialization complete at time 186500
[DRIVER] Initializing SRAM B at addr 0x5d with data 0xdb461ab6 at time 187500
[DRIVER] SRAM B initialization complete at time 187500
[DRIVER] Initializing SRAM A at addr 0x5e with data 0x3e99837d at time 188500
[DRIVER] SRAM A initialization complete at time 188500
[DRIVER] Initializing SRAM B at addr 0x5e with data 0x6e5f0fdc at time 189500
[DRIVER] SRAM B initialization complete at time 189500
[DRIVER] Initializing SRAM A at addr 0x5f with data 0x43615786 at time 190500
[DRIVER] SRAM A initialization complete at time 190500
[DRIVER] Initializing SRAM B at addr 0x5f with data 0x3c03ff78 at time 191500
[DRIVER] SRAM B initialization complete at time 191500
[DRIVER] Initializing SRAM A at addr 0x60 with data 0x3f5a9b7e at time 192500
[DRIVER] SRAM A initialization complete at time 192500
[DRIVER] Initializing SRAM B at addr 0x60 with data 0xed8d80db at time 193500
[DRIVER] SRAM B initialization complete at time 193500
[DRIVER] Initializing SRAM A at addr 0x61 with data 0xe7c3b6cf at time 194500
[DRIVER] SRAM A initialization complete at time 194500
[DRIVER] Initializing SRAM B at addr 0x61 with data 0x3ced2b79 at time 195500
[DRIVER] SRAM B initialization complete at time 195500
[DRIVER] Initializing SRAM A at addr 0x62 with data 0xfd28e4fa at time 196500
[DRIVER] SRAM A initialization complete at time 196500
[DRIVER] Initializing SRAM B at addr 0x62 with data 0xb0bcee61 at time 197500
[DRIVER] SRAM B initialization complete at time 197500
[DRIVER] Initializing SRAM A at addr 0x63 with data 0xb940917 at time 198500
[DRIVER] SRAM A initialization complete at time 198500
[DRIVER] Initializing SRAM B at addr 0x63 with data 0xd0f578a1 at time 199500
[DRIVER] SRAM B initialization complete at time 199500
[DRIVER] Initializing SRAM A at addr 0x64 with data 0x43779186 at time 200500
[DRIVER] SRAM A initialization complete at time 200500
[DRIVER] Initializing SRAM B at addr 0x64 with data 0xa8639650 at time 201500
[DRIVER] SRAM B initialization complete at time 201500
[DRIVER] Initializing SRAM A at addr 0x65 with data 0x7a8c59f5 at time 202500
[DRIVER] SRAM A initialization complete at time 202500
[DRIVER] Initializing SRAM B at addr 0x65 with data 0x9ab48835 at time 203500
[DRIVER] SRAM B initialization complete at time 203500
[DRIVER] Initializing SRAM A at addr 0x66 with data 0x949a8a29 at time 204500
[DRIVER] SRAM A initialization complete at time 204500
[DRIVER] Initializing SRAM B at addr 0x66 with data 0x60b175c1 at time 205500
[DRIVER] SRAM B initialization complete at time 205500
[DRIVER] Initializing SRAM A at addr 0x67 with data 0xe2e574c5 at time 206500
[DRIVER] SRAM A initialization complete at time 206500
[DRIVER] Initializing SRAM B at addr 0x67 with data 0xcc01b498 at time 207500
[DRIVER] SRAM B initialization complete at time 207500
[DRIVER] Initializing SRAM A at addr 0x68 with data 0x25b27b4b at time 208500
[DRIVER] SRAM A initialization complete at time 208500
[DRIVER] Initializing SRAM B at addr 0x68 with data 0xb98c4273 at time 209500
[DRIVER] SRAM B initialization complete at time 209500
[DRIVER] Initializing SRAM A at addr 0x69 with data 0xf622e6ec at time 210500
[DRIVER] SRAM A initialization complete at time 210500
[DRIVER] Initializing SRAM B at addr 0x69 with data 0xc550168a at time 211500
[DRIVER] SRAM B initialization complete at time 211500
[DRIVER] Initializing SRAM A at addr 0x6a with data 0x2758d14e at time 212500
[DRIVER] SRAM A initialization complete at time 212500
[DRIVER] Initializing SRAM B at addr 0x6a with data 0xd44b80a8 at time 213500
[DRIVER] SRAM B initialization complete at time 213500
[DRIVER] Initializing SRAM A at addr 0x6b with data 0x549efda9 at time 214500
[DRIVER] SRAM A initialization complete at time 214500
[DRIVER] Initializing SRAM B at addr 0x6b with data 0xd0ca8ca1 at time 215500
[DRIVER] SRAM B initialization complete at time 215500
[DRIVER] Initializing SRAM A at addr 0x6c with data 0x70bb90e at time 216500
[DRIVER] SRAM A initialization complete at time 216500
[DRIVER] Initializing SRAM B at addr 0x6c with data 0xf33466e6 at time 217500
[DRIVER] SRAM B initialization complete at time 217500
[DRIVER] Initializing SRAM A at addr 0x6d with data 0xcfd6c09f at time 218500
[DRIVER] SRAM A initialization complete at time 218500
[DRIVER] Initializing SRAM B at addr 0x6d with data 0x152fb52a at time 219500
[DRIVER] SRAM B initialization complete at time 219500
[DRIVER] Initializing SRAM A at addr 0x6e with data 0x155a1d2a at time 220500
[DRIVER] SRAM A initialization complete at time 220500
[DRIVER] Initializing SRAM B at addr 0x6e with data 0xc6b5f48d at time 221500
[DRIVER] SRAM B initialization complete at time 221500
[DRIVER] Initializing SRAM A at addr 0x6f with data 0x4f75ff9e at time 222500
[DRIVER] SRAM A initialization complete at time 222500
[DRIVER] Initializing SRAM B at addr 0x6f with data 0x9c6de638 at time 223500
[DRIVER] SRAM B initialization complete at time 223500
[DRIVER] Initializing SRAM A at addr 0x70 with data 0xbccfa879 at time 224500
[DRIVER] SRAM A initialization complete at time 224500
[DRIVER] Initializing SRAM B at addr 0x70 with data 0x6464e3c8 at time 225500
[DRIVER] SRAM B initialization complete at time 225500
[DRIVER] Initializing SRAM A at addr 0x71 with data 0x652345ca at time 226500
[DRIVER] SRAM A initialization complete at time 226500
[DRIVER] Initializing SRAM B at addr 0x71 with data 0x9ff4113 at time 227500
[DRIVER] SRAM B initialization complete at time 227500
[DRIVER] Initializing SRAM A at addr 0x72 with data 0x35a0c96b at time 228500
[DRIVER] SRAM A initialization complete at time 228500
[DRIVER] Initializing SRAM B at addr 0x72 with data 0xe3b7aec7 at time 229500
[DRIVER] SRAM B initialization complete at time 229500
[DRIVER] Initializing SRAM A at addr 0x73 with data 0x5b0bddb6 at time 230500
[DRIVER] SRAM A initialization complete at time 230500
[DRIVER] Initializing SRAM B at addr 0x73 with data 0x5d059dba at time 231500
[DRIVER] SRAM B initialization complete at time 231500
[DRIVER] Initializing SRAM A at addr 0x74 with data 0x6216abc4 at time 232500
[DRIVER] SRAM A initialization complete at time 232500
[DRIVER] Initializing SRAM B at addr 0x74 with data 0x5c8295b9 at time 233500
[DRIVER] SRAM B initialization complete at time 233500
[DRIVER] Initializing SRAM A at addr 0x75 with data 0x492fd392 at time 234500
[DRIVER] SRAM A initialization complete at time 234500
[DRIVER] Initializing SRAM B at addr 0x75 with data 0xda269ab4 at time 235500
[DRIVER] SRAM B initialization complete at time 235500
[DRIVER] Initializing SRAM A at addr 0x76 with data 0x3fbb3b7f at time 236500
[DRIVER] SRAM A initialization complete at time 236500
[DRIVER] Initializing SRAM B at addr 0x76 with data 0xc3339086 at time 237500
[DRIVER] SRAM B initialization complete at time 237500
[DRIVER] Initializing SRAM A at addr 0x77 with data 0x7d6df5fa at time 238500
[DRIVER] SRAM A initialization complete at time 238500
[DRIVER] Initializing SRAM B at addr 0x77 with data 0xf92794f2 at time 239500
[DRIVER] SRAM B initialization complete at time 239500
[DRIVER] Initializing SRAM A at addr 0x78 with data 0x19452132 at time 240500
[DRIVER] SRAM A initialization complete at time 240500
[DRIVER] Initializing SRAM B at addr 0x78 with data 0xdece5ebd at time 241500
[DRIVER] SRAM B initialization complete at time 241500
[DRIVER] Initializing SRAM A at addr 0x79 with data 0x424fcd84 at time 242500
[DRIVER] SRAM A initialization complete at time 242500
[DRIVER] Initializing SRAM B at addr 0x79 with data 0xf249a4e4 at time 243500
[DRIVER] SRAM B initialization complete at time 243500
[DRIVER] Initializing SRAM A at addr 0x7a with data 0x6543cfca at time 244500
[DRIVER] SRAM A initialization complete at time 244500
[DRIVER] Initializing SRAM B at addr 0x7a with data 0x54a879a9 at time 245500
[DRIVER] SRAM B initialization complete at time 245500
[DRIVER] Initializing SRAM A at addr 0x7b with data 0xd095a8a1 at time 246500
[DRIVER] SRAM A initialization complete at time 246500
[DRIVER] Initializing SRAM B at addr 0x7b with data 0x4765a98e at time 247500
[DRIVER] SRAM B initialization complete at time 247500
[DRIVER] Initializing SRAM A at addr 0x7c with data 0xfd8b6afb at time 248500
[DRIVER] SRAM A initialization complete at time 248500
[DRIVER] Initializing SRAM B at addr 0x7c with data 0x85e51e0b at time 249500
[DRIVER] SRAM B initialization complete at time 249500
[DRIVER] Initializing SRAM A at addr 0x7d with data 0xf78290ef at time 250500
[DRIVER] SRAM A initialization complete at time 250500
[DRIVER] Initializing SRAM B at addr 0x7d with data 0x64c83dc9 at time 251500
[DRIVER] SRAM B initialization complete at time 251500
[DRIVER] Initializing SRAM A at addr 0x7e with data 0x1b60e536 at time 252500
[DRIVER] SRAM A initialization complete at time 252500
[DRIVER] Initializing SRAM B at addr 0x7e with data 0xbab14875 at time 253500
[DRIVER] SRAM B initialization complete at time 253500
[DRIVER] Initializing SRAM A at addr 0x7f with data 0xc7e8568f at time 254500
[DRIVER] SRAM A initialization complete at time 254500
[DRIVER] Initializing SRAM B at addr 0x7f with data 0x35cdbf6b at time 255500
[DRIVER] SRAM B initialization complete at time 255500
[DRIVER] Initializing SRAM A at addr 0x80 with data 0x4465e788 at time 256500
[DRIVER] SRAM A initialization complete at time 256500
[DRIVER] Initializing SRAM B at addr 0x80 with data 0xd73fb4ae at time 257500
[DRIVER] SRAM B initialization complete at time 257500
[DRIVER] Initializing SRAM A at addr 0x81 with data 0x4df3819b at time 258500
[DRIVER] SRAM A initialization complete at time 258500
[DRIVER] Initializing SRAM B at addr 0x81 with data 0x493e4592 at time 259500
[DRIVER] SRAM B initialization complete at time 259500
[DRIVER] Initializing SRAM A at addr 0x82 with data 0x1444df28 at time 260500
[DRIVER] SRAM A initialization complete at time 260500
[DRIVER] Initializing SRAM B at addr 0x82 with data 0x9684e02d at time 261500
[DRIVER] SRAM B initialization complete at time 261500
[DRIVER] Initializing SRAM A at addr 0x83 with data 0x25b75f4b at time 262500
[DRIVER] SRAM A initialization complete at time 262500
[DRIVER] Initializing SRAM B at addr 0x83 with data 0xe169b0c2 at time 263500
[DRIVER] SRAM B initialization complete at time 263500
[DRIVER] Initializing SRAM A at addr 0x84 with data 0x8f1cf61e at time 264500
[DRIVER] SRAM A initialization complete at time 264500
[DRIVER] Initializing SRAM B at addr 0x84 with data 0x6b3050d at time 265500
[DRIVER] SRAM B initialization complete at time 265500
[DRIVER] Initializing SRAM A at addr 0x85 with data 0x7679fdec at time 266500
[DRIVER] SRAM A initialization complete at time 266500
[DRIVER] Initializing SRAM B at addr 0x85 with data 0xc039d18 at time 267500
[DRIVER] SRAM B initialization complete at time 267500
[DRIVER] Initializing SRAM A at addr 0x86 with data 0x68ae1bd1 at time 268500
[DRIVER] SRAM A initialization complete at time 268500
[DRIVER] Initializing SRAM B at addr 0x86 with data 0xc3761c86 at time 269500
[DRIVER] SRAM B initialization complete at time 269500
[DRIVER] Initializing SRAM A at addr 0x87 with data 0xa0c02441 at time 270500
[DRIVER] SRAM A initialization complete at time 270500
[DRIVER] Initializing SRAM B at addr 0x87 with data 0x9dbf643b at time 271500
[DRIVER] SRAM B initialization complete at time 271500
[DRIVER] Initializing SRAM A at addr 0x88 with data 0x6c44f9d8 at time 272500
[DRIVER] SRAM A initialization complete at time 272500
[DRIVER] Initializing SRAM B at addr 0x88 with data 0x29efe953 at time 273500
[DRIVER] SRAM B initialization complete at time 273500
[DRIVER] Initializing SRAM A at addr 0x89 with data 0xab196256 at time 274500
[DRIVER] SRAM A initialization complete at time 274500
[DRIVER] Initializing SRAM B at addr 0x89 with data 0xadac225b at time 275500
[DRIVER] SRAM B initialization complete at time 275500
[DRIVER] Initializing SRAM A at addr 0x8a with data 0xf166fae2 at time 276500
[DRIVER] SRAM A initialization complete at time 276500
[DRIVER] Initializing SRAM B at addr 0x8a with data 0x8273e204 at time 277500
[DRIVER] SRAM B initialization complete at time 277500
[DRIVER] Initializing SRAM A at addr 0x8b with data 0x39ac0373 at time 278500
[DRIVER] SRAM A initialization complete at time 278500
[DRIVER] Initializing SRAM B at addr 0x8b with data 0xec50b4d8 at time 279500
[DRIVER] SRAM B initialization complete at time 279500
[DRIVER] Initializing SRAM A at addr 0x8c with data 0x93e4d12 at time 280500
[DRIVER] SRAM A initialization complete at time 280500
[DRIVER] Initializing SRAM B at addr 0x8c with data 0xdc0344b8 at time 281500
[DRIVER] SRAM B initialization complete at time 281500
[DRIVER] Initializing SRAM A at addr 0x8d with data 0x9c811239 at time 282500
[DRIVER] SRAM A initialization complete at time 282500
[DRIVER] Initializing SRAM B at addr 0x8d with data 0xf287b6e5 at time 283500
[DRIVER] SRAM B initialization complete at time 283500
[DRIVER] Initializing SRAM A at addr 0x8e with data 0xd0c5dca1 at time 284500
[DRIVER] SRAM A initialization complete at time 284500
[DRIVER] Initializing SRAM B at addr 0x8e with data 0x15890f2b at time 285500
[DRIVER] SRAM B initialization complete at time 285500
[DRIVER] Initializing SRAM A at addr 0x8f with data 0x40905d81 at time 286500
[DRIVER] SRAM A initialization complete at time 286500
[DRIVER] Initializing SRAM B at addr 0x8f with data 0x641b85c8 at time 287500
[DRIVER] SRAM B initialization complete at time 287500
[DRIVER] Initializing SRAM A at addr 0x90 with data 0x13b55527 at time 288500
[DRIVER] SRAM A initialization complete at time 288500
[DRIVER] Initializing SRAM B at addr 0x90 with data 0x50d5f9a1 at time 289500
[DRIVER] SRAM B initialization complete at time 289500
[DRIVER] Initializing SRAM A at addr 0x91 with data 0x8f8c6e1f at time 290500
[DRIVER] SRAM A initialization complete at time 290500
[DRIVER] Initializing SRAM B at addr 0x91 with data 0x82223a04 at time 291500
[DRIVER] SRAM B initialization complete at time 291500
[DRIVER] Initializing SRAM A at addr 0x92 with data 0x2c2d2358 at time 292500
[DRIVER] SRAM A initialization complete at time 292500
[DRIVER] Initializing SRAM B at addr 0x92 with data 0xcb5c8096 at time 293500
[DRIVER] SRAM B initialization complete at time 293500
[DRIVER] Initializing SRAM A at addr 0x93 with data 0xa6e9314 at time 294500
[DRIVER] SRAM A initialization complete at time 294500
[DRIVER] Initializing SRAM B at addr 0x93 with data 0x8919b412 at time 295500
[DRIVER] SRAM B initialization complete at time 295500
[DRIVER] Initializing SRAM A at addr 0x94 with data 0xcb227096 at time 296500
[DRIVER] SRAM A initialization complete at time 296500
[DRIVER] Initializing SRAM B at addr 0x94 with data 0xd8ace2b1 at time 297500
[DRIVER] SRAM B initialization complete at time 297500
[DRIVER] Initializing SRAM A at addr 0x95 with data 0x2ac2d555 at time 298500
[DRIVER] SRAM A initialization complete at time 298500
[DRIVER] Initializing SRAM B at addr 0x95 with data 0xf6c38eed at time 299500
[DRIVER] SRAM B initialization complete at time 299500
[DRIVER] Initializing SRAM A at addr 0x96 with data 0x158b2b2b at time 300500
[DRIVER] SRAM A initialization complete at time 300500
[DRIVER] Initializing SRAM B at addr 0x96 with data 0x7ab11bf5 at time 301500
[DRIVER] SRAM B initialization complete at time 301500
[DRIVER] Initializing SRAM A at addr 0x97 with data 0x56b403ad at time 302500
[DRIVER] SRAM A initialization complete at time 302500
[DRIVER] Initializing SRAM B at addr 0x97 with data 0x93c12227 at time 303500
[DRIVER] SRAM B initialization complete at time 303500
[DRIVER] Initializing SRAM A at addr 0x98 with data 0x4249ff84 at time 304500
[DRIVER] SRAM A initialization complete at time 304500
[DRIVER] Initializing SRAM B at addr 0x98 with data 0xd3a8e4a7 at time 305500
[DRIVER] SRAM B initialization complete at time 305500
[DRIVER] Initializing SRAM A at addr 0x99 with data 0xf3d7a6e7 at time 306500
[DRIVER] SRAM A initialization complete at time 306500
[DRIVER] Initializing SRAM B at addr 0x99 with data 0xdcef90b9 at time 307500
[DRIVER] SRAM B initialization complete at time 307500
[DRIVER] Initializing SRAM A at addr 0x9a with data 0xa4da5649 at time 308500
[DRIVER] SRAM A initialization complete at time 308500
[DRIVER] Initializing SRAM B at addr 0x9a with data 0x6de5bbdb at time 309500
[DRIVER] SRAM B initialization complete at time 309500
[DRIVER] Initializing SRAM A at addr 0x9b with data 0x64ba0fc9 at time 310500
[DRIVER] SRAM A initialization complete at time 310500
[DRIVER] Initializing SRAM B at addr 0x9b with data 0x2883b151 at time 311500
[DRIVER] SRAM B initialization complete at time 311500
[DRIVER] Initializing SRAM A at addr 0x9c with data 0xd0bc5ea1 at time 312500
[DRIVER] SRAM A initialization complete at time 312500
[DRIVER] Initializing SRAM B at addr 0x9c with data 0x1546dd2a at time 313500
[DRIVER] SRAM B initialization complete at time 313500
[DRIVER] Initializing SRAM A at addr 0x9d with data 0x7d2a45fa at time 314500
[DRIVER] SRAM A initialization complete at time 314500
[DRIVER] Initializing SRAM B at addr 0x9d with data 0xa2e62045 at time 315500
[DRIVER] SRAM B initialization complete at time 315500
[DRIVER] Initializing SRAM A at addr 0x9e with data 0x41a10583 at time 316500
[DRIVER] SRAM A initialization complete at time 316500
[DRIVER] Initializing SRAM B at addr 0x9e with data 0xbe75427c at time 317500
[DRIVER] SRAM B initialization complete at time 317500
[DRIVER] Initializing SRAM A at addr 0x9f with data 0xb9461472 at time 318500
[DRIVER] SRAM A initialization complete at time 318500
[DRIVER] Initializing SRAM B at addr 0x9f with data 0xff4f3cfe at time 319500
[DRIVER] SRAM B initialization complete at time 319500
[DRIVER] Initializing SRAM A at addr 0xa0 with data 0xb455f268 at time 320500
[DRIVER] SRAM A initialization complete at time 320500
[DRIVER] Initializing SRAM B at addr 0xa0 with data 0xb7dfaa6f at time 321500
[DRIVER] SRAM B initialization complete at time 321500
[DRIVER] Initializing SRAM A at addr 0xa1 with data 0x43460d86 at time 322500
[DRIVER] SRAM A initialization complete at time 322500
[DRIVER] Initializing SRAM B at addr 0xa1 with data 0x782321f0 at time 323500
[DRIVER] SRAM B initialization complete at time 323500
[DRIVER] Initializing SRAM A at addr 0xa2 with data 0x1c719738 at time 324500
[DRIVER] SRAM A initialization complete at time 324500
[DRIVER] Initializing SRAM B at addr 0xa2 with data 0x20769140 at time 325500
[DRIVER] SRAM B initialization complete at time 325500
[DRIVER] Initializing SRAM A at addr 0xa3 with data 0x94097628 at time 326500
[DRIVER] SRAM A initialization complete at time 326500
[DRIVER] Initializing SRAM B at addr 0xa3 with data 0x7b0da9f6 at time 327500
[DRIVER] SRAM B initialization complete at time 327500
[DRIVER] Initializing SRAM A at addr 0xa4 with data 0xe2bf1ac5 at time 328500
[DRIVER] SRAM A initialization complete at time 328500
[DRIVER] Initializing SRAM B at addr 0xa4 with data 0x602831c0 at time 329500
[DRIVER] SRAM B initialization complete at time 329500
[DRIVER] Initializing SRAM A at addr 0xa5 with data 0x3a625f74 at time 330500
[DRIVER] SRAM A initialization complete at time 330500
[DRIVER] Initializing SRAM B at addr 0xa5 with data 0x1cde7139 at time 331500
[DRIVER] SRAM B initialization complete at time 331500
[DRIVER] Initializing SRAM A at addr 0xa6 with data 0xd86a6ab0 at time 332500
[DRIVER] SRAM A initialization complete at time 332500
[DRIVER] Initializing SRAM B at addr 0xa6 with data 0x1e1c873c at time 333500
[DRIVER] SRAM B initialization complete at time 333500
[DRIVER] Initializing SRAM A at addr 0xa7 with data 0x1521932a at time 334500
[DRIVER] SRAM A initialization complete at time 334500
[DRIVER] Initializing SRAM B at addr 0xa7 with data 0x3124d362 at time 335500
[DRIVER] SRAM B initialization complete at time 335500
[DRIVER] Initializing SRAM A at addr 0xa8 with data 0xaec3515 at time 336500
[DRIVER] SRAM A initialization complete at time 336500
[DRIVER] Initializing SRAM B at addr 0xa8 with data 0xf0b14ee1 at time 337500
[DRIVER] SRAM B initialization complete at time 337500
[DRIVER] Initializing SRAM A at addr 0xa9 with data 0xbe29d17 at time 338500
[DRIVER] SRAM A initialization complete at time 338500
[DRIVER] Initializing SRAM B at addr 0xa9 with data 0xa18bee43 at time 339500
[DRIVER] SRAM B initialization complete at time 339500
[DRIVER] Initializing SRAM A at addr 0xaa with data 0x64b5e3c9 at time 340500
[DRIVER] SRAM A initialization complete at time 340500
[DRIVER] Initializing SRAM B at addr 0xaa with data 0xc3360486 at time 341500
[DRIVER] SRAM B initialization complete at time 341500
[DRIVER] Initializing SRAM A at addr 0xab with data 0x1297cb25 at time 342500
[DRIVER] SRAM A initialization complete at time 342500
[DRIVER] Initializing SRAM B at addr 0xab with data 0x60f69dc1 at time 343500
[DRIVER] SRAM B initialization complete at time 343500
[DRIVER] Initializing SRAM A at addr 0xac with data 0xc69da28d at time 344500
[DRIVER] SRAM A initialization complete at time 344500
[DRIVER] Initializing SRAM B at addr 0xac with data 0xad67e25a at time 345500
[DRIVER] SRAM B initialization complete at time 345500
[DRIVER] Initializing SRAM A at addr 0xad with data 0x3d62707 at time 346500
[DRIVER] SRAM A initialization complete at time 346500
[DRIVER] Initializing SRAM B at addr 0xad with data 0x165b7b2c at time 347500
[DRIVER] SRAM B initialization complete at time 347500
[DRIVER] Initializing SRAM A at addr 0xae with data 0x60a5d0c at time 348500
[DRIVER] SRAM A initialization complete at time 348500
[DRIVER] Initializing SRAM B at addr 0xae with data 0xb8ade671 at time 349500
[DRIVER] SRAM B initialization complete at time 349500
[DRIVER] Initializing SRAM A at addr 0xaf with data 0x9de17c3b at time 350500
[DRIVER] SRAM A initialization complete at time 350500
[DRIVER] Initializing SRAM B at addr 0xaf with data 0x5b60e5b6 at time 351500
[DRIVER] SRAM B initialization complete at time 351500
[DRIVER] Initializing SRAM A at addr 0xb0 with data 0xfbdfc2f7 at time 352500
[DRIVER] SRAM A initialization complete at time 352500
[DRIVER] Initializing SRAM B at addr 0xb0 with data 0xcf14ce9e at time 353500
[DRIVER] SRAM B initialization complete at time 353500
[DRIVER] Initializing SRAM A at addr 0xb1 with data 0xae78585c at time 354500
[DRIVER] SRAM A initialization complete at time 354500
[DRIVER] Initializing SRAM B at addr 0xb1 with data 0x2ab8f755 at time 355500
[DRIVER] SRAM B initialization complete at time 355500
[DRIVER] Initializing SRAM A at addr 0xb2 with data 0x902a3a20 at time 356500
[DRIVER] SRAM A initialization complete at time 356500
[DRIVER] Initializing SRAM B at addr 0xb2 with data 0xd00b12a0 at time 357500
[DRIVER] SRAM B initialization complete at time 357500
[DRIVER] Initializing SRAM A at addr 0xb3 with data 0x39600972 at time 358500
[DRIVER] SRAM A initialization complete at time 358500
[DRIVER] Initializing SRAM B at addr 0xb3 with data 0xda3d8cb4 at time 359500
[DRIVER] SRAM B initialization complete at time 359500
[DRIVER] Initializing SRAM A at addr 0xb4 with data 0x6e8af5dd at time 360500
[DRIVER] SRAM A initialization complete at time 360500
[DRIVER] Initializing SRAM B at addr 0xb4 with data 0x86dcf00d at time 361500
[DRIVER] SRAM B initialization complete at time 361500
[DRIVER] Initializing SRAM A at addr 0xb5 with data 0x25b0994b at time 362500
[DRIVER] SRAM A initialization complete at time 362500
[DRIVER] Initializing SRAM B at addr 0xb5 with data 0xbccc4279 at time 363500
[DRIVER] SRAM B initialization complete at time 363500
[DRIVER] Initializing SRAM A at addr 0xb6 with data 0xcf63da9e at time 364500
[DRIVER] SRAM A initialization complete at time 364500
[DRIVER] Initializing SRAM B at addr 0xb6 with data 0xfef064fd at time 365500
[DRIVER] SRAM B initialization complete at time 365500
[DRIVER] Initializing SRAM A at addr 0xb7 with data 0xbde0d27b at time 366500
[DRIVER] SRAM A initialization complete at time 366500
[DRIVER] Initializing SRAM B at addr 0xb7 with data 0x47e2738f at time 367500
[DRIVER] SRAM B initialization complete at time 367500
[DRIVER] Initializing SRAM A at addr 0xb8 with data 0x81c39a03 at time 368500
[DRIVER] SRAM A initialization complete at time 368500
[DRIVER] Initializing SRAM B at addr 0xb8 with data 0x71c129e3 at time 369500
[DRIVER] SRAM B initialization complete at time 369500
[DRIVER] Initializing SRAM A at addr 0xb9 with data 0xe92431d at time 370500
[DRIVER] SRAM A initialization complete at time 370500
[DRIVER] Initializing SRAM B at addr 0xb9 with data 0x58f93db1 at time 371500
[DRIVER] SRAM B initialization complete at time 371500
[DRIVER] Initializing SRAM A at addr 0xba with data 0x22119f44 at time 372500
[DRIVER] SRAM A initialization complete at time 372500
[DRIVER] Initializing SRAM B at addr 0xba with data 0xca9cbc95 at time 373500
[DRIVER] SRAM B initialization complete at time 373500
[DRIVER] Initializing SRAM A at addr 0xbb with data 0xf01d34e0 at time 374500
[DRIVER] SRAM A initialization complete at time 374500
[DRIVER] Initializing SRAM B at addr 0xbb with data 0xf6a178ed at time 375500
[DRIVER] SRAM B initialization complete at time 375500
[DRIVER] Initializing SRAM A at addr 0xbc with data 0x297a1552 at time 376500
[DRIVER] SRAM A initialization complete at time 376500
[DRIVER] Initializing SRAM B at addr 0xbc with data 0x7c1e5bf8 at time 377500
[DRIVER] SRAM B initialization complete at time 377500
[DRIVER] Initializing SRAM A at addr 0xbd with data 0x46dcb78d at time 378500
[DRIVER] SRAM A initialization complete at time 378500
[DRIVER] Initializing SRAM B at addr 0xbd with data 0xa95fc452 at time 379500
[DRIVER] SRAM B initialization complete at time 379500
[DRIVER] Initializing SRAM A at addr 0xbe with data 0x4219e784 at time 380500
[DRIVER] SRAM A initialization complete at time 380500
[DRIVER] Initializing SRAM B at addr 0xbe with data 0x236afd46 at time 381500
[DRIVER] SRAM B initialization complete at time 381500
[DRIVER] Initializing SRAM A at addr 0xbf with data 0xc63a928c at time 382500
[DRIVER] SRAM A initialization complete at time 382500
[DRIVER] Initializing SRAM B at addr 0xbf with data 0x48487d90 at time 383500
[DRIVER] SRAM B initialization complete at time 383500
[DRIVER] Initializing SRAM A at addr 0xc0 with data 0xbeac117 at time 384500
[DRIVER] SRAM A initialization complete at time 384500
[DRIVER] Initializing SRAM B at addr 0xc0 with data 0x352d616a at time 385500
[DRIVER] SRAM B initialization complete at time 385500
[DRIVER] Initializing SRAM A at addr 0xc1 with data 0x427b5784 at time 386500
[DRIVER] SRAM A initialization complete at time 386500
[DRIVER] Initializing SRAM B at addr 0xc1 with data 0xd55bbcaa at time 387500
[DRIVER] SRAM B initialization complete at time 387500
[DRIVER] Initializing SRAM A at addr 0xc2 with data 0x3e6f0f7c at time 388500
[DRIVER] SRAM A initialization complete at time 388500
[DRIVER] Initializing SRAM B at addr 0xc2 with data 0xb0520260 at time 389500
[DRIVER] SRAM B initialization complete at time 389500
[DRIVER] Initializing SRAM A at addr 0xc3 with data 0x5d4a4dba at time 390500
[DRIVER] SRAM A initialization complete at time 390500
[DRIVER] Initializing SRAM B at addr 0xc3 with data 0xc5a1608b at time 391500
[DRIVER] SRAM B initialization complete at time 391500
[DRIVER] Initializing SRAM A at addr 0xc4 with data 0xd31dfea6 at time 392500
[DRIVER] SRAM A initialization complete at time 392500
[DRIVER] Initializing SRAM B at addr 0xc4 with data 0x92831e25 at time 393500
[DRIVER] SRAM B initialization complete at time 393500
[DRIVER] Initializing SRAM A at addr 0xc5 with data 0x19058332 at time 394500
[DRIVER] SRAM A initialization complete at time 394500
[DRIVER] Initializing SRAM B at addr 0xc5 with data 0xd10504a2 at time 395500
[DRIVER] SRAM B initialization complete at time 395500
[DRIVER] Initializing SRAM A at addr 0xc6 with data 0xa48f7c49 at time 396500
[DRIVER] SRAM A initialization complete at time 396500
[DRIVER] Initializing SRAM B at addr 0xc6 with data 0x8a64b014 at time 397500
[DRIVER] SRAM B initialization complete at time 397500
[DRIVER] Initializing SRAM A at addr 0xc7 with data 0x9ec9c03d at time 398500
[DRIVER] SRAM A initialization complete at time 398500
[DRIVER] Initializing SRAM B at addr 0xc7 with data 0x25f2034b at time 399500
[DRIVER] SRAM B initialization complete at time 399500
[DRIVER] Initializing SRAM A at addr 0xc8 with data 0xae68305c at time 400500
[DRIVER] SRAM A initialization complete at time 400500
[DRIVER] Initializing SRAM B at addr 0xc8 with data 0x23907547 at time 401500
[DRIVER] SRAM B initialization complete at time 401500
[DRIVER] Initializing SRAM A at addr 0xc9 with data 0x433e9786 at time 402500
[DRIVER] SRAM A initialization complete at time 402500
[DRIVER] Initializing SRAM B at addr 0xc9 with data 0x9caf7a39 at time 403500
[DRIVER] SRAM B initialization complete at time 403500
[DRIVER] Initializing SRAM A at addr 0xca with data 0xda058ab4 at time 404500
[DRIVER] SRAM A initialization complete at time 404500
[DRIVER] Initializing SRAM B at addr 0xca with data 0x6851e5d0 at time 405500
[DRIVER] SRAM B initialization complete at time 405500
[DRIVER] Initializing SRAM A at addr 0xcb with data 0x9622502c at time 406500
[DRIVER] SRAM A initialization complete at time 406500
[DRIVER] Initializing SRAM B at addr 0xcb with data 0x467c458c at time 407500
[DRIVER] SRAM B initialization complete at time 407500
[DRIVER] Initializing SRAM A at addr 0xcc with data 0x3e9b707 at time 408500
[DRIVER] SRAM A initialization complete at time 408500
[DRIVER] Initializing SRAM B at addr 0xcc with data 0xb522406a at time 409500
[DRIVER] SRAM B initialization complete at time 409500
[DRIVER] Initializing SRAM A at addr 0xcd with data 0x895f911 at time 410500
[DRIVER] SRAM A initialization complete at time 410500
[DRIVER] Initializing SRAM B at addr 0xcd with data 0x746affe8 at time 411500
[DRIVER] SRAM B initialization complete at time 411500
[DRIVER] Initializing SRAM A at addr 0xce with data 0xa5e79e4b at time 412500
[DRIVER] SRAM A initialization complete at time 412500
[DRIVER] Initializing SRAM B at addr 0xce with data 0x39e48173 at time 413500
[DRIVER] SRAM B initialization complete at time 413500
[DRIVER] Initializing SRAM A at addr 0xcf with data 0x76295bec at time 414500
[DRIVER] SRAM A initialization complete at time 414500
[DRIVER] Initializing SRAM B at addr 0xcf with data 0x11fe0523 at time 415500
[DRIVER] SRAM B initialization complete at time 415500
[DRIVER] Initializing SRAM A at addr 0xd0 with data 0x520eefa4 at time 416500
[DRIVER] SRAM A initialization complete at time 416500
[DRIVER] Initializing SRAM B at addr 0xd0 with data 0x64e165c9 at time 417500
[DRIVER] SRAM B initialization complete at time 417500
[DRIVER] Initializing SRAM A at addr 0xd1 with data 0x9ca70439 at time 418500
[DRIVER] SRAM A initialization complete at time 418500
[DRIVER] Initializing SRAM B at addr 0xd1 with data 0xef8372df at time 419500
[DRIVER] SRAM B initialization complete at time 419500
[DRIVER] Initializing SRAM A at addr 0xd2 with data 0xea5814d4 at time 420500
[DRIVER] SRAM A initialization complete at time 420500
[DRIVER] Initializing SRAM B at addr 0xd2 with data 0x33836567 at time 421500
[DRIVER] SRAM B initialization complete at time 421500
[DRIVER] Initializing SRAM A at addr 0xd3 with data 0x4ea0419d at time 422500
[DRIVER] SRAM A initialization complete at time 422500
[DRIVER] Initializing SRAM B at addr 0xd3 with data 0x583125b0 at time 423500
[DRIVER] SRAM B initialization complete at time 423500
[DRIVER] Initializing SRAM A at addr 0xd4 with data 0x41103982 at time 424500
[DRIVER] SRAM A initialization complete at time 424500
[DRIVER] Initializing SRAM B at addr 0xd4 with data 0x24d2bf49 at time 425500
[DRIVER] SRAM B initialization complete at time 425500
[DRIVER] Initializing SRAM A at addr 0xd5 with data 0xecb91ad9 at time 426500
[DRIVER] SRAM A initialization complete at time 426500
[DRIVER] Initializing SRAM B at addr 0xd5 with data 0x1000b720 at time 427500
[DRIVER] SRAM B initialization complete at time 427500
[DRIVER] Initializing SRAM A at addr 0xd6 with data 0x8e054c1c at time 428500
[DRIVER] SRAM A initialization complete at time 428500
[DRIVER] Initializing SRAM B at addr 0xd6 with data 0x49b16f93 at time 429500
[DRIVER] SRAM B initialization complete at time 429500
[DRIVER] Initializing SRAM A at addr 0xd7 with data 0x71b461e3 at time 430500
[DRIVER] SRAM A initialization complete at time 430500
[DRIVER] Initializing SRAM B at addr 0xd7 with data 0x954b822a at time 431500
[DRIVER] SRAM B initialization complete at time 431500
[DRIVER] Initializing SRAM A at addr 0xd8 with data 0xe471f8c8 at time 432500
[DRIVER] SRAM A initialization complete at time 432500
[DRIVER] Initializing SRAM B at addr 0xd8 with data 0xaed72e5d at time 433500
[DRIVER] SRAM B initialization complete at time 433500
[DRIVER] Initializing SRAM A at addr 0xd9 with data 0x1d3f9d3a at time 434500
[DRIVER] SRAM A initialization complete at time 434500
[DRIVER] Initializing SRAM B at addr 0xd9 with data 0x4226a984 at time 435500
[DRIVER] SRAM B initialization complete at time 435500
[DRIVER] Initializing SRAM A at addr 0xda with data 0x95a9a82b at time 436500
[DRIVER] SRAM A initialization complete at time 436500
[DRIVER] Initializing SRAM B at addr 0xda with data 0x1c8d7f39 at time 437500
[DRIVER] SRAM B initialization complete at time 437500
[DRIVER] Initializing SRAM A at addr 0xdb with data 0x897f1c12 at time 438500
[DRIVER] SRAM A initialization complete at time 438500
[DRIVER] Initializing SRAM B at addr 0xdb with data 0xa97f0052 at time 439500
[DRIVER] SRAM B initialization complete at time 439500
[DRIVER] Initializing SRAM A at addr 0xdc with data 0x2c848959 at time 440500
[DRIVER] SRAM A initialization complete at time 440500
[DRIVER] Initializing SRAM B at addr 0xdc with data 0xe82b96d0 at time 441500
[DRIVER] SRAM B initialization complete at time 441500
[DRIVER] Initializing SRAM A at addr 0xdd with data 0xb759ea6e at time 442500
[DRIVER] SRAM A initialization complete at time 442500
[DRIVER] Initializing SRAM B at addr 0xdd with data 0x4bf52997 at time 443500
[DRIVER] SRAM B initialization complete at time 443500
[DRIVER] Initializing SRAM A at addr 0xde with data 0x6d8b87db at time 444500
[DRIVER] SRAM A initialization complete at time 444500
[DRIVER] Initializing SRAM B at addr 0xde with data 0x535277a6 at time 445500
[DRIVER] SRAM B initialization complete at time 445500
[DRIVER] Initializing SRAM A at addr 0xdf with data 0x5d85d3bb at time 446500
[DRIVER] SRAM A initialization complete at time 446500
[DRIVER] Initializing SRAM B at addr 0xdf with data 0x80797c00 at time 447500
[DRIVER] SRAM B initialization complete at time 447500
[DRIVER] Initializing SRAM A at addr 0xe0 with data 0x87e44c0f at time 448500
[DRIVER] SRAM A initialization complete at time 448500
[DRIVER] Initializing SRAM B at addr 0xe0 with data 0xb4e8d669 at time 449500
[DRIVER] SRAM B initialization complete at time 449500
[DRIVER] Initializing SRAM A at addr 0xe1 with data 0x8653620c at time 450500
[DRIVER] SRAM A initialization complete at time 450500
[DRIVER] Initializing SRAM B at addr 0xe1 with data 0x2ca81959 at time 451500
[DRIVER] SRAM B initialization complete at time 451500
[DRIVER] Initializing SRAM A at addr 0xe2 with data 0x62fd49c5 at time 452500
[DRIVER] SRAM A initialization complete at time 452500
[DRIVER] Initializing SRAM B at addr 0xe2 with data 0x67d735cf at time 453500
[DRIVER] SRAM B initialization complete at time 453500
[DRIVER] Initializing SRAM A at addr 0xe3 with data 0x4839e590 at time 454500
[DRIVER] SRAM A initialization complete at time 454500
[DRIVER] Initializing SRAM B at addr 0xe3 with data 0xa8e4d851 at time 455500
[DRIVER] SRAM B initialization complete at time 455500
[DRIVER] Initializing SRAM A at addr 0xe4 with data 0xb4f9a469 at time 456500
[DRIVER] SRAM A initialization complete at time 456500
[DRIVER] Initializing SRAM B at addr 0xe4 with data 0x3b83cd77 at time 457500
[DRIVER] SRAM B initialization complete at time 457500
[DRIVER] Initializing SRAM A at addr 0xe5 with data 0x2523654a at time 458500
[DRIVER] SRAM A initialization complete at time 458500
[DRIVER] Initializing SRAM B at addr 0xe5 with data 0xec3758d8 at time 459500
[DRIVER] SRAM B initialization complete at time 459500
[DRIVER] Initializing SRAM A at addr 0xe6 with data 0x4ddd4d9b at time 460500
[DRIVER] SRAM A initialization complete at time 460500
[DRIVER] Initializing SRAM B at addr 0xe6 with data 0xe20e9ac4 at time 461500
[DRIVER] SRAM B initialization complete at time 461500
[DRIVER] Initializing SRAM A at addr 0xe7 with data 0x5c78b1b8 at time 462500
[DRIVER] SRAM A initialization complete at time 462500
[DRIVER] Initializing SRAM B at addr 0xe7 with data 0xdbe6f2b7 at time 463500
[DRIVER] SRAM B initialization complete at time 463500
[DRIVER] Initializing SRAM A at addr 0xe8 with data 0xc378ee86 at time 464500
[DRIVER] SRAM A initialization complete at time 464500
[DRIVER] Initializing SRAM B at addr 0xe8 with data 0x984d5a30 at time 465500
[DRIVER] SRAM B initialization complete at time 465500
[DRIVER] Initializing SRAM A at addr 0xe9 with data 0x3bed5377 at time 466500
[DRIVER] SRAM A initialization complete at time 466500
[DRIVER] Initializing SRAM B at addr 0xe9 with data 0x5ad6c7b5 at time 467500
[DRIVER] SRAM B initialization complete at time 467500
[DRIVER] Initializing SRAM A at addr 0xea with data 0x6a15f5d4 at time 468500
[DRIVER] SRAM A initialization complete at time 468500
[DRIVER] Initializing SRAM B at addr 0xea with data 0x3878707 at time 469500
[DRIVER] SRAM B initialization complete at time 469500
[DRIVER] Initializing SRAM A at addr 0xeb with data 0x3b0b9776 at time 470500
[DRIVER] SRAM A initialization complete at time 470500
[DRIVER] Initializing SRAM B at addr 0xeb with data 0x74a1ade9 at time 471500
[DRIVER] SRAM B initialization complete at time 471500
[DRIVER] Initializing SRAM A at addr 0xec with data 0x45e28b8b at time 472500
[DRIVER] SRAM A initialization complete at time 472500
[DRIVER] Initializing SRAM B at addr 0xec with data 0xf25f01 at time 473500
[DRIVER] SRAM B initialization complete at time 473500
[DRIVER] Initializing SRAM A at addr 0xed with data 0x6d808bdb at time 474500
[DRIVER] SRAM A initialization complete at time 474500
[DRIVER] Initializing SRAM B at addr 0xed with data 0xc0764280 at time 475500
[DRIVER] SRAM B initialization complete at time 475500
[DRIVER] Initializing SRAM A at addr 0xee with data 0x611d9fc2 at time 476500
[DRIVER] SRAM A initialization complete at time 476500
[DRIVER] Initializing SRAM B at addr 0xee with data 0xe2ecdac5 at time 477500
[DRIVER] SRAM B initialization complete at time 477500
[DRIVER] Initializing SRAM A at addr 0xef with data 0x9827fa30 at time 478500
[DRIVER] SRAM A initialization complete at time 478500
[DRIVER] Initializing SRAM B at addr 0xef with data 0xd7b2e4af at time 479500
[DRIVER] SRAM B initialization complete at time 479500
[DRIVER] Initializing SRAM A at addr 0xf0 with data 0xb302da66 at time 480500
[DRIVER] SRAM A initialization complete at time 480500
[DRIVER] Initializing SRAM B at addr 0xf0 with data 0x57fbb9af at time 481500
[DRIVER] SRAM B initialization complete at time 481500
[DRIVER] Initializing SRAM A at addr 0xf1 with data 0xf4d86ee9 at time 482500
[DRIVER] SRAM A initialization complete at time 482500
[DRIVER] Initializing SRAM B at addr 0xf1 with data 0x7c41aff8 at time 483500
[DRIVER] SRAM B initialization complete at time 483500
[DRIVER] Initializing SRAM A at addr 0xf2 with data 0x8376ac06 at time 484500
[DRIVER] SRAM A initialization complete at time 484500
[DRIVER] Initializing SRAM B at addr 0xf2 with data 0xf78576ef at time 485500
[DRIVER] SRAM B initialization complete at time 485500
[DRIVER] Initializing SRAM A at addr 0xf3 with data 0x70ef37e1 at time 486500
[DRIVER] SRAM A initialization complete at time 486500
[DRIVER] Initializing SRAM B at addr 0xf3 with data 0xcab47c95 at time 487500
[DRIVER] SRAM B initialization complete at time 487500
[DRIVER] Initializing SRAM A at addr 0xf4 with data 0xf7723eee at time 488500
[DRIVER] SRAM A initialization complete at time 488500
[DRIVER] Initializing SRAM B at addr 0xf4 with data 0x304e4d60 at time 489500
[DRIVER] SRAM B initialization complete at time 489500
[DRIVER] Initializing SRAM A at addr 0xf5 with data 0xf29c5ee5 at time 490500
[DRIVER] SRAM A initialization complete at time 490500
[DRIVER] Initializing SRAM B at addr 0xf5 with data 0x9420ea28 at time 491500
[DRIVER] SRAM B initialization complete at time 491500
[DRIVER] Initializing SRAM A at addr 0xf6 with data 0x322f7d64 at time 492500
[DRIVER] SRAM A initialization complete at time 492500
[DRIVER] Initializing SRAM B at addr 0xf6 with data 0x14b43729 at time 493500
[DRIVER] SRAM B initialization complete at time 493500
[DRIVER] Initializing SRAM A at addr 0xf7 with data 0xf0eeaee1 at time 494500
[DRIVER] SRAM A initialization complete at time 494500
[DRIVER] Initializing SRAM B at addr 0xf7 with data 0xbbbc5277 at time 495500
[DRIVER] SRAM B initialization complete at time 495500
[DRIVER] Initializing SRAM A at addr 0xf8 with data 0x3715156e at time 496500
[DRIVER] SRAM A initialization complete at time 496500
[DRIVER] Initializing SRAM B at addr 0xf8 with data 0x40aaf581 at time 497500
[DRIVER] SRAM B initialization complete at time 497500
[DRIVER] Initializing SRAM A at addr 0xf9 with data 0x6a9fb9d5 at time 498500
[DRIVER] SRAM A initialization complete at time 498500
[DRIVER] Initializing SRAM B at addr 0xf9 with data 0x3437d568 at time 499500
[DRIVER] SRAM B initialization complete at time 499500
[DRIVER] Initializing SRAM A at addr 0xfa with data 0x786271f0 at time 500500
[DRIVER] SRAM A initialization complete at time 500500
[DRIVER] Initializing SRAM B at addr 0xfa with data 0xd57800aa at time 501500
[DRIVER] SRAM B initialization complete at time 501500
[DRIVER] Initializing SRAM A at addr 0xfb with data 0x79fc30f at time 502500
[DRIVER] SRAM A initialization complete at time 502500
[DRIVER] Initializing SRAM B at addr 0xfb with data 0xf8dc48f1 at time 503500
[DRIVER] SRAM B initialization complete at time 503500
[DRIVER] Initializing SRAM A at addr 0xfc with data 0xbe9bbc7d at time 504500
[DRIVER] SRAM A initialization complete at time 504500
[DRIVER] Initializing SRAM B at addr 0xfc with data 0x472e958e at time 505500
[DRIVER] SRAM B initialization complete at time 505500
[DRIVER] Initializing SRAM A at addr 0xfd with data 0xf161dce2 at time 506500
[DRIVER] SRAM A initialization complete at time 506500
[DRIVER] Initializing SRAM B at addr 0xfd with data 0x1e664d3c at time 507500
[DRIVER] SRAM B initialization complete at time 507500
[DRIVER] Initializing SRAM A at addr 0xfe with data 0xd4b5e6a9 at time 508500
[DRIVER] SRAM A initialization complete at time 508500
[DRIVER] Initializing SRAM B at addr 0xfe with data 0x77ebb1ef at time 509500
[DRIVER] SRAM B initialization complete at time 509500
[DRIVER] Initializing SRAM A at addr 0xff with data 0xade7d05b at time 510500
[DRIVER] SRAM A initialization complete at time 510500
[DRIVER] Initializing SRAM B at addr 0xff with data 0xd7a23caf at time 511500
[DRIVER] SRAM B initialization complete at time 511500
[DRIVER] Initializing SRAM A at addr 0x100 with data 0x25029b4a at time 512500
[DRIVER] SRAM A initialization complete at time 512500
[DRIVER] Initializing SRAM B at addr 0x100 with data 0x5cd20db9 at time 513500
[DRIVER] SRAM B initialization complete at time 513500
[DRIVER] Initializing SRAM A at addr 0x101 with data 0x98e2d13 at time 514500
[DRIVER] SRAM A initialization complete at time 514500
[DRIVER] Initializing SRAM B at addr 0x101 with data 0x9c83513 at time 515500
[DRIVER] SRAM B initialization complete at time 515500
[DRIVER] Initializing SRAM A at addr 0x102 with data 0x32dc4165 at time 516500
[DRIVER] SRAM A initialization complete at time 516500
[DRIVER] Initializing SRAM B at addr 0x102 with data 0x28c62751 at time 517500
[DRIVER] SRAM B initialization complete at time 517500
[DRIVER] Initializing SRAM A at addr 0x103 with data 0xdb983ab7 at time 518500
[DRIVER] SRAM A initialization complete at time 518500
[DRIVER] Initializing SRAM B at addr 0x103 with data 0xcc981099 at time 519500
[DRIVER] SRAM B initialization complete at time 519500
[DRIVER] Initializing SRAM A at addr 0x104 with data 0x9d12083a at time 520500
[DRIVER] SRAM A initialization complete at time 520500
[DRIVER] Initializing SRAM B at addr 0x104 with data 0xb8ea3a71 at time 521500
[DRIVER] SRAM B initialization complete at time 521500
[DRIVER] Initializing SRAM A at addr 0x105 with data 0x317c0762 at time 522500
[DRIVER] SRAM A initialization complete at time 522500
[DRIVER] Initializing SRAM B at addr 0x105 with data 0xf2356ae4 at time 523500
[DRIVER] SRAM B initialization complete at time 523500
[DRIVER] Initializing SRAM A at addr 0x106 with data 0x1513dd2a at time 524500
[DRIVER] SRAM A initialization complete at time 524500
[DRIVER] Initializing SRAM B at addr 0x106 with data 0xbeda447d at time 525500
[DRIVER] SRAM B initialization complete at time 525500
[DRIVER] Initializing SRAM A at addr 0x107 with data 0x2cee5f59 at time 526500
[DRIVER] SRAM A initialization complete at time 526500
[DRIVER] Initializing SRAM B at addr 0x107 with data 0x72c3a3e5 at time 527500
[DRIVER] SRAM B initialization complete at time 527500
[DRIVER] Initializing SRAM A at addr 0x108 with data 0x76de6bed at time 528500
[DRIVER] SRAM A initialization complete at time 528500
[DRIVER] Initializing SRAM B at addr 0x108 with data 0xe4a800c9 at time 529500
[DRIVER] SRAM B initialization complete at time 529500
[DRIVER] Initializing SRAM A at addr 0x109 with data 0xa0aecc41 at time 530500
[DRIVER] SRAM A initialization complete at time 530500
[DRIVER] Initializing SRAM B at addr 0x109 with data 0x57c1d1af at time 531500
[DRIVER] SRAM B initialization complete at time 531500
[DRIVER] Initializing SRAM A at addr 0x10a with data 0xeda71cdb at time 532500
[DRIVER] SRAM A initialization complete at time 532500
[DRIVER] Initializing SRAM B at addr 0x10a with data 0xe696e8cd at time 533500
[DRIVER] SRAM B initialization complete at time 533500
[DRIVER] Initializing SRAM A at addr 0x10b with data 0x38139f70 at time 534500
[DRIVER] SRAM A initialization complete at time 534500
[DRIVER] Initializing SRAM B at addr 0x10b with data 0x8326d406 at time 535500
[DRIVER] SRAM B initialization complete at time 535500
[DRIVER] Initializing SRAM A at addr 0x10c with data 0xd14820a2 at time 536500
[DRIVER] SRAM A initialization complete at time 536500
[DRIVER] Initializing SRAM B at addr 0x10c with data 0x5e983dbd at time 537500
[DRIVER] SRAM B initialization complete at time 537500
[DRIVER] Initializing SRAM A at addr 0x10d with data 0xb555de6a at time 538500
[DRIVER] SRAM A initialization complete at time 538500
[DRIVER] Initializing SRAM B at addr 0x10d with data 0x6e3d47dc at time 539500
[DRIVER] SRAM B initialization complete at time 539500
[DRIVER] Initializing SRAM A at addr 0x10e with data 0xa86c5e50 at time 540500
[DRIVER] SRAM A initialization complete at time 540500
[DRIVER] Initializing SRAM B at addr 0x10e with data 0xbd86f47b at time 541500
[DRIVER] SRAM B initialization complete at time 541500
[DRIVER] Initializing SRAM A at addr 0x10f with data 0x929d5825 at time 542500
[DRIVER] SRAM A initialization complete at time 542500
[DRIVER] Initializing SRAM B at addr 0x10f with data 0xbc3f8478 at time 543500
[DRIVER] SRAM B initialization complete at time 543500
[DRIVER] Initializing SRAM A at addr 0x110 with data 0x7b7b89f6 at time 544500
[DRIVER] SRAM A initialization complete at time 544500
[DRIVER] Initializing SRAM B at addr 0x110 with data 0xae23ce5c at time 545500
[DRIVER] SRAM B initialization complete at time 545500
[DRIVER] Initializing SRAM A at addr 0x111 with data 0x11cc9b23 at time 546500
[DRIVER] SRAM A initialization complete at time 546500
[DRIVER] Initializing SRAM B at addr 0x111 with data 0x3cb3ab79 at time 547500
[DRIVER] SRAM B initialization complete at time 547500
[DRIVER] Initializing SRAM A at addr 0x112 with data 0x644605c8 at time 548500
[DRIVER] SRAM A initialization complete at time 548500
[DRIVER] Initializing SRAM B at addr 0x112 with data 0xddd146bb at time 549500
[DRIVER] SRAM B initialization complete at time 549500
[DRIVER] Initializing SRAM A at addr 0x113 with data 0x870cee0e at time 550500
[DRIVER] SRAM A initialization complete at time 550500
[DRIVER] Initializing SRAM B at addr 0x113 with data 0xb9879473 at time 551500
[DRIVER] SRAM B initialization complete at time 551500
[DRIVER] Initializing SRAM A at addr 0x114 with data 0x671030c at time 552500
[DRIVER] SRAM A initialization complete at time 552500
[DRIVER] Initializing SRAM B at addr 0x114 with data 0xe70f98ce at time 553500
[DRIVER] SRAM B initialization complete at time 553500
[DRIVER] Initializing SRAM A at addr 0x115 with data 0x6a1a61d4 at time 554500
[DRIVER] SRAM A initialization complete at time 554500
[DRIVER] Initializing SRAM B at addr 0x115 with data 0xacecdc59 at time 555500
[DRIVER] SRAM B initialization complete at time 555500
[DRIVER] Initializing SRAM A at addr 0x116 with data 0x5ca26fb9 at time 556500
[DRIVER] SRAM A initialization complete at time 556500
[DRIVER] Initializing SRAM B at addr 0x116 with data 0xd9b8c0b3 at time 557500
[DRIVER] SRAM B initialization complete at time 557500
[DRIVER] Initializing SRAM A at addr 0x117 with data 0x7a4fbff4 at time 558500
[DRIVER] SRAM A initialization complete at time 558500
[DRIVER] Initializing SRAM B at addr 0x117 with data 0xbaf4e275 at time 559500
[DRIVER] SRAM B initialization complete at time 559500
[DRIVER] Initializing SRAM A at addr 0x118 with data 0x66cf10c at time 560500
[DRIVER] SRAM A initialization complete at time 560500
[DRIVER] Initializing SRAM B at addr 0x118 with data 0x9cfc7a39 at time 561500
[DRIVER] SRAM B initialization complete at time 561500
[DRIVER] Initializing SRAM A at addr 0x119 with data 0x1729302 at time 562500
[DRIVER] SRAM A initialization complete at time 562500
[DRIVER] Initializing SRAM B at addr 0x119 with data 0x8aecbe15 at time 563500
[DRIVER] SRAM B initialization complete at time 563500
[DRIVER] Initializing SRAM A at addr 0x11a with data 0x2fbf905 at time 564500
[DRIVER] SRAM A initialization complete at time 564500
[DRIVER] Initializing SRAM B at addr 0x11a with data 0x271c434e at time 565500
[DRIVER] SRAM B initialization complete at time 565500
[DRIVER] Initializing SRAM A at addr 0x11b with data 0x13f2902 at time 566500
[DRIVER] SRAM A initialization complete at time 566500
[DRIVER] Initializing SRAM B at addr 0x11b with data 0x5c7951b8 at time 567500
[DRIVER] SRAM B initialization complete at time 567500
[DRIVER] Initializing SRAM A at addr 0x11c with data 0x847fb208 at time 568500
[DRIVER] SRAM A initialization complete at time 568500
[DRIVER] Initializing SRAM B at addr 0x11c with data 0x46e7538d at time 569500
[DRIVER] SRAM B initialization complete at time 569500
[DRIVER] Initializing SRAM A at addr 0x11d with data 0xd7b48eaf at time 570500
[DRIVER] SRAM A initialization complete at time 570500
[DRIVER] Initializing SRAM B at addr 0x11d with data 0x747331e8 at time 571500
[DRIVER] SRAM B initialization complete at time 571500
[DRIVER] Initializing SRAM A at addr 0x11e with data 0x48590990 at time 572500
[DRIVER] SRAM A initialization complete at time 572500
[DRIVER] Initializing SRAM B at addr 0x11e with data 0x7af6abf5 at time 573500
[DRIVER] SRAM B initialization complete at time 573500
[DRIVER] Initializing SRAM A at addr 0x11f with data 0xa620904c at time 574500
[DRIVER] SRAM A initialization complete at time 574500
[DRIVER] Initializing SRAM B at addr 0x11f with data 0x3d82bd7b at time 575500
[DRIVER] SRAM B initialization complete at time 575500
[DRIVER] Initializing SRAM A at addr 0x120 with data 0xa005a640 at time 576500
[DRIVER] SRAM A initialization complete at time 576500
[DRIVER] Initializing SRAM B at addr 0x120 with data 0x12a90325 at time 577500
[DRIVER] SRAM B initialization complete at time 577500
[DRIVER] Initializing SRAM A at addr 0x121 with data 0x86ebb60d at time 578500
[DRIVER] SRAM A initialization complete at time 578500
[DRIVER] Initializing SRAM B at addr 0x121 with data 0xb87c1070 at time 579500
[DRIVER] SRAM B initialization complete at time 579500
[DRIVER] Initializing SRAM A at addr 0x122 with data 0x16cbf92d at time 580500
[DRIVER] SRAM A initialization complete at time 580500
[DRIVER] Initializing SRAM B at addr 0x122 with data 0x94ded829 at time 581500
[DRIVER] SRAM B initialization complete at time 581500
[DRIVER] Initializing SRAM A at addr 0x123 with data 0x5e2551bc at time 582500
[DRIVER] SRAM A initialization complete at time 582500
[DRIVER] Initializing SRAM B at addr 0x123 with data 0x987b0830 at time 583500
[DRIVER] SRAM B initialization complete at time 583500
[DRIVER] Initializing SRAM A at addr 0x124 with data 0x60272dc0 at time 584500
[DRIVER] SRAM A initialization complete at time 584500
[DRIVER] Initializing SRAM B at addr 0x124 with data 0x28766950 at time 585500
[DRIVER] SRAM B initialization complete at time 585500
[DRIVER] Initializing SRAM A at addr 0x125 with data 0xd0cf6aa1 at time 586500
[DRIVER] SRAM A initialization complete at time 586500
[DRIVER] Initializing SRAM B at addr 0x125 with data 0x26bf3f4d at time 587500
[DRIVER] SRAM B initialization complete at time 587500
[DRIVER] Initializing SRAM A at addr 0x126 with data 0xfaf32ef5 at time 588500
[DRIVER] SRAM A initialization complete at time 588500
[DRIVER] Initializing SRAM B at addr 0x126 with data 0x7a87aff5 at time 589500
[DRIVER] SRAM B initialization complete at time 589500
[DRIVER] Initializing SRAM A at addr 0x127 with data 0xaeeacc5d at time 590500
[DRIVER] SRAM A initialization complete at time 590500
[DRIVER] Initializing SRAM B at addr 0x127 with data 0xca481294 at time 591500
[DRIVER] SRAM B initialization complete at time 591500
[DRIVER] Initializing SRAM A at addr 0x128 with data 0xb558a66a at time 592500
[DRIVER] SRAM A initialization complete at time 592500
[DRIVER] Initializing SRAM B at addr 0x128 with data 0x5e6065bc at time 593500
[DRIVER] SRAM B initialization complete at time 593500
[DRIVER] Initializing SRAM A at addr 0x129 with data 0xdc4308b8 at time 594500
[DRIVER] SRAM A initialization complete at time 594500
[DRIVER] Initializing SRAM B at addr 0x129 with data 0xcf309c9e at time 595500
[DRIVER] SRAM B initialization complete at time 595500
[DRIVER] Initializing SRAM A at addr 0x12a with data 0xfd7906fa at time 596500
[DRIVER] SRAM A initialization complete at time 596500
[DRIVER] Initializing SRAM B at addr 0x12a with data 0x23400b46 at time 597500
[DRIVER] SRAM B initialization complete at time 597500
[DRIVER] Initializing SRAM A at addr 0x12b with data 0x83fa6407 at time 598500
[DRIVER] SRAM A initialization complete at time 598500
[DRIVER] Initializing SRAM B at addr 0x12b with data 0xc9cbbc93 at time 599500
[DRIVER] SRAM B initialization complete at time 599500
[DRIVER] Initializing SRAM A at addr 0x12c with data 0xaada7455 at time 600500
[DRIVER] SRAM A initialization complete at time 600500
[DRIVER] Initializing SRAM B at addr 0x12c with data 0x5bd3dbb7 at time 601500
[DRIVER] SRAM B initialization complete at time 601500
[DRIVER] Initializing SRAM A at addr 0x12d with data 0x22d5f145 at time 602500
[DRIVER] SRAM A initialization complete at time 602500
[DRIVER] Initializing SRAM B at addr 0x12d with data 0xb1800a63 at time 603500
[DRIVER] SRAM B initialization complete at time 603500
[DRIVER] Initializing SRAM A at addr 0x12e with data 0xac93e059 at time 604500
[DRIVER] SRAM A initialization complete at time 604500
[DRIVER] Initializing SRAM B at addr 0x12e with data 0x9372ce26 at time 605500
[DRIVER] SRAM B initialization complete at time 605500
[DRIVER] Initializing SRAM A at addr 0x12f with data 0xb4497668 at time 606500
[DRIVER] SRAM A initialization complete at time 606500
[DRIVER] Initializing SRAM B at addr 0x12f with data 0x8f63e41e at time 607500
[DRIVER] SRAM B initialization complete at time 607500
[DRIVER] Initializing SRAM A at addr 0x130 with data 0xc838f490 at time 608500
[DRIVER] SRAM A initialization complete at time 608500
[DRIVER] Initializing SRAM B at addr 0x130 with data 0x2d19a55a at time 609500
[DRIVER] SRAM B initialization complete at time 609500
[DRIVER] Initializing SRAM A at addr 0x131 with data 0xe43851c at time 610500
[DRIVER] SRAM A initialization complete at time 610500
[DRIVER] Initializing SRAM B at addr 0x131 with data 0x5c9967b9 at time 611500
[DRIVER] SRAM B initialization complete at time 611500
[DRIVER] Initializing SRAM A at addr 0x132 with data 0x55861fab at time 612500
[DRIVER] SRAM A initialization complete at time 612500
[DRIVER] Initializing SRAM B at addr 0x132 with data 0x6826d9d0 at time 613500
[DRIVER] SRAM B initialization complete at time 613500
[DRIVER] Initializing SRAM A at addr 0x133 with data 0x37b9656f at time 614500
[DRIVER] SRAM A initialization complete at time 614500
[DRIVER] Initializing SRAM B at addr 0x133 with data 0x6c6a6dd8 at time 615500
[DRIVER] SRAM B initialization complete at time 615500
[DRIVER] Initializing SRAM A at addr 0x134 with data 0xa2cc8845 at time 616500
[DRIVER] SRAM A initialization complete at time 616500
[DRIVER] Initializing SRAM B at addr 0x134 with data 0x46d6a78d at time 617500
[DRIVER] SRAM B initialization complete at time 617500
[DRIVER] Initializing SRAM A at addr 0x135 with data 0x45f3238b at time 618500
[DRIVER] SRAM A initialization complete at time 618500
[DRIVER] Initializing SRAM B at addr 0x135 with data 0x7e2491fc at time 619500
[DRIVER] SRAM B initialization complete at time 619500
[DRIVER] Initializing SRAM A at addr 0x136 with data 0x6e1e1fdc at time 620500
[DRIVER] SRAM A initialization complete at time 620500
[DRIVER] Initializing SRAM B at addr 0x136 with data 0xd27f0aa4 at time 621500
[DRIVER] SRAM B initialization complete at time 621500
[DRIVER] Initializing SRAM A at addr 0x137 with data 0xc978d19 at time 622500
[DRIVER] SRAM A initialization complete at time 622500
[DRIVER] Initializing SRAM B at addr 0x137 with data 0x52b533a5 at time 623500
[DRIVER] SRAM B initialization complete at time 623500
[DRIVER] Initializing SRAM A at addr 0x138 with data 0x9f398e3e at time 624500
[DRIVER] SRAM A initialization complete at time 624500
[DRIVER] Initializing SRAM B at addr 0x138 with data 0xf98bc0f3 at time 625500
[DRIVER] SRAM B initialization complete at time 625500
[DRIVER] Initializing SRAM A at addr 0x139 with data 0xac782c58 at time 626500
[DRIVER] SRAM A initialization complete at time 626500
[DRIVER] Initializing SRAM B at addr 0x139 with data 0x62056bc4 at time 627500
[DRIVER] SRAM B initialization complete at time 627500
[DRIVER] Initializing SRAM A at addr 0x13a with data 0x2e36435c at time 628500
[DRIVER] SRAM A initialization complete at time 628500
[DRIVER] Initializing SRAM B at addr 0x13a with data 0x33a4506 at time 629500
[DRIVER] SRAM B initialization complete at time 629500
[DRIVER] Initializing SRAM A at addr 0x13b with data 0xcd1d509a at time 630500
[DRIVER] SRAM A initialization complete at time 630500
[DRIVER] Initializing SRAM B at addr 0x13b with data 0xc161918 at time 631500
[DRIVER] SRAM B initialization complete at time 631500
[DRIVER] Initializing SRAM A at addr 0x13c with data 0xe2f066c5 at time 632500
[DRIVER] SRAM A initialization complete at time 632500
[DRIVER] Initializing SRAM B at addr 0x13c with data 0x5515d1aa at time 633500
[DRIVER] SRAM B initialization complete at time 633500
[DRIVER] Initializing SRAM A at addr 0x13d with data 0xd12031a at time 634500
[DRIVER] SRAM A initialization complete at time 634500
[DRIVER] Initializing SRAM B at addr 0x13d with data 0x61dbd5c3 at time 635500
[DRIVER] SRAM B initialization complete at time 635500
[DRIVER] Initializing SRAM A at addr 0x13e with data 0x5934e9b2 at time 636500
[DRIVER] SRAM A initialization complete at time 636500
[DRIVER] Initializing SRAM B at addr 0x13e with data 0x633630c at time 637500
[DRIVER] SRAM B initialization complete at time 637500
[DRIVER] Initializing SRAM A at addr 0x13f with data 0xf4f00ee9 at time 638500
[DRIVER] SRAM A initialization complete at time 638500
[DRIVER] Initializing SRAM B at addr 0x13f with data 0x61dafdc3 at time 639500
[DRIVER] SRAM B initialization complete at time 639500
[DRIVER] Initializing SRAM A at addr 0x140 with data 0x75ad73eb at time 640500
[DRIVER] SRAM A initialization complete at time 640500
[DRIVER] Initializing SRAM B at addr 0x140 with data 0x7c2db9f8 at time 641500
[DRIVER] SRAM B initialization complete at time 641500
[DRIVER] Initializing SRAM A at addr 0x141 with data 0x792c03f2 at time 642500
[DRIVER] SRAM A initialization complete at time 642500
[DRIVER] Initializing SRAM B at addr 0x141 with data 0x4483ad89 at time 643500
[DRIVER] SRAM B initialization complete at time 643500
[DRIVER] Initializing SRAM A at addr 0x142 with data 0x378c736f at time 644500
[DRIVER] SRAM A initialization complete at time 644500
[DRIVER] Initializing SRAM B at addr 0x142 with data 0xde14b1b at time 645500
[DRIVER] SRAM B initialization complete at time 645500
[DRIVER] Initializing SRAM A at addr 0x143 with data 0xd6a128ad at time 646500
[DRIVER] SRAM A initialization complete at time 646500
[DRIVER] Initializing SRAM B at addr 0x143 with data 0x344dc168 at time 647500
[DRIVER] SRAM B initialization complete at time 647500
[DRIVER] Initializing SRAM A at addr 0x144 with data 0x92f91225 at time 648500
[DRIVER] SRAM A initialization complete at time 648500
[DRIVER] Initializing SRAM B at addr 0x144 with data 0x67e857cf at time 649500
[DRIVER] SRAM B initialization complete at time 649500
[DRIVER] Initializing SRAM A at addr 0x145 with data 0x55dd8dab at time 650500
[DRIVER] SRAM A initialization complete at time 650500
[DRIVER] Initializing SRAM B at addr 0x145 with data 0x8d94d21b at time 651500
[DRIVER] SRAM B initialization complete at time 651500
[DRIVER] Initializing SRAM A at addr 0x146 with data 0xc03b3e80 at time 652500
[DRIVER] SRAM A initialization complete at time 652500
[DRIVER] Initializing SRAM B at addr 0x146 with data 0x2ed6d95d at time 653500
[DRIVER] SRAM B initialization complete at time 653500
[DRIVER] Initializing SRAM A at addr 0x147 with data 0x412dfd82 at time 654500
[DRIVER] SRAM A initialization complete at time 654500
[DRIVER] Initializing SRAM B at addr 0x147 with data 0x82344204 at time 655500
[DRIVER] SRAM B initialization complete at time 655500
[DRIVER] Initializing SRAM A at addr 0x148 with data 0x2ba7a557 at time 656500
[DRIVER] SRAM A initialization complete at time 656500
[DRIVER] Initializing SRAM B at addr 0x148 with data 0x1b368b36 at time 657500
[DRIVER] SRAM B initialization complete at time 657500
[DRIVER] Initializing SRAM A at addr 0x149 with data 0x196a0332 at time 658500
[DRIVER] SRAM A initialization complete at time 658500
[DRIVER] Initializing SRAM B at addr 0x149 with data 0xbce32879 at time 659500
[DRIVER] SRAM B initialization complete at time 659500
[DRIVER] Initializing SRAM A at addr 0x14a with data 0xf24baee4 at time 660500
[DRIVER] SRAM A initialization complete at time 660500
[DRIVER] Initializing SRAM B at addr 0x14a with data 0x8b42ec16 at time 661500
[DRIVER] SRAM B initialization complete at time 661500
[DRIVER] Initializing SRAM A at addr 0x14b with data 0xd57fecaa at time 662500
[DRIVER] SRAM A initialization complete at time 662500
[DRIVER] Initializing SRAM B at addr 0x14b with data 0x605065c0 at time 663500
[DRIVER] SRAM B initialization complete at time 663500
[DRIVER] Initializing SRAM A at addr 0x14c with data 0x9759882e at time 664500
[DRIVER] SRAM A initialization complete at time 664500
[DRIVER] Initializing SRAM B at addr 0x14c with data 0x4665378c at time 665500
[DRIVER] SRAM B initialization complete at time 665500
[DRIVER] Initializing SRAM A at addr 0x14d with data 0xb8c0c271 at time 666500
[DRIVER] SRAM A initialization complete at time 666500
[DRIVER] Initializing SRAM B at addr 0x14d with data 0x7dfe8ffb at time 667500
[DRIVER] SRAM B initialization complete at time 667500
[DRIVER] Initializing SRAM A at addr 0x14e with data 0x5e5421bc at time 668500
[DRIVER] SRAM A initialization complete at time 668500
[DRIVER] Initializing SRAM B at addr 0x14e with data 0xee7068dc at time 669500
[DRIVER] SRAM B initialization complete at time 669500
[DRIVER] Initializing SRAM A at addr 0x14f with data 0xbec5717 at time 670500
[DRIVER] SRAM A initialization complete at time 670500
[DRIVER] Initializing SRAM B at addr 0x14f with data 0xe0e004c1 at time 671500
[DRIVER] SRAM B initialization complete at time 671500
[DRIVER] Initializing SRAM A at addr 0x150 with data 0x75fb21eb at time 672500
[DRIVER] SRAM A initialization complete at time 672500
[DRIVER] Initializing SRAM B at addr 0x150 with data 0x5a9d3bb5 at time 673500
[DRIVER] SRAM B initialization complete at time 673500
[DRIVER] Initializing SRAM A at addr 0x151 with data 0xc4fd2e89 at time 674500
[DRIVER] SRAM A initialization complete at time 674500
[DRIVER] Initializing SRAM B at addr 0x151 with data 0xc7b2e28f at time 675500
[DRIVER] SRAM B initialization complete at time 675500
[DRIVER] Initializing SRAM A at addr 0x152 with data 0xdff6f6bf at time 676500
[DRIVER] SRAM A initialization complete at time 676500
[DRIVER] Initializing SRAM B at addr 0x152 with data 0xd8462ab0 at time 677500
[DRIVER] SRAM B initialization complete at time 677500
[DRIVER] Initializing SRAM A at addr 0x153 with data 0xe9b49ad3 at time 678500
[DRIVER] SRAM A initialization complete at time 678500
[DRIVER] Initializing SRAM B at addr 0x153 with data 0xeb1d02d6 at time 679500
[DRIVER] SRAM B initialization complete at time 679500
[DRIVER] Initializing SRAM A at addr 0x154 with data 0xc144cc82 at time 680500
[DRIVER] SRAM A initialization complete at time 680500
[DRIVER] Initializing SRAM B at addr 0x154 with data 0xd63751a at time 681500
[DRIVER] SRAM B initialization complete at time 681500
[DRIVER] Initializing SRAM A at addr 0x155 with data 0x38e6a771 at time 682500
[DRIVER] SRAM A initialization complete at time 682500
[DRIVER] Initializing SRAM B at addr 0x155 with data 0xeb8804d7 at time 683500
[DRIVER] SRAM B initialization complete at time 683500
[DRIVER] Initializing SRAM A at addr 0x156 with data 0x87628e0e at time 684500
[DRIVER] SRAM A initialization complete at time 684500
[DRIVER] Initializing SRAM B at addr 0x156 with data 0xf8c714f1 at time 685500
[DRIVER] SRAM B initialization complete at time 685500
[DRIVER] Initializing SRAM A at addr 0x157 with data 0x66861dcd at time 686500
[DRIVER] SRAM A initialization complete at time 686500
[DRIVER] Initializing SRAM B at addr 0x157 with data 0x2bd4305 at time 687500
[DRIVER] SRAM B initialization complete at time 687500
[DRIVER] Initializing SRAM A at addr 0x158 with data 0xe3aeb1c at time 688500
[DRIVER] SRAM A initialization complete at time 688500
[DRIVER] Initializing SRAM B at addr 0x158 with data 0x4c18c798 at time 689500
[DRIVER] SRAM B initialization complete at time 689500
[DRIVER] Initializing SRAM A at addr 0x159 with data 0xf67088ec at time 690500
[DRIVER] SRAM A initialization complete at time 690500
[DRIVER] Initializing SRAM B at addr 0x159 with data 0x9541d62a at time 691500
[DRIVER] SRAM B initialization complete at time 691500
[DRIVER] Initializing SRAM A at addr 0x15a with data 0xb2d14a65 at time 692500
[DRIVER] SRAM A initialization complete at time 692500
[DRIVER] Initializing SRAM B at addr 0x15a with data 0x1b920537 at time 693500
[DRIVER] SRAM B initialization complete at time 693500
[DRIVER] Initializing SRAM A at addr 0x15b with data 0x81fa3603 at time 694500
[DRIVER] SRAM A initialization complete at time 694500
[DRIVER] Initializing SRAM B at addr 0x15b with data 0xff729efe at time 695500
[DRIVER] SRAM B initialization complete at time 695500
[DRIVER] Initializing SRAM A at addr 0x15c with data 0xfeaddcfd at time 696500
[DRIVER] SRAM A initialization complete at time 696500
[DRIVER] Initializing SRAM B at addr 0x15c with data 0x9f7a0e3e at time 697500
[DRIVER] SRAM B initialization complete at time 697500
[DRIVER] Initializing SRAM A at addr 0x15d with data 0xf43a34e8 at time 698500
[DRIVER] SRAM A initialization complete at time 698500
[DRIVER] Initializing SRAM B at addr 0x15d with data 0xba603874 at time 699500
[DRIVER] SRAM B initialization complete at time 699500
[DRIVER] Initializing SRAM A at addr 0x15e with data 0x580989b0 at time 700500
[DRIVER] SRAM A initialization complete at time 700500
[DRIVER] Initializing SRAM B at addr 0x15e with data 0x8361dc06 at time 701500
[DRIVER] SRAM B initialization complete at time 701500
[DRIVER] Initializing SRAM A at addr 0x15f with data 0x9164d12 at time 702500
[DRIVER] SRAM A initialization complete at time 702500
[DRIVER] Initializing SRAM B at addr 0x15f with data 0xb46afc68 at time 703500
[DRIVER] SRAM B initialization complete at time 703500
[DRIVER] Initializing SRAM A at addr 0x160 with data 0xe2ba00c5 at time 704500
[DRIVER] SRAM A initialization complete at time 704500
[DRIVER] Initializing SRAM B at addr 0x160 with data 0xff202efe at time 705500
[DRIVER] SRAM B initialization complete at time 705500
[DRIVER] Initializing SRAM A at addr 0x161 with data 0x1b0f0d36 at time 706500
[DRIVER] SRAM A initialization complete at time 706500
[DRIVER] Initializing SRAM B at addr 0x161 with data 0x799f09f3 at time 707500
[DRIVER] SRAM B initialization complete at time 707500
[DRIVER] Initializing SRAM A at addr 0x162 with data 0x7dddabfb at time 708500
[DRIVER] SRAM A initialization complete at time 708500
[DRIVER] Initializing SRAM B at addr 0x162 with data 0xb58d7c6b at time 709500
[DRIVER] SRAM B initialization complete at time 709500
[DRIVER] Initializing SRAM A at addr 0x163 with data 0xbcbbf17 at time 710500
[DRIVER] SRAM A initialization complete at time 710500
[DRIVER] Initializing SRAM B at addr 0x163 with data 0x87d0360f at time 711500
[DRIVER] SRAM B initialization complete at time 711500
[DRIVER] Initializing SRAM A at addr 0x164 with data 0x8a47b614 at time 712500
[DRIVER] SRAM A initialization complete at time 712500
[DRIVER] Initializing SRAM B at addr 0x164 with data 0x1500052a at time 713500
[DRIVER] SRAM B initialization complete at time 713500
[DRIVER] Initializing SRAM A at addr 0x165 with data 0xd3666ea6 at time 714500
[DRIVER] SRAM A initialization complete at time 714500
[DRIVER] Initializing SRAM B at addr 0x165 with data 0xea7626d4 at time 715500
[DRIVER] SRAM B initialization complete at time 715500
[DRIVER] Initializing SRAM A at addr 0x166 with data 0xe5ac10cb at time 716500
[DRIVER] SRAM A initialization complete at time 716500
[DRIVER] Initializing SRAM B at addr 0x166 with data 0xb587c26b at time 717500
[DRIVER] SRAM B initialization complete at time 717500
[DRIVER] Initializing SRAM A at addr 0x167 with data 0x277eb04 at time 718500
[DRIVER] SRAM A initialization complete at time 718500
[DRIVER] Initializing SRAM B at addr 0x167 with data 0xfa4832f4 at time 719500
[DRIVER] SRAM B initialization complete at time 719500
[DRIVER] Initializing SRAM A at addr 0x168 with data 0x468b618d at time 720500
[DRIVER] SRAM A initialization complete at time 720500
[DRIVER] Initializing SRAM B at addr 0x168 with data 0xf0ea70e1 at time 721500
[DRIVER] SRAM B initialization complete at time 721500
[DRIVER] Initializing SRAM A at addr 0x169 with data 0x42e3bd85 at time 722500
[DRIVER] SRAM A initialization complete at time 722500
[DRIVER] Initializing SRAM B at addr 0x169 with data 0xdc9974b9 at time 723500
[DRIVER] SRAM B initialization complete at time 723500
[DRIVER] Initializing SRAM A at addr 0x16a with data 0xe4df16c9 at time 724500
[DRIVER] SRAM A initialization complete at time 724500
[DRIVER] Initializing SRAM B at addr 0x16a with data 0xb05f8e60 at time 725500
[DRIVER] SRAM B initialization complete at time 725500
[DRIVER] Initializing SRAM A at addr 0x16b with data 0xa3643246 at time 726500
[DRIVER] SRAM A initialization complete at time 726500
[DRIVER] Initializing SRAM B at addr 0x16b with data 0x1e74cb3c at time 727500
[DRIVER] SRAM B initialization complete at time 727500
[DRIVER] Initializing SRAM A at addr 0x16c with data 0x1b855f37 at time 728500
[DRIVER] SRAM A initialization complete at time 728500
[DRIVER] Initializing SRAM B at addr 0x16c with data 0x2c0c5558 at time 729500
[DRIVER] SRAM B initialization complete at time 729500
[DRIVER] Initializing SRAM A at addr 0x16d with data 0x39d65773 at time 730500
[DRIVER] SRAM A initialization complete at time 730500
[DRIVER] Initializing SRAM B at addr 0x16d with data 0x8778d20e at time 731500
[DRIVER] SRAM B initialization complete at time 731500
[DRIVER] Initializing SRAM A at addr 0x16e with data 0x6e6d23dc at time 732500
[DRIVER] SRAM A initialization complete at time 732500
[DRIVER] Initializing SRAM B at addr 0x16e with data 0x183fc330 at time 733500
[DRIVER] SRAM B initialization complete at time 733500
[DRIVER] Initializing SRAM A at addr 0x16f with data 0x6845f5d0 at time 734500
[DRIVER] SRAM A initialization complete at time 734500
[DRIVER] Initializing SRAM B at addr 0x16f with data 0x73e500 at time 735500
[DRIVER] SRAM B initialization complete at time 735500
[DRIVER] Initializing SRAM A at addr 0x170 with data 0x21820f43 at time 736500
[DRIVER] SRAM A initialization complete at time 736500
[DRIVER] Initializing SRAM B at addr 0x170 with data 0x7c6e91f8 at time 737500
[DRIVER] SRAM B initialization complete at time 737500
[DRIVER] Initializing SRAM A at addr 0x171 with data 0xd0b99aa1 at time 738500
[DRIVER] SRAM A initialization complete at time 738500
[DRIVER] Initializing SRAM B at addr 0x171 with data 0x29c01f53 at time 739500
[DRIVER] SRAM B initialization complete at time 739500
[DRIVER] Initializing SRAM A at addr 0x172 with data 0x4c588f98 at time 740500
[DRIVER] SRAM A initialization complete at time 740500
[DRIVER] Initializing SRAM B at addr 0x172 with data 0x2fef3d5f at time 741500
[DRIVER] SRAM B initialization complete at time 741500
[DRIVER] Initializing SRAM A at addr 0x173 with data 0xc3be9287 at time 742500
[DRIVER] SRAM A initialization complete at time 742500
[DRIVER] Initializing SRAM B at addr 0x173 with data 0xfd5f5afa at time 743500
[DRIVER] SRAM B initialization complete at time 743500
[DRIVER] Initializing SRAM A at addr 0x174 with data 0x1699d12d at time 744500
[DRIVER] SRAM A initialization complete at time 744500
[DRIVER] Initializing SRAM B at addr 0x174 with data 0xb8760270 at time 745500
[DRIVER] SRAM B initialization complete at time 745500
[DRIVER] Initializing SRAM A at addr 0x175 with data 0xb5b4e86b at time 746500
[DRIVER] SRAM A initialization complete at time 746500
[DRIVER] Initializing SRAM B at addr 0x175 with data 0x98d73831 at time 747500
[DRIVER] SRAM B initialization complete at time 747500
[DRIVER] Initializing SRAM A at addr 0x176 with data 0x892fc012 at time 748500
[DRIVER] SRAM A initialization complete at time 748500
[DRIVER] Initializing SRAM B at addr 0x176 with data 0x650df0c at time 749500
[DRIVER] SRAM B initialization complete at time 749500
[DRIVER] Initializing SRAM A at addr 0x177 with data 0x6db6b0d at time 750500
[DRIVER] SRAM A initialization complete at time 750500
[DRIVER] Initializing SRAM B at addr 0x177 with data 0xacd1315 at time 751500
[DRIVER] SRAM B initialization complete at time 751500
[DRIVER] Initializing SRAM A at addr 0x178 with data 0x20310740 at time 752500
[DRIVER] SRAM A initialization complete at time 752500
[DRIVER] Initializing SRAM B at addr 0x178 with data 0x4a638d94 at time 753500
[DRIVER] SRAM B initialization complete at time 753500
[DRIVER] Initializing SRAM A at addr 0x179 with data 0x2a1ba354 at time 754500
[DRIVER] SRAM A initialization complete at time 754500
[DRIVER] Initializing SRAM B at addr 0x179 with data 0xc0620280 at time 755500
[DRIVER] SRAM B initialization complete at time 755500
[DRIVER] Initializing SRAM A at addr 0x17a with data 0x98d1513 at time 756500
[DRIVER] SRAM A initialization complete at time 756500
[DRIVER] Initializing SRAM B at addr 0x17a with data 0xe1e386c3 at time 757500
[DRIVER] SRAM B initialization complete at time 757500
[DRIVER] Initializing SRAM A at addr 0x17b with data 0xf695deed at time 758500
[DRIVER] SRAM A initialization complete at time 758500
[DRIVER] Initializing SRAM B at addr 0x17b with data 0xee4ee6dc at time 759500
[DRIVER] SRAM B initialization complete at time 759500
[DRIVER] Initializing SRAM A at addr 0x17c with data 0xbc781078 at time 760500
[DRIVER] SRAM A initialization complete at time 760500
[DRIVER] Initializing SRAM B at addr 0x17c with data 0x13d40d27 at time 761500
[DRIVER] SRAM B initialization complete at time 761500
[DRIVER] Initializing SRAM A at addr 0x17d with data 0xafed265f at time 762500
[DRIVER] SRAM A initialization complete at time 762500
[DRIVER] Initializing SRAM B at addr 0x17d with data 0x11c05b23 at time 763500
[DRIVER] SRAM B initialization complete at time 763500
[DRIVER] Initializing SRAM A at addr 0x17e with data 0x5596ebab at time 764500
[DRIVER] SRAM A initialization complete at time 764500
[DRIVER] Initializing SRAM B at addr 0x17e with data 0x1c421738 at time 765500
[DRIVER] SRAM B initialization complete at time 765500
[DRIVER] Initializing SRAM A at addr 0x17f with data 0x11534d22 at time 766500
[DRIVER] SRAM A initialization complete at time 766500
[DRIVER] Initializing SRAM B at addr 0x17f with data 0x64f2bdc9 at time 767500
[DRIVER] SRAM B initialization complete at time 767500
[DRIVER] Initializing SRAM A at addr 0x180 with data 0xe3eb4cc7 at time 768500
[DRIVER] SRAM A initialization complete at time 768500
[DRIVER] Initializing SRAM B at addr 0x180 with data 0xc1406282 at time 769500
[DRIVER] SRAM B initialization complete at time 769500
[DRIVER] Initializing SRAM A at addr 0x181 with data 0x6754d7ce at time 770500
[DRIVER] SRAM A initialization complete at time 770500
[DRIVER] Initializing SRAM B at addr 0x181 with data 0xe38e22c7 at time 771500
[DRIVER] SRAM B initialization complete at time 771500
[DRIVER] Initializing SRAM A at addr 0x182 with data 0x927fa424 at time 772500
[DRIVER] SRAM A initialization complete at time 772500
[DRIVER] Initializing SRAM B at addr 0x182 with data 0x6da36fdb at time 773500
[DRIVER] SRAM B initialization complete at time 773500
[DRIVER] Initializing SRAM A at addr 0x183 with data 0x84651408 at time 774500
[DRIVER] SRAM A initialization complete at time 774500
[DRIVER] Initializing SRAM B at addr 0x183 with data 0x3ac26f75 at time 775500
[DRIVER] SRAM B initialization complete at time 775500
[DRIVER] Initializing SRAM A at addr 0x184 with data 0x5ad31db5 at time 776500
[DRIVER] SRAM A initialization complete at time 776500
[DRIVER] Initializing SRAM B at addr 0x184 with data 0x8d7d721a at time 777500
[DRIVER] SRAM B initialization complete at time 777500
[DRIVER] Initializing SRAM A at addr 0x185 with data 0x1c2a1338 at time 778500
[DRIVER] SRAM A initialization complete at time 778500
[DRIVER] Initializing SRAM B at addr 0x185 with data 0xc1233a82 at time 779500
[DRIVER] SRAM B initialization complete at time 779500
[DRIVER] Initializing SRAM A at addr 0x186 with data 0xac05a058 at time 780500
[DRIVER] SRAM A initialization complete at time 780500
[DRIVER] Initializing SRAM B at addr 0x186 with data 0xa85a6a50 at time 781500
[DRIVER] SRAM B initialization complete at time 781500
[DRIVER] Initializing SRAM A at addr 0x187 with data 0xd1889aa3 at time 782500
[DRIVER] SRAM A initialization complete at time 782500
[DRIVER] Initializing SRAM B at addr 0x187 with data 0x5243e3a4 at time 783500
[DRIVER] SRAM B initialization complete at time 783500
[DRIVER] Initializing SRAM A at addr 0x188 with data 0x32c3df65 at time 784500
[DRIVER] SRAM A initialization complete at time 784500
[DRIVER] Initializing SRAM B at addr 0x188 with data 0x753c17ea at time 785500
[DRIVER] SRAM B initialization complete at time 785500
[DRIVER] Initializing SRAM A at addr 0x189 with data 0x3703906 at time 786500
[DRIVER] SRAM A initialization complete at time 786500
[DRIVER] Initializing SRAM B at addr 0x189 with data 0xaa138054 at time 787500
[DRIVER] SRAM B initialization complete at time 787500
[DRIVER] Initializing SRAM A at addr 0x18a with data 0xadf3405b at time 788500
[DRIVER] SRAM A initialization complete at time 788500
[DRIVER] Initializing SRAM B at addr 0x18a with data 0xe455f0c8 at time 789500
[DRIVER] SRAM B initialization complete at time 789500
[DRIVER] Initializing SRAM A at addr 0x18b with data 0x24673948 at time 790500
[DRIVER] SRAM A initialization complete at time 790500
[DRIVER] Initializing SRAM B at addr 0x18b with data 0x9bf8f237 at time 791500
[DRIVER] SRAM B initialization complete at time 791500
[DRIVER] Initializing SRAM A at addr 0x18c with data 0x7c1df3f8 at time 792500
[DRIVER] SRAM A initialization complete at time 792500
[DRIVER] Initializing SRAM B at addr 0x18c with data 0xda8932b5 at time 793500
[DRIVER] SRAM B initialization complete at time 793500
[DRIVER] Initializing SRAM A at addr 0x18d with data 0x28d6a951 at time 794500
[DRIVER] SRAM A initialization complete at time 794500
[DRIVER] Initializing SRAM B at addr 0x18d with data 0x41aed583 at time 795500
[DRIVER] SRAM B initialization complete at time 795500
[DRIVER] Initializing SRAM A at addr 0x18e with data 0x4d9ee39b at time 796500
[DRIVER] SRAM A initialization complete at time 796500
[DRIVER] Initializing SRAM B at addr 0x18e with data 0x1aa0dd35 at time 797500
[DRIVER] SRAM B initialization complete at time 797500
[DRIVER] Initializing SRAM A at addr 0x18f with data 0x581653b0 at time 798500
[DRIVER] SRAM A initialization complete at time 798500
[DRIVER] Initializing SRAM B at addr 0x18f with data 0xfddf82fb at time 799500
[DRIVER] SRAM B initialization complete at time 799500
[DRIVER] Initializing SRAM A at addr 0x190 with data 0x278dbb4f at time 800500
[DRIVER] SRAM A initialization complete at time 800500
[DRIVER] Initializing SRAM B at addr 0x190 with data 0x984da630 at time 801500
[DRIVER] SRAM B initialization complete at time 801500
[DRIVER] Initializing SRAM A at addr 0x191 with data 0x8c38c418 at time 802500
[DRIVER] SRAM A initialization complete at time 802500
[DRIVER] Initializing SRAM B at addr 0x191 with data 0xee8118dd at time 803500
[DRIVER] SRAM B initialization complete at time 803500
[DRIVER] Initializing SRAM A at addr 0x192 with data 0xa36ae846 at time 804500
[DRIVER] SRAM A initialization complete at time 804500
[DRIVER] Initializing SRAM B at addr 0x192 with data 0x30e20f61 at time 805500
[DRIVER] SRAM B initialization complete at time 805500
[DRIVER] Initializing SRAM A at addr 0x193 with data 0xac974859 at time 806500
[DRIVER] SRAM A initialization complete at time 806500
[DRIVER] Initializing SRAM B at addr 0x193 with data 0x2af17355 at time 807500
[DRIVER] SRAM B initialization complete at time 807500
[DRIVER] Initializing SRAM A at addr 0x194 with data 0x178b972f at time 808500
[DRIVER] SRAM A initialization complete at time 808500
[DRIVER] Initializing SRAM B at addr 0x194 with data 0x85ce500b at time 809500
[DRIVER] SRAM B initialization complete at time 809500
[DRIVER] Initializing SRAM A at addr 0x195 with data 0xef1deade at time 810500
[DRIVER] SRAM A initialization complete at time 810500
[DRIVER] Initializing SRAM B at addr 0x195 with data 0xe9d22cd3 at time 811500
[DRIVER] SRAM B initialization complete at time 811500
[DRIVER] Initializing SRAM A at addr 0x196 with data 0x1445b128 at time 812500
[DRIVER] SRAM A initialization complete at time 812500
[DRIVER] Initializing SRAM B at addr 0x196 with data 0x74dc69e9 at time 813500
[DRIVER] SRAM B initialization complete at time 813500
[DRIVER] Initializing SRAM A at addr 0x197 with data 0x2c577958 at time 814500
[DRIVER] SRAM A initialization complete at time 814500
[DRIVER] Initializing SRAM B at addr 0x197 with data 0x6aa4a1d5 at time 815500
[DRIVER] SRAM B initialization complete at time 815500
[DRIVER] Initializing SRAM A at addr 0x198 with data 0x61dbe5c3 at time 816500
[DRIVER] SRAM A initialization complete at time 816500
[DRIVER] Initializing SRAM B at addr 0x198 with data 0x6a2c13d4 at time 817500
[DRIVER] SRAM B initialization complete at time 817500
[DRIVER] Initializing SRAM A at addr 0x199 with data 0x52397da4 at time 818500
[DRIVER] SRAM A initialization complete at time 818500
[DRIVER] Initializing SRAM B at addr 0x199 with data 0x3f25ef7e at time 819500
[DRIVER] SRAM B initialization complete at time 819500
[DRIVER] Initializing SRAM A at addr 0x19a with data 0x6b299dd6 at time 820500
[DRIVER] SRAM A initialization complete at time 820500
[DRIVER] Initializing SRAM B at addr 0x19a with data 0x87eec80f at time 821500
[DRIVER] SRAM B initialization complete at time 821500
[DRIVER] Initializing SRAM A at addr 0x19b with data 0xc1b04483 at time 822500
[DRIVER] SRAM A initialization complete at time 822500
[DRIVER] Initializing SRAM B at addr 0x19b with data 0x506aefa0 at time 823500
[DRIVER] SRAM B initialization complete at time 823500
[DRIVER] Initializing SRAM A at addr 0x19c with data 0xc10f0482 at time 824500
[DRIVER] SRAM A initialization complete at time 824500
[DRIVER] Initializing SRAM B at addr 0x19c with data 0x5fe3cbbf at time 825500
[DRIVER] SRAM B initialization complete at time 825500
[DRIVER] Initializing SRAM A at addr 0x19d with data 0x22eadb45 at time 826500
[DRIVER] SRAM A initialization complete at time 826500
[DRIVER] Initializing SRAM B at addr 0x19d with data 0xbbbc3e77 at time 827500
[DRIVER] SRAM B initialization complete at time 827500
[DRIVER] Initializing SRAM A at addr 0x19e with data 0x229d0b45 at time 828500
[DRIVER] SRAM A initialization complete at time 828500
[DRIVER] Initializing SRAM B at addr 0x19e with data 0xba941075 at time 829500
[DRIVER] SRAM B initialization complete at time 829500
[DRIVER] Initializing SRAM A at addr 0x19f with data 0xfc670af8 at time 830500
[DRIVER] SRAM A initialization complete at time 830500
[DRIVER] Initializing SRAM B at addr 0x19f with data 0x63323bc6 at time 831500
[DRIVER] SRAM B initialization complete at time 831500
[DRIVER] Initializing SRAM A at addr 0x1a0 with data 0x3601596c at time 832500
[DRIVER] SRAM A initialization complete at time 832500
[DRIVER] Initializing SRAM B at addr 0x1a0 with data 0xa84e5850 at time 833500
[DRIVER] SRAM B initialization complete at time 833500
[DRIVER] Initializing SRAM A at addr 0x1a1 with data 0x18bd6331 at time 834500
[DRIVER] SRAM A initialization complete at time 834500
[DRIVER] Initializing SRAM B at addr 0x1a1 with data 0xce10fe9c at time 835500
[DRIVER] SRAM B initialization complete at time 835500
[DRIVER] Initializing SRAM A at addr 0x1a2 with data 0xde325cbc at time 836500
[DRIVER] SRAM A initialization complete at time 836500
[DRIVER] Initializing SRAM B at addr 0x1a2 with data 0xd7e31eaf at time 837500
[DRIVER] SRAM B initialization complete at time 837500
[DRIVER] Initializing SRAM A at addr 0x1a3 with data 0x872d2c0e at time 838500
[DRIVER] SRAM A initialization complete at time 838500
[DRIVER] Initializing SRAM B at addr 0x1a3 with data 0xb4e46669 at time 839500
[DRIVER] SRAM B initialization complete at time 839500
[DRIVER] Initializing SRAM A at addr 0x1a4 with data 0xd95b40b2 at time 840500
[DRIVER] SRAM A initialization complete at time 840500
[DRIVER] Initializing SRAM B at addr 0x1a4 with data 0xef209ede at time 841500
[DRIVER] SRAM B initialization complete at time 841500
[DRIVER] Initializing SRAM A at addr 0x1a5 with data 0xc2e87485 at time 842500
[DRIVER] SRAM A initialization complete at time 842500
[DRIVER] Initializing SRAM B at addr 0x1a5 with data 0x555c0faa at time 843500
[DRIVER] SRAM B initialization complete at time 843500
[DRIVER] Initializing SRAM A at addr 0x1a6 with data 0x1407f128 at time 844500
[DRIVER] SRAM A initialization complete at time 844500
[DRIVER] Initializing SRAM B at addr 0x1a6 with data 0x610ed5c2 at time 845500
[DRIVER] SRAM B initialization complete at time 845500
[DRIVER] Initializing SRAM A at addr 0x1a7 with data 0x4d20099a at time 846500
[DRIVER] SRAM A initialization complete at time 846500
[DRIVER] Initializing SRAM B at addr 0x1a7 with data 0x69e751d3 at time 847500
[DRIVER] SRAM B initialization complete at time 847500
[DRIVER] Initializing SRAM A at addr 0x1a8 with data 0xdd111aba at time 848500
[DRIVER] SRAM A initialization complete at time 848500
[DRIVER] Initializing SRAM B at addr 0x1a8 with data 0xfdeb7cfb at time 849500
[DRIVER] SRAM B initialization complete at time 849500
[DRIVER] Initializing SRAM A at addr 0x1a9 with data 0xc5cf728b at time 850500
[DRIVER] SRAM A initialization complete at time 850500
[DRIVER] Initializing SRAM B at addr 0x1a9 with data 0x61114dc2 at time 851500
[DRIVER] SRAM B initialization complete at time 851500
[DRIVER] Initializing SRAM A at addr 0x1aa with data 0xe64828cc at time 852500
[DRIVER] SRAM A initialization complete at time 852500
[DRIVER] Initializing SRAM B at addr 0x1aa with data 0x38e61371 at time 853500
[DRIVER] SRAM B initialization complete at time 853500
[DRIVER] Initializing SRAM A at addr 0x1ab with data 0x4f49019e at time 854500
[DRIVER] SRAM A initialization complete at time 854500
[DRIVER] Initializing SRAM B at addr 0x1ab with data 0x309cdb61 at time 855500
[DRIVER] SRAM B initialization complete at time 855500
[DRIVER] Initializing SRAM A at addr 0x1ac with data 0xbde3487b at time 856500
[DRIVER] SRAM A initialization complete at time 856500
[DRIVER] Initializing SRAM B at addr 0x1ac with data 0xdf9bd0bf at time 857500
[DRIVER] SRAM B initialization complete at time 857500
[DRIVER] Initializing SRAM A at addr 0x1ad with data 0xc881bc91 at time 858500
[DRIVER] SRAM A initialization complete at time 858500
[DRIVER] Initializing SRAM B at addr 0x1ad with data 0xe06098c0 at time 859500
[DRIVER] SRAM B initialization complete at time 859500
[DRIVER] Initializing SRAM A at addr 0x1ae with data 0x2ca96359 at time 860500
[DRIVER] SRAM A initialization complete at time 860500
[DRIVER] Initializing SRAM B at addr 0x1ae with data 0xbf53b47e at time 861500
[DRIVER] SRAM B initialization complete at time 861500
[DRIVER] Initializing SRAM A at addr 0x1af with data 0x2a1d7354 at time 862500
[DRIVER] SRAM A initialization complete at time 862500
[DRIVER] Initializing SRAM B at addr 0x1af with data 0xa8e2e251 at time 863500
[DRIVER] SRAM B initialization complete at time 863500
[DRIVER] Initializing SRAM A at addr 0x1b0 with data 0xa4de2849 at time 864500
[DRIVER] SRAM A initialization complete at time 864500
[DRIVER] Initializing SRAM B at addr 0x1b0 with data 0x73fa7de7 at time 865500
[DRIVER] SRAM B initialization complete at time 865500
[DRIVER] Initializing SRAM A at addr 0x1b1 with data 0x123aaf24 at time 866500
[DRIVER] SRAM A initialization complete at time 866500
[DRIVER] Initializing SRAM B at addr 0x1b1 with data 0x41b5d583 at time 867500
[DRIVER] SRAM B initialization complete at time 867500
[DRIVER] Initializing SRAM A at addr 0x1b2 with data 0xadee005b at time 868500
[DRIVER] SRAM A initialization complete at time 868500
[DRIVER] Initializing SRAM B at addr 0x1b2 with data 0x5cdea1b9 at time 869500
[DRIVER] SRAM B initialization complete at time 869500
[DRIVER] Initializing SRAM A at addr 0x1b3 with data 0x4afebf95 at time 870500
[DRIVER] SRAM A initialization complete at time 870500
[DRIVER] Initializing SRAM B at addr 0x1b3 with data 0xbb934a77 at time 871500
[DRIVER] SRAM B initialization complete at time 871500
[DRIVER] Initializing SRAM A at addr 0x1b4 with data 0xf8da1af1 at time 872500
[DRIVER] SRAM A initialization complete at time 872500
[DRIVER] Initializing SRAM B at addr 0x1b4 with data 0x732c5fe6 at time 873500
[DRIVER] SRAM B initialization complete at time 873500
[DRIVER] Initializing SRAM A at addr 0x1b5 with data 0xd7e1aeaf at time 874500
[DRIVER] SRAM A initialization complete at time 874500
[DRIVER] Initializing SRAM B at addr 0x1b5 with data 0x238e104 at time 875500
[DRIVER] SRAM B initialization complete at time 875500
[DRIVER] Initializing SRAM A at addr 0x1b6 with data 0x89646012 at time 876500
[DRIVER] SRAM A initialization complete at time 876500
[DRIVER] Initializing SRAM B at addr 0x1b6 with data 0x7e29b3fc at time 877500
[DRIVER] SRAM B initialization complete at time 877500
[DRIVER] Initializing SRAM A at addr 0x1b7 with data 0xd5ba48ab at time 878500
[DRIVER] SRAM A initialization complete at time 878500
[DRIVER] Initializing SRAM B at addr 0x1b7 with data 0xe203f0c4 at time 879500
[DRIVER] SRAM B initialization complete at time 879500
[DRIVER] Initializing SRAM A at addr 0x1b8 with data 0x1ffb813f at time 880500
[DRIVER] SRAM A initialization complete at time 880500
[DRIVER] Initializing SRAM B at addr 0x1b8 with data 0xe13256c2 at time 881500
[DRIVER] SRAM B initialization complete at time 881500
[DRIVER] Initializing SRAM A at addr 0x1b9 with data 0x398a1973 at time 882500
[DRIVER] SRAM A initialization complete at time 882500
[DRIVER] Initializing SRAM B at addr 0x1b9 with data 0x2d4d9b5a at time 883500
[DRIVER] SRAM B initialization complete at time 883500
[DRIVER] Initializing SRAM A at addr 0x1ba with data 0xd066e4a0 at time 884500
[DRIVER] SRAM A initialization complete at time 884500
[DRIVER] Initializing SRAM B at addr 0x1ba with data 0xff73cafe at time 885500
[DRIVER] SRAM B initialization complete at time 885500
[DRIVER] Initializing SRAM A at addr 0x1bb with data 0x3a096b74 at time 886500
[DRIVER] SRAM A initialization complete at time 886500
[DRIVER] Initializing SRAM B at addr 0x1bb with data 0x5d86b7bb at time 887500
[DRIVER] SRAM B initialization complete at time 887500
[DRIVER] Initializing SRAM A at addr 0x1bc with data 0x7132bbe2 at time 888500
[DRIVER] SRAM A initialization complete at time 888500
[DRIVER] Initializing SRAM B at addr 0x1bc with data 0xf16948e2 at time 889500
[DRIVER] SRAM B initialization complete at time 889500
[DRIVER] Initializing SRAM A at addr 0x1bd with data 0xeff34cdf at time 890500
[DRIVER] SRAM A initialization complete at time 890500
[DRIVER] Initializing SRAM B at addr 0x1bd with data 0xcc13e298 at time 891500
[DRIVER] SRAM B initialization complete at time 891500
[DRIVER] Initializing SRAM A at addr 0x1be with data 0x4fdbed9f at time 892500
[DRIVER] SRAM A initialization complete at time 892500
[DRIVER] Initializing SRAM B at addr 0x1be with data 0x817cb10 at time 893500
[DRIVER] SRAM B initialization complete at time 893500
[DRIVER] Initializing SRAM A at addr 0x1bf with data 0x791189f2 at time 894500
[DRIVER] SRAM A initialization complete at time 894500
[DRIVER] Initializing SRAM B at addr 0x1bf with data 0x5ee97bbd at time 895500
[DRIVER] SRAM B initialization complete at time 895500
[DRIVER] Initializing SRAM A at addr 0x1c0 with data 0x55bc27ab at time 896500
[DRIVER] SRAM A initialization complete at time 896500
[DRIVER] Initializing SRAM B at addr 0x1c0 with data 0x5a0a0fb4 at time 897500
[DRIVER] SRAM B initialization complete at time 897500
[DRIVER] Initializing SRAM A at addr 0x1c1 with data 0xaa08ac54 at time 898500
[DRIVER] SRAM A initialization complete at time 898500
[DRIVER] Initializing SRAM B at addr 0x1c1 with data 0x44e79b89 at time 899500
[DRIVER] SRAM B initialization complete at time 899500
[DRIVER] Initializing SRAM A at addr 0x1c2 with data 0x89b5d413 at time 900500
[DRIVER] SRAM A initialization complete at time 900500
[DRIVER] Initializing SRAM B at addr 0x1c2 with data 0x560c91ac at time 901500
[DRIVER] SRAM B initialization complete at time 901500
[DRIVER] Initializing SRAM A at addr 0x1c3 with data 0x1ae40335 at time 902500
[DRIVER] SRAM A initialization complete at time 902500
[DRIVER] Initializing SRAM B at addr 0x1c3 with data 0x1df61f3b at time 903500
[DRIVER] SRAM B initialization complete at time 903500
[DRIVER] Initializing SRAM A at addr 0x1c4 with data 0x9aa02435 at time 904500
[DRIVER] SRAM A initialization complete at time 904500
[DRIVER] Initializing SRAM B at addr 0x1c4 with data 0x17a98d2f at time 905500
[DRIVER] SRAM B initialization complete at time 905500
[DRIVER] Initializing SRAM A at addr 0x1c5 with data 0x1a619934 at time 906500
[DRIVER] SRAM A initialization complete at time 906500
[DRIVER] Initializing SRAM B at addr 0x1c5 with data 0xaae0a255 at time 907500
[DRIVER] SRAM B initialization complete at time 907500
[DRIVER] Initializing SRAM A at addr 0x1c6 with data 0xde7302bc at time 908500
[DRIVER] SRAM A initialization complete at time 908500
[DRIVER] Initializing SRAM B at addr 0x1c6 with data 0xf964fef2 at time 909500
[DRIVER] SRAM B initialization complete at time 909500
[DRIVER] Initializing SRAM A at addr 0x1c7 with data 0xd3fe36a7 at time 910500
[DRIVER] SRAM A initialization complete at time 910500
[DRIVER] Initializing SRAM B at addr 0x1c7 with data 0xe0f280c1 at time 911500
[DRIVER] SRAM B initialization complete at time 911500
[DRIVER] Initializing SRAM A at addr 0x1c8 with data 0xf23316e4 at time 912500
[DRIVER] SRAM A initialization complete at time 912500
[DRIVER] Initializing SRAM B at addr 0x1c8 with data 0xa0b8a241 at time 913500
[DRIVER] SRAM B initialization complete at time 913500
[DRIVER] Initializing SRAM A at addr 0x1c9 with data 0xb4c16c69 at time 914500
[DRIVER] SRAM A initialization complete at time 914500
[DRIVER] Initializing SRAM B at addr 0x1c9 with data 0xfd52d8fa at time 915500
[DRIVER] SRAM B initialization complete at time 915500
[DRIVER] Initializing SRAM A at addr 0x1ca with data 0xe69dd0cd at time 916500
[DRIVER] SRAM A initialization complete at time 916500
[DRIVER] Initializing SRAM B at addr 0x1ca with data 0x7fcff3ff at time 917500
[DRIVER] SRAM B initialization complete at time 917500
[DRIVER] Initializing SRAM A at addr 0x1cb with data 0xdac986b5 at time 918500
[DRIVER] SRAM A initialization complete at time 918500
[DRIVER] Initializing SRAM B at addr 0x1cb with data 0xf42082e8 at time 919500
[DRIVER] SRAM B initialization complete at time 919500
[DRIVER] Initializing SRAM A at addr 0x1cc with data 0xa5955c4b at time 920500
[DRIVER] SRAM A initialization complete at time 920500
[DRIVER] Initializing SRAM B at addr 0x1cc with data 0x89042e12 at time 921500
[DRIVER] SRAM B initialization complete at time 921500
[DRIVER] Initializing SRAM A at addr 0x1cd with data 0x1b978f37 at time 922500
[DRIVER] SRAM A initialization complete at time 922500
[DRIVER] Initializing SRAM B at addr 0x1cd with data 0x574e1dae at time 923500
[DRIVER] SRAM B initialization complete at time 923500
[DRIVER] Initializing SRAM A at addr 0x1ce with data 0xfc4ca4f8 at time 924500
[DRIVER] SRAM A initialization complete at time 924500
[DRIVER] Initializing SRAM B at addr 0x1ce with data 0x90184e20 at time 925500
[DRIVER] SRAM B initialization complete at time 925500
[DRIVER] Initializing SRAM A at addr 0x1cf with data 0xed1b50da at time 926500
[DRIVER] SRAM A initialization complete at time 926500
[DRIVER] Initializing SRAM B at addr 0x1cf with data 0x913e0222 at time 927500
[DRIVER] SRAM B initialization complete at time 927500
[DRIVER] Initializing SRAM A at addr 0x1d0 with data 0x763355ec at time 928500
[DRIVER] SRAM A initialization complete at time 928500
[DRIVER] Initializing SRAM B at addr 0x1d0 with data 0x9535122a at time 929500
[DRIVER] SRAM B initialization complete at time 929500
[DRIVER] Initializing SRAM A at addr 0x1d1 with data 0x3d7f5b7a at time 930500
[DRIVER] SRAM A initialization complete at time 930500
[DRIVER] Initializing SRAM B at addr 0x1d1 with data 0xf1e511e at time 931500
[DRIVER] SRAM B initialization complete at time 931500
[DRIVER] Initializing SRAM A at addr 0x1d2 with data 0xf4a1dae9 at time 932500
[DRIVER] SRAM A initialization complete at time 932500
[DRIVER] Initializing SRAM B at addr 0x1d2 with data 0xf5a4f2eb at time 933500
[DRIVER] SRAM B initialization complete at time 933500
[DRIVER] Initializing SRAM A at addr 0x1d3 with data 0x5b4f70b at time 934500
[DRIVER] SRAM A initialization complete at time 934500
[DRIVER] Initializing SRAM B at addr 0x1d3 with data 0xb704e26e at time 935500
[DRIVER] SRAM B initialization complete at time 935500
[DRIVER] Initializing SRAM A at addr 0x1d4 with data 0xaf455e5e at time 936500
[DRIVER] SRAM A initialization complete at time 936500
[DRIVER] Initializing SRAM B at addr 0x1d4 with data 0x3e502d7c at time 937500
[DRIVER] SRAM B initialization complete at time 937500
[DRIVER] Initializing SRAM A at addr 0x1d5 with data 0x22c03145 at time 938500
[DRIVER] SRAM A initialization complete at time 938500
[DRIVER] Initializing SRAM B at addr 0x1d5 with data 0xc5cb548b at time 939500
[DRIVER] SRAM B initialization complete at time 939500
[DRIVER] Initializing SRAM A at addr 0x1d6 with data 0x94bd312 at time 940500
[DRIVER] SRAM A initialization complete at time 940500
[DRIVER] Initializing SRAM B at addr 0x1d6 with data 0x1bf8bd37 at time 941500
[DRIVER] SRAM B initialization complete at time 941500
[DRIVER] Initializing SRAM A at addr 0x1d7 with data 0xc1c3d683 at time 942500
[DRIVER] SRAM A initialization complete at time 942500
[DRIVER] Initializing SRAM B at addr 0x1d7 with data 0xf0ab00e1 at time 943500
[DRIVER] SRAM B initialization complete at time 943500
[DRIVER] Initializing SRAM A at addr 0x1d8 with data 0x674fdfce at time 944500
[DRIVER] SRAM A initialization complete at time 944500
[DRIVER] Initializing SRAM B at addr 0x1d8 with data 0xa5365c4a at time 945500
[DRIVER] SRAM B initialization complete at time 945500
[DRIVER] Initializing SRAM A at addr 0x1d9 with data 0x6acd73d5 at time 946500
[DRIVER] SRAM A initialization complete at time 946500
[DRIVER] Initializing SRAM B at addr 0x1d9 with data 0x669907cd at time 947500
[DRIVER] SRAM B initialization complete at time 947500
[DRIVER] Initializing SRAM A at addr 0x1da with data 0xf204eee4 at time 948500
[DRIVER] SRAM A initialization complete at time 948500
[DRIVER] Initializing SRAM B at addr 0x1da with data 0xfa328cf4 at time 949500
[DRIVER] SRAM B initialization complete at time 949500
[DRIVER] Initializing SRAM A at addr 0x1db with data 0x766153ec at time 950500
[DRIVER] SRAM A initialization complete at time 950500
[DRIVER] Initializing SRAM B at addr 0x1db with data 0xd623f1a at time 951500
[DRIVER] SRAM B initialization complete at time 951500
[DRIVER] Initializing SRAM A at addr 0x1dc with data 0xf1a32ee3 at time 952500
[DRIVER] SRAM A initialization complete at time 952500
[DRIVER] Initializing SRAM B at addr 0x1dc with data 0xf62484ec at time 953500
[DRIVER] SRAM B initialization complete at time 953500
[DRIVER] Initializing SRAM A at addr 0x1dd with data 0x79c681f3 at time 954500
[DRIVER] SRAM A initialization complete at time 954500
[DRIVER] Initializing SRAM B at addr 0x1dd with data 0x1687472d at time 955500
[DRIVER] SRAM B initialization complete at time 955500
[DRIVER] Initializing SRAM A at addr 0x1de with data 0x2e138d5c at time 956500
[DRIVER] SRAM A initialization complete at time 956500
[DRIVER] Initializing SRAM B at addr 0x1de with data 0x6e8d45dd at time 957500
[DRIVER] SRAM B initialization complete at time 957500
[DRIVER] Initializing SRAM A at addr 0x1df with data 0xf612c8ec at time 958500
[DRIVER] SRAM A initialization complete at time 958500
[DRIVER] Initializing SRAM B at addr 0x1df with data 0xc7d87a8f at time 959500
[DRIVER] SRAM B initialization complete at time 959500
[DRIVER] Initializing SRAM A at addr 0x1e0 with data 0x7fdbb3ff at time 960500
[DRIVER] SRAM A initialization complete at time 960500
[DRIVER] Initializing SRAM B at addr 0x1e0 with data 0x3c338578 at time 961500
[DRIVER] SRAM B initialization complete at time 961500
[DRIVER] Initializing SRAM A at addr 0x1e1 with data 0x55f6b9ab at time 962500
[DRIVER] SRAM A initialization complete at time 962500
[DRIVER] Initializing SRAM B at addr 0x1e1 with data 0x13d1f727 at time 963500
[DRIVER] SRAM B initialization complete at time 963500
[DRIVER] Initializing SRAM A at addr 0x1e2 with data 0x7dca0ffb at time 964500
[DRIVER] SRAM A initialization complete at time 964500
[DRIVER] Initializing SRAM B at addr 0x1e2 with data 0x9dfc313 at time 965500
[DRIVER] SRAM B initialization complete at time 965500
[DRIVER] Initializing SRAM A at addr 0x1e3 with data 0x6499b0c at time 966500
[DRIVER] SRAM A initialization complete at time 966500
[DRIVER] Initializing SRAM B at addr 0x1e3 with data 0x5db797bb at time 967500
[DRIVER] SRAM B initialization complete at time 967500
[DRIVER] Initializing SRAM A at addr 0x1e4 with data 0xf361cae6 at time 968500
[DRIVER] SRAM A initialization complete at time 968500
[DRIVER] Initializing SRAM B at addr 0x1e4 with data 0xa4d83a49 at time 969500
[DRIVER] SRAM B initialization complete at time 969500
[DRIVER] Initializing SRAM A at addr 0x1e5 with data 0x35557b6a at time 970500
[DRIVER] SRAM A initialization complete at time 970500
[DRIVER] Initializing SRAM B at addr 0x1e5 with data 0x8570f60a at time 971500
[DRIVER] SRAM B initialization complete at time 971500
[DRIVER] Initializing SRAM A at addr 0x1e6 with data 0x8c06d218 at time 972500
[DRIVER] SRAM A initialization complete at time 972500
[DRIVER] Initializing SRAM B at addr 0x1e6 with data 0x4b1ce996 at time 973500
[DRIVER] SRAM B initialization complete at time 973500
[DRIVER] Initializing SRAM A at addr 0x1e7 with data 0x84e32609 at time 974500
[DRIVER] SRAM A initialization complete at time 974500
[DRIVER] Initializing SRAM B at addr 0x1e7 with data 0x1725712e at time 975500
[DRIVER] SRAM B initialization complete at time 975500
[DRIVER] Initializing SRAM A at addr 0x1e8 with data 0xdee9d4bd at time 976500
[DRIVER] SRAM A initialization complete at time 976500
[DRIVER] Initializing SRAM B at addr 0x1e8 with data 0x33638966 at time 977500
[DRIVER] SRAM B initialization complete at time 977500
[DRIVER] Initializing SRAM A at addr 0x1e9 with data 0xbb062876 at time 978500
[DRIVER] SRAM A initialization complete at time 978500
[DRIVER] Initializing SRAM B at addr 0x1e9 with data 0x3a982575 at time 979500
[DRIVER] SRAM B initialization complete at time 979500
[DRIVER] Initializing SRAM A at addr 0x1ea with data 0xc7b43a8f at time 980500
[DRIVER] SRAM A initialization complete at time 980500
[DRIVER] Initializing SRAM B at addr 0x1ea with data 0x4ad39595 at time 981500
[DRIVER] SRAM B initialization complete at time 981500
[DRIVER] Initializing SRAM A at addr 0x1eb with data 0x3da8cd7b at time 982500
[DRIVER] SRAM A initialization complete at time 982500
[DRIVER] Initializing SRAM B at addr 0x1eb with data 0xbe43ea7c at time 983500
[DRIVER] SRAM B initialization complete at time 983500
[DRIVER] Initializing SRAM A at addr 0x1ec with data 0xb7f4306f at time 984500
[DRIVER] SRAM A initialization complete at time 984500
[DRIVER] Initializing SRAM B at addr 0x1ec with data 0xe4824cc9 at time 985500
[DRIVER] SRAM B initialization complete at time 985500
[DRIVER] Initializing SRAM A at addr 0x1ed with data 0xe4d820c9 at time 986500
[DRIVER] SRAM A initialization complete at time 986500
[DRIVER] Initializing SRAM B at addr 0x1ed with data 0x5a3761b4 at time 987500
[DRIVER] SRAM B initialization complete at time 987500
[DRIVER] Initializing SRAM A at addr 0x1ee with data 0x6d48a5da at time 988500
[DRIVER] SRAM A initialization complete at time 988500
[DRIVER] Initializing SRAM B at addr 0x1ee with data 0xd6aea8ad at time 989500
[DRIVER] SRAM B initialization complete at time 989500
[DRIVER] Initializing SRAM A at addr 0x1ef with data 0x6fcff1df at time 990500
[DRIVER] SRAM A initialization complete at time 990500
[DRIVER] Initializing SRAM B at addr 0x1ef with data 0x6b0e30d at time 991500
[DRIVER] SRAM B initialization complete at time 991500
[DRIVER] Initializing SRAM A at addr 0x1f0 with data 0x384d4170 at time 992500
[DRIVER] SRAM A initialization complete at time 992500
[DRIVER] Initializing SRAM B at addr 0x1f0 with data 0x41bd6783 at time 993500
[DRIVER] SRAM B initialization complete at time 993500
[DRIVER] Initializing SRAM A at addr 0x1f1 with data 0xa8c6c451 at time 994500
[DRIVER] SRAM A initialization complete at time 994500
[DRIVER] Initializing SRAM B at addr 0x1f1 with data 0x27a8d04 at time 995500
[DRIVER] SRAM B initialization complete at time 995500
[DRIVER] Initializing SRAM A at addr 0x1f2 with data 0xc0467280 at time 996500
[DRIVER] SRAM A initialization complete at time 996500
[DRIVER] Initializing SRAM B at addr 0x1f2 with data 0xfcf504f9 at time 997500
[DRIVER] SRAM B initialization complete at time 997500
[DRIVER] Initializing SRAM A at addr 0x1f3 with data 0x379ed06 at time 998500
[DRIVER] SRAM A initialization complete at time 998500
[DRIVER] Initializing SRAM B at addr 0x1f3 with data 0xe5063aca at time 999500
[DRIVER] SRAM B initialization complete at time 999500
[DRIVER] Initializing SRAM A at addr 0x1f4 with data 0xef8d64df at time 1000500
[DRIVER] SRAM A initialization complete at time 1000500
[DRIVER] Initializing SRAM B at addr 0x1f4 with data 0x64f9bbc9 at time 1001500
[DRIVER] SRAM B initialization complete at time 1001500
[DRIVER] Initializing SRAM A at addr 0x1f5 with data 0x42797584 at time 1002500
[DRIVER] SRAM A initialization complete at time 1002500
[DRIVER] Initializing SRAM B at addr 0x1f5 with data 0xd84988b0 at time 1003500
[DRIVER] SRAM B initialization complete at time 1003500
[DRIVER] Initializing SRAM A at addr 0x1f6 with data 0x74bc03e9 at time 1004500
[DRIVER] SRAM A initialization complete at time 1004500
[DRIVER] Initializing SRAM B at addr 0x1f6 with data 0x8098510 at time 1005500
[DRIVER] SRAM B initialization complete at time 1005500
[DRIVER] Initializing SRAM A at addr 0x1f7 with data 0x6f3425de at time 1006500
[DRIVER] SRAM A initialization complete at time 1006500
[DRIVER] Initializing SRAM B at addr 0x1f7 with data 0xd659d0ac at time 1007500
[DRIVER] SRAM B initialization complete at time 1007500
[DRIVER] Initializing SRAM A at addr 0x1f8 with data 0x498fb09 at time 1008500
[DRIVER] SRAM A initialization complete at time 1008500
[DRIVER] Initializing SRAM B at addr 0x1f8 with data 0x6bf823d7 at time 1009500
[DRIVER] SRAM B initialization complete at time 1009500
[DRIVER] Initializing SRAM A at addr 0x1f9 with data 0x30c38f61 at time 1010500
[DRIVER] SRAM A initialization complete at time 1010500
[DRIVER] Initializing SRAM B at addr 0x1f9 with data 0x86c8320d at time 1011500
[DRIVER] SRAM B initialization complete at time 1011500
[DRIVER] Initializing SRAM A at addr 0x1fa with data 0x48c3b791 at time 1012500
[DRIVER] SRAM A initialization complete at time 1012500
[DRIVER] Initializing SRAM B at addr 0x1fa with data 0xe9eb0ed3 at time 1013500
[DRIVER] SRAM B initialization complete at time 1013500
[DRIVER] Initializing SRAM A at addr 0x1fb with data 0x4d77f99a at time 1014500
[DRIVER] SRAM A initialization complete at time 1014500
[DRIVER] Initializing SRAM B at addr 0x1fb with data 0x17bd872f at time 1015500
[DRIVER] SRAM B initialization complete at time 1015500
[DRIVER] Initializing SRAM A at addr 0x1fc with data 0x2720634e at time 1016500
[DRIVER] SRAM A initialization complete at time 1016500
[DRIVER] Initializing SRAM B at addr 0x1fc with data 0x5bd583b7 at time 1017500
[DRIVER] SRAM B initialization complete at time 1017500
[DRIVER] Initializing SRAM A at addr 0x1fd with data 0xe32472c6 at time 1018500
[DRIVER] SRAM A initialization complete at time 1018500
[DRIVER] Initializing SRAM B at addr 0x1fd with data 0x2ed66b5d at time 1019500
[DRIVER] SRAM B initialization complete at time 1019500
[DRIVER] Initializing SRAM A at addr 0x1fe with data 0xce03ec9c at time 1020500
[DRIVER] SRAM A initialization complete at time 1020500
[DRIVER] Initializing SRAM B at addr 0x1fe with data 0x17b47f2f at time 1021500
[DRIVER] SRAM B initialization complete at time 1021500
[DRIVER] Initializing SRAM A at addr 0x1ff with data 0xa22ac644 at time 1022500
[DRIVER] SRAM A initialization complete at time 1022500
[DRIVER] Initializing SRAM B at addr 0x1ff with data 0xcdbf3a9b at time 1023500
[DRIVER] SRAM B initialization complete at time 1023500
Directed Testing
Test case 1 - normal addition
[DRIVER] Starting calculation with Read[0x0:0x7] Write[0x8:0xf] at time 1123500
[DRIVER] Applying reset at time 1123500
[DRIVER] Reset released at time 1126500
     11285 SB: First Read Addr: 0x0, Expected LOWER: 0x0 UPPER: 0x0
Error: "sym_links/calc_sb.svh", 38: calc_tb_pkg: at time 11305000 ps
     11305 SB: Mismatch LOWER data at addr 0x1, Expected: 0x0, Got: 0x8484d609
Error: "sym_links/calc_sb.svh", 41: calc_tb_pkg: at time 11305000 ps
     11305 SB: Mismatch UPPER data at addr 0x1, Expected: 0x0, Got: 0xb1f05663
     11305 SB: Second Read Addr: 0x1, Actual LOWER: 0x8484d609 UPPER: 0xb1f05663
Error: "sym_links/calc_sb.svh", 57: calc_tb_pkg: at time 11325000 ps
     11325 SB: Mismatch on WRITE LOWER data at addr 0x8, Expected: 0x0, Got: 0xd29e93a5
Error: "sym_links/calc_sb.svh", 61: calc_tb_pkg: at time 11325000 ps
     11325 SB: Mismatch on WRITE UPPER data at addr 0x8, Expected: 0x0, Got: 0x36752c6c
     11325 SB: Write Addr: 0x8, Computed: 0x0+0x0=0x0, Actual LOWER: 0xd29e93a5 UPPER: 0x36752c6c
     11345 SB: First Read Addr: 0x2, Expected LOWER: 0x0 UPPER: 0x0
Error: "sym_links/calc_sb.svh", 38: calc_tb_pkg: at time 11365000 ps
     11365 SB: Mismatch LOWER data at addr 0x3, Expected: 0x0, Got: 0xb2c28465
Error: "sym_links/calc_sb.svh", 41: calc_tb_pkg: at time 11365000 ps
     11365 SB: Mismatch UPPER data at addr 0x3, Expected: 0x0, Got: 0x89375212
     11365 SB: Second Read Addr: 0x3, Actual LOWER: 0xb2c28465 UPPER: 0x89375212
Error: "sym_links/calc_sb.svh", 57: calc_tb_pkg: at time 11385000 ps
     11385 SB: Mismatch on WRITE LOWER data at addr 0x9, Expected: 0x0, Got: 0x4d99149a
Error: "sym_links/calc_sb.svh", 61: calc_tb_pkg: at time 11385000 ps
     11385 SB: Mismatch on WRITE UPPER data at addr 0x9, Expected: 0x0, Got: 0x3bf9d677
     11385 SB: Write Addr: 0x9, Computed: 0x0+0x0=0x0, Actual LOWER: 0x4d99149a UPPER: 0x3bf9d677
     11405 SB: First Read Addr: 0x4, Expected LOWER: 0x0 UPPER: 0x0
Error: "sym_links/calc_sb.svh", 38: calc_tb_pkg: at time 11425000 ps
     11425 SB: Mismatch LOWER data at addr 0x5, Expected: 0x0, Got: 0x3b23f176
Error: "sym_links/calc_sb.svh", 41: calc_tb_pkg: at time 11425000 ps
     11425 SB: Mismatch UPPER data at addr 0x5, Expected: 0x0, Got: 0x1e8dcd3d
     11425 SB: Second Read Addr: 0x5, Actual LOWER: 0x3b23f176 UPPER: 0x1e8dcd3d
Error: "sym_links/calc_sb.svh", 57: calc_tb_pkg: at time 11445000 ps
     11445 SB: Mismatch on WRITE LOWER data at addr 0xa, Expected: 0x0, Got: 0x7cbb00e
Error: "sym_links/calc_sb.svh", 61: calc_tb_pkg: at time 11445000 ps
     11445 SB: Mismatch on WRITE UPPER data at addr 0xa, Expected: 0x0, Got: 0x59b1beb3
     11445 SB: Write Addr: 0xa, Computed: 0x0+0x0=0x0, Actual LOWER: 0x7cbb00e UPPER: 0x59b1beb3
     11465 SB: First Read Addr: 0x6, Expected LOWER: 0x0 UPPER: 0x0
Error: "sym_links/calc_sb.svh", 38: calc_tb_pkg: at time 11485000 ps
     11485 SB: Mismatch LOWER data at addr 0x7, Expected: 0x0, Got: 0x7cfde9f9
Error: "sym_links/calc_sb.svh", 41: calc_tb_pkg: at time 11485000 ps
     11485 SB: Mismatch UPPER data at addr 0x7, Expected: 0x0, Got: 0xe33724c6
     11485 SB: Second Read Addr: 0x7, Actual LOWER: 0x7cfde9f9 UPPER: 0xe33724c6
Error: "sym_links/calc_sb.svh", 57: calc_tb_pkg: at time 11505000 ps
     11505 SB: Mismatch on WRITE LOWER data at addr 0xb, Expected: 0x0, Got: 0xbd024f79
Error: "sym_links/calc_sb.svh", 61: calc_tb_pkg: at time 11505000 ps
     11505 SB: Mismatch on WRITE UPPER data at addr 0xb, Expected: 0x0, Got: 0x60350ebf
     11505 SB: Write Addr: 0xb, Computed: 0x0+0x0=0x0, Actual LOWER: 0xbd024f79 UPPER: 0x60350ebf
[DRIVER] Starting calculation with Read[0x0:0x1f] Write[0x20:0x40] at time 1151500
[DRIVER] Applying reset at time 1151500
[DRIVER] Reset released at time 1155500
     11575 SB: First Read Addr: 0x0, Expected LOWER: 0x0 UPPER: 0x0
Error: "sym_links/calc_sb.svh", 38: calc_tb_pkg: at time 11595000 ps
     11595 SB: Mismatch LOWER data at addr 0x1, Expected: 0x0, Got: 0x8484d609
Error: "sym_links/calc_sb.svh", 41: calc_tb_pkg: at time 11595000 ps
     11595 SB: Mismatch UPPER data at addr 0x1, Expected: 0x0, Got: 0xb1f05663
     11595 SB: Second Read Addr: 0x1, Actual LOWER: 0x8484d609 UPPER: 0xb1f05663
Error: "sym_links/calc_sb.svh", 57: calc_tb_pkg: at time 11615000 ps
     11615 SB: Mismatch on WRITE LOWER data at addr 0x20, Expected: 0x0, Got: 0xd29e93a5
Error: "sym_links/calc_sb.svh", 61: calc_tb_pkg: at time 11615000 ps
     11615 SB: Mismatch on WRITE UPPER data at addr 0x20, Expected: 0x0, Got: 0x36752c6c
     11615 SB: Write Addr: 0x20, Computed: 0x0+0x0=0x0, Actual LOWER: 0xd29e93a5 UPPER: 0x36752c6c
     11635 SB: First Read Addr: 0x2, Expected LOWER: 0x0 UPPER: 0x0
Error: "sym_links/calc_sb.svh", 38: calc_tb_pkg: at time 11655000 ps
     11655 SB: Mismatch LOWER data at addr 0x3, Expected: 0x0, Got: 0xb2c28465
Error: "sym_links/calc_sb.svh", 41: calc_tb_pkg: at time 11655000 ps
     11655 SB: Mismatch UPPER data at addr 0x3, Expected: 0x0, Got: 0x89375212
     11655 SB: Second Read Addr: 0x3, Actual LOWER: 0xb2c28465 UPPER: 0x89375212
Error: "sym_links/calc_sb.svh", 57: calc_tb_pkg: at time 11675000 ps
     11675 SB: Mismatch on WRITE LOWER data at addr 0x21, Expected: 0x0, Got: 0x4d99149a
Error: "sym_links/calc_sb.svh", 61: calc_tb_pkg: at time 11675000 ps
     11675 SB: Mismatch on WRITE UPPER data at addr 0x21, Expected: 0x0, Got: 0x3bf9d677
     11675 SB: Write Addr: 0x21, Computed: 0x0+0x0=0x0, Actual LOWER: 0x4d99149a UPPER: 0x3bf9d677
     11695 SB: First Read Addr: 0x4, Expected LOWER: 0x0 UPPER: 0x0
Error: "sym_links/calc_sb.svh", 38: calc_tb_pkg: at time 11715000 ps
     11715 SB: Mismatch LOWER data at addr 0x5, Expected: 0x0, Got: 0x3b23f176
Error: "sym_links/calc_sb.svh", 41: calc_tb_pkg: at time 11715000 ps
     11715 SB: Mismatch UPPER data at addr 0x5, Expected: 0x0, Got: 0x1e8dcd3d
     11715 SB: Second Read Addr: 0x5, Actual LOWER: 0x3b23f176 UPPER: 0x1e8dcd3d
Error: "sym_links/calc_sb.svh", 57: calc_tb_pkg: at time 11735000 ps
     11735 SB: Mismatch on WRITE LOWER data at addr 0x22, Expected: 0x0, Got: 0x7cbb00e
Error: "sym_links/calc_sb.svh", 61: calc_tb_pkg: at time 11735000 ps
     11735 SB: Mismatch on WRITE UPPER data at addr 0x22, Expected: 0x0, Got: 0x59b1beb3
     11735 SB: Write Addr: 0x22, Computed: 0x0+0x0=0x0, Actual LOWER: 0x7cbb00e UPPER: 0x59b1beb3
     11755 SB: First Read Addr: 0x6, Expected LOWER: 0x0 UPPER: 0x0
Error: "sym_links/calc_sb.svh", 38: calc_tb_pkg: at time 11775000 ps
     11775 SB: Mismatch LOWER data at addr 0x7, Expected: 0x0, Got: 0x7cfde9f9
Error: "sym_links/calc_sb.svh", 41: calc_tb_pkg: at time 11775000 ps
     11775 SB: Mismatch UPPER data at addr 0x7, Expected: 0x0, Got: 0xe33724c6
     11775 SB: Second Read Addr: 0x7, Actual LOWER: 0x7cfde9f9 UPPER: 0xe33724c6
Error: "sym_links/calc_sb.svh", 57: calc_tb_pkg: at time 11795000 ps
     11795 SB: Mismatch on WRITE LOWER data at addr 0x23, Expected: 0x0, Got: 0xbd024f79
Error: "sym_links/calc_sb.svh", 61: calc_tb_pkg: at time 11795000 ps
     11795 SB: Mismatch on WRITE UPPER data at addr 0x23, Expected: 0x0, Got: 0x60350ebf
     11795 SB: Write Addr: 0x23, Computed: 0x0+0x0=0x0, Actual LOWER: 0xbd024f79 UPPER: 0x60350ebf
     11815 SB: First Read Addr: 0x8, Expected LOWER: 0xd29e93a5 UPPER: 0x36752c6c
Error: "sym_links/calc_sb.svh", 38: calc_tb_pkg: at time 11835000 ps
     11835 SB: Mismatch LOWER data at addr 0x9, Expected: 0xd29e93a5, Got: 0x4d99149a
Error: "sym_links/calc_sb.svh", 41: calc_tb_pkg: at time 11835000 ps
     11835 SB: Mismatch UPPER data at addr 0x9, Expected: 0x36752c6c, Got: 0x3bf9d677
     11835 SB: Second Read Addr: 0x9, Actual LOWER: 0x4d99149a UPPER: 0x3bf9d677
Error: "sym_links/calc_sb.svh", 61: calc_tb_pkg: at time 11855000 ps
     11855 SB: Mismatch on WRITE UPPER data at addr 0x24, Expected: 0x0, Got: 0x8992eb11
     11855 SB: Write Addr: 0x24, Computed: 0xd29e93a5+0x36752c6c=0x913c011, Actual LOWER: 0x913c011 UPPER: 0x8992eb11
     11875 SB: First Read Addr: 0xa, Expected LOWER: 0x7cbb00e UPPER: 0x59b1beb3
Error: "sym_links/calc_sb.svh", 38: calc_tb_pkg: at time 11895000 ps
     11895 SB: Mismatch LOWER data at addr 0xb, Expected: 0x7cbb00e, Got: 0xbd024f79
Error: "sym_links/calc_sb.svh", 41: calc_tb_pkg: at time 11895000 ps
     11895 SB: Mismatch UPPER data at addr 0xb, Expected: 0x59b1beb3, Got: 0x60350ebf
     11895 SB: Second Read Addr: 0xb, Actual LOWER: 0xbd024f79 UPPER: 0x60350ebf
Error: "sym_links/calc_sb.svh", 61: calc_tb_pkg: at time 11915000 ps
     11915 SB: Mismatch on WRITE UPPER data at addr 0x25, Expected: 0x0, Got: 0x1d375e38
     11915 SB: Write Addr: 0x25, Computed: 0x7cbb00e+0x59b1beb3=0x617d6ec1, Actual LOWER: 0x617d6ec1 UPPER: 0x1d375e38
     11935 SB: First Read Addr: 0xc, Expected LOWER: 0x0 UPPER: 0x0
Error: "sym_links/calc_sb.svh", 38: calc_tb_pkg: at time 11955000 ps
     11955 SB: Mismatch LOWER data at addr 0xd, Expected: 0x0, Got: 0x2e58495c
Error: "sym_links/calc_sb.svh", 41: calc_tb_pkg: at time 11955000 ps
     11955 SB: Mismatch UPPER data at addr 0xd, Expected: 0x0, Got: 0xde8e28bd
     11955 SB: Second Read Addr: 0xd, Actual LOWER: 0x2e58495c UPPER: 0xde8e28bd
Error: "sym_links/calc_sb.svh", 57: calc_tb_pkg: at time 11975000 ps
     11975 SB: Mismatch on WRITE LOWER data at addr 0x26, Expected: 0x0, Got: 0xd6cac9ad
Error: "sym_links/calc_sb.svh", 61: calc_tb_pkg: at time 11975000 ps
     11975 SB: Mismatch on WRITE UPPER data at addr 0x26, Expected: 0x0, Got: 0xce67219
     11975 SB: Write Addr: 0x26, Computed: 0x0+0x0=0x0, Actual LOWER: 0xd6cac9ad UPPER: 0xce67219
     11995 SB: First Read Addr: 0xe, Expected LOWER: 0x0 UPPER: 0x0
Error: "sym_links/calc_sb.svh", 38: calc_tb_pkg: at time 12015000 ps
     12015 SB: Mismatch LOWER data at addr 0xf, Expected: 0x0, Got: 0xb1ef6263
Error: "sym_links/calc_sb.svh", 41: calc_tb_pkg: at time 12015000 ps
     12015 SB: Mismatch UPPER data at addr 0xf, Expected: 0x0, Got: 0x573870a
     12015 SB: Second Read Addr: 0xf, Actual LOWER: 0xb1ef6263 UPPER: 0x573870a
Error: "sym_links/calc_sb.svh", 57: calc_tb_pkg: at time 12035000 ps
     12035 SB: Mismatch on WRITE LOWER data at addr 0x27, Expected: 0x0, Got: 0x49527e92
Error: "sym_links/calc_sb.svh", 61: calc_tb_pkg: at time 12035000 ps
     12035 SB: Mismatch on WRITE UPPER data at addr 0x27, Expected: 0x0, Got: 0xb762e96d
     12035 SB: Write Addr: 0x27, Computed: 0x0+0x0=0x0, Actual LOWER: 0x49527e92 UPPER: 0xb762e96d
     12055 SB: First Read Addr: 0x10, Expected LOWER: 0x0 UPPER: 0x0
Error: "sym_links/calc_sb.svh", 38: calc_tb_pkg: at time 12075000 ps
     12075 SB: Mismatch LOWER data at addr 0x11, Expected: 0x0, Got: 0x557845aa
Error: "sym_links/calc_sb.svh", 41: calc_tb_pkg: at time 12075000 ps
     12075 SB: Mismatch UPPER data at addr 0x11, Expected: 0x0, Got: 0xcecccc9d
     12075 SB: Second Read Addr: 0x11, Actual LOWER: 0x557845aa UPPER: 0xcecccc9d
Error: "sym_links/calc_sb.svh", 57: calc_tb_pkg: at time 12095000 ps
     12095 SB: Mismatch on WRITE LOWER data at addr 0x28, Expected: 0x0, Got: 0xd09f43a0
Error: "sym_links/calc_sb.svh", 61: calc_tb_pkg: at time 12095000 ps
     12095 SB: Mismatch on WRITE UPPER data at addr 0x28, Expected: 0x0, Got: 0x24451247
     12095 SB: Write Addr: 0x28, Computed: 0x0+0x0=0x0, Actual LOWER: 0xd09f43a0 UPPER: 0x24451247
     12115 SB: First Read Addr: 0x12, Expected LOWER: 0x0 UPPER: 0x0
Error: "sym_links/calc_sb.svh", 38: calc_tb_pkg: at time 12135000 ps
     12135 SB: Mismatch LOWER data at addr 0x13, Expected: 0x0, Got: 0x86bc380d
Error: "sym_links/calc_sb.svh", 41: calc_tb_pkg: at time 12135000 ps
     12135 SB: Mismatch UPPER data at addr 0x13, Expected: 0x0, Got: 0xa9a7d653
     12135 SB: Second Read Addr: 0x13, Actual LOWER: 0x86bc380d UPPER: 0xa9a7d653
Error: "sym_links/calc_sb.svh", 57: calc_tb_pkg: at time 12155000 ps
     12155 SB: Mismatch on WRITE LOWER data at addr 0x29, Expected: 0x0, Got: 0x54a3f6a9
Error: "sym_links/calc_sb.svh", 61: calc_tb_pkg: at time 12155000 ps
     12155 SB: Mismatch on WRITE UPPER data at addr 0x29, Expected: 0x0, Got: 0x30640e60
     12155 SB: Write Addr: 0x29, Computed: 0x0+0x0=0x0, Actual LOWER: 0x54a3f6a9 UPPER: 0x30640e60
     12175 SB: First Read Addr: 0x14, Expected LOWER: 0x0 UPPER: 0x0
Error: "sym_links/calc_sb.svh", 38: calc_tb_pkg: at time 12195000 ps
     12195 SB: Mismatch LOWER data at addr 0x15, Expected: 0x0, Got: 0x81174a02
Error: "sym_links/calc_sb.svh", 41: calc_tb_pkg: at time 12195000 ps
     12195 SB: Mismatch UPPER data at addr 0x15, Expected: 0x0, Got: 0xd7563eae
     12195 SB: Second Read Addr: 0x15, Actual LOWER: 0x81174a02 UPPER: 0xd7563eae
Error: "sym_links/calc_sb.svh", 57: calc_tb_pkg: at time 12215000 ps
     12215 SB: Mismatch on WRITE LOWER data at addr 0x2a, Expected: 0x0, Got: 0x20460840
Error: "sym_links/calc_sb.svh", 61: calc_tb_pkg: at time 12215000 ps
     12215 SB: Mismatch on WRITE UPPER data at addr 0x2a, Expected: 0x0, Got: 0x586d88b0
     12215 SB: Write Addr: 0x2a, Computed: 0x0+0x0=0x0, Actual LOWER: 0x20460840 UPPER: 0x586d88b0
     12235 SB: First Read Addr: 0x16, Expected LOWER: 0x0 UPPER: 0x0
Error: "sym_links/calc_sb.svh", 38: calc_tb_pkg: at time 12255000 ps
     12255 SB: Mismatch LOWER data at addr 0x17, Expected: 0x0, Got: 0x11844923
Error: "sym_links/calc_sb.svh", 41: calc_tb_pkg: at time 12255000 ps
     12255 SB: Mismatch UPPER data at addr 0x17, Expected: 0x0, Got: 0x509650a
     12255 SB: Second Read Addr: 0x17, Actual LOWER: 0x11844923 UPPER: 0x509650a
Error: "sym_links/calc_sb.svh", 57: calc_tb_pkg: at time 12275000 ps
     12275 SB: Mismatch on WRITE LOWER data at addr 0x2b, Expected: 0x0, Got: 0xf6c55bec
Error: "sym_links/calc_sb.svh", 61: calc_tb_pkg: at time 12275000 ps
     12275 SB: Mismatch on WRITE UPPER data at addr 0x2b, Expected: 0x0, Got: 0x168dae2d
     12275 SB: Write Addr: 0x2b, Computed: 0x0+0x0=0x0, Actual LOWER: 0xf6c55bec UPPER: 0x168dae2d
     12295 SB: First Read Addr: 0x18, Expected LOWER: 0x0 UPPER: 0x0
Error: "sym_links/calc_sb.svh", 38: calc_tb_pkg: at time 12315000 ps
     12315 SB: Mismatch LOWER data at addr 0x19, Expected: 0x0, Got: 0x7968bdf2
Error: "sym_links/calc_sb.svh", 41: calc_tb_pkg: at time 12315000 ps
     12315 SB: Mismatch UPPER data at addr 0x19, Expected: 0x0, Got: 0x452e618a
     12315 SB: Second Read Addr: 0x19, Actual LOWER: 0x7968bdf2 UPPER: 0x452e618a
Error: "sym_links/calc_sb.svh", 57: calc_tb_pkg: at time 12335000 ps
     12335 SB: Mismatch on WRITE LOWER data at addr 0x2c, Expected: 0x0, Got: 0x83a45706
Error: "sym_links/calc_sb.svh", 61: calc_tb_pkg: at time 12335000 ps
     12335 SB: Mismatch on WRITE UPPER data at addr 0x2c, Expected: 0x0, Got: 0xbe971f7c
     12335 SB: Write Addr: 0x2c, Computed: 0x0+0x0=0x0, Actual LOWER: 0x83a45706 UPPER: 0xbe971f7c
     12355 SB: First Read Addr: 0x1a, Expected LOWER: 0x0 UPPER: 0x0
Error: "sym_links/calc_sb.svh", 38: calc_tb_pkg: at time 12375000 ps
     12375 SB: Mismatch LOWER data at addr 0x1b, Expected: 0x0, Got: 0x3c20f378
Error: "sym_links/calc_sb.svh", 41: calc_tb_pkg: at time 12375000 ps
     12375 SB: Mismatch UPPER data at addr 0x1b, Expected: 0x0, Got: 0xc48a1289
     12375 SB: Second Read Addr: 0x1b, Actual LOWER: 0x3c20f378 UPPER: 0xc48a1289
Error: "sym_links/calc_sb.svh", 57: calc_tb_pkg: at time 12395000 ps
     12395 SB: Mismatch on WRITE LOWER data at addr 0x2d, Expected: 0x0, Got: 0xd0fe819
Error: "sym_links/calc_sb.svh", 61: calc_tb_pkg: at time 12395000 ps
     12395 SB: Mismatch on WRITE UPPER data at addr 0x2d, Expected: 0x0, Got: 0xab0601
     12395 SB: Write Addr: 0x2d, Computed: 0x0+0x0=0x0, Actual LOWER: 0xd0fe819 UPPER: 0xab0601
     12415 SB: First Read Addr: 0x1c, Expected LOWER: 0x0 UPPER: 0x0
Error: "sym_links/calc_sb.svh", 38: calc_tb_pkg: at time 12435000 ps
     12435 SB: Mismatch LOWER data at addr 0x1d, Expected: 0x0, Got: 0x634bf9c6
Error: "sym_links/calc_sb.svh", 41: calc_tb_pkg: at time 12435000 ps
     12435 SB: Mismatch UPPER data at addr 0x1d, Expected: 0x0, Got: 0x571513ae
     12435 SB: Second Read Addr: 0x1d, Actual LOWER: 0x634bf9c6 UPPER: 0x571513ae
Error: "sym_links/calc_sb.svh", 57: calc_tb_pkg: at time 12455000 ps
     12455 SB: Mismatch on WRITE LOWER data at addr 0x2e, Expected: 0x0, Got: 0xd0c773a1
Error: "sym_links/calc_sb.svh", 61: calc_tb_pkg: at time 12455000 ps
     12455 SB: Mismatch on WRITE UPPER data at addr 0x2e, Expected: 0x0, Got: 0xba610d74
     12455 SB: Write Addr: 0x2e, Computed: 0x0+0x0=0x0, Actual LOWER: 0xd0c773a1 UPPER: 0xba610d74
     12475 SB: First Read Addr: 0x1e, Expected LOWER: 0x0 UPPER: 0x0
Error: "sym_links/calc_sb.svh", 38: calc_tb_pkg: at time 12495000 ps
     12495 SB: Mismatch LOWER data at addr 0x1f, Expected: 0x0, Got: 0x85d79a0b
Error: "sym_links/calc_sb.svh", 41: calc_tb_pkg: at time 12495000 ps
     12495 SB: Mismatch UPPER data at addr 0x1f, Expected: 0x0, Got: 0xb897be71
     12495 SB: Second Read Addr: 0x1f, Actual LOWER: 0x85d79a0b UPPER: 0xb897be71
Error: "sym_links/calc_sb.svh", 57: calc_tb_pkg: at time 12515000 ps
     12515 SB: Mismatch on WRITE LOWER data at addr 0x2f, Expected: 0x0, Got: 0xf384dfe6
Error: "sym_links/calc_sb.svh", 61: calc_tb_pkg: at time 12515000 ps
     12515 SB: Mismatch on WRITE UPPER data at addr 0x2f, Expected: 0x0, Got: 0x3e6f587c
     12515 SB: Write Addr: 0x2f, Computed: 0x0+0x0=0x0, Actual LOWER: 0xf384dfe6 UPPER: 0x3e6f587c
✓ Test case 1 PASSED
Test case 2 - addition with overflow
[DRIVER] Starting calculation with Read[0x0:0x1f] Write[0x20:0x3f] at time 1252500
[DRIVER] Applying reset at time 1252500
[DRIVER] Reset released at time 1256500
     12585 SB: First Read Addr: 0x0, Expected LOWER: 0x0 UPPER: 0x0
Error: "sym_links/calc_sb.svh", 38: calc_tb_pkg: at time 12605000 ps
     12605 SB: Mismatch LOWER data at addr 0x1, Expected: 0x0, Got: 0x8484d609
Error: "sym_links/calc_sb.svh", 41: calc_tb_pkg: at time 12605000 ps
     12605 SB: Mismatch UPPER data at addr 0x1, Expected: 0x0, Got: 0xb1f05663
     12605 SB: Second Read Addr: 0x1, Actual LOWER: 0x8484d609 UPPER: 0xb1f05663
Error: "sym_links/calc_sb.svh", 57: calc_tb_pkg: at time 12625000 ps
     12625 SB: Mismatch on WRITE LOWER data at addr 0x20, Expected: 0x0, Got: 0xd29e93a5
Error: "sym_links/calc_sb.svh", 61: calc_tb_pkg: at time 12625000 ps
     12625 SB: Mismatch on WRITE UPPER data at addr 0x20, Expected: 0x0, Got: 0x36752c6c
     12625 SB: Write Addr: 0x20, Computed: 0x0+0x0=0x0, Actual LOWER: 0xd29e93a5 UPPER: 0x36752c6c
     12645 SB: First Read Addr: 0x2, Expected LOWER: 0x0 UPPER: 0x0
Error: "sym_links/calc_sb.svh", 38: calc_tb_pkg: at time 12665000 ps
     12665 SB: Mismatch LOWER data at addr 0x3, Expected: 0x0, Got: 0xb2c28465
Error: "sym_links/calc_sb.svh", 41: calc_tb_pkg: at time 12665000 ps
     12665 SB: Mismatch UPPER data at addr 0x3, Expected: 0x0, Got: 0x89375212
     12665 SB: Second Read Addr: 0x3, Actual LOWER: 0xb2c28465 UPPER: 0x89375212
Error: "sym_links/calc_sb.svh", 57: calc_tb_pkg: at time 12685000 ps
     12685 SB: Mismatch on WRITE LOWER data at addr 0x21, Expected: 0x0, Got: 0x4d99149a
Error: "sym_links/calc_sb.svh", 61: calc_tb_pkg: at time 12685000 ps
     12685 SB: Mismatch on WRITE UPPER data at addr 0x21, Expected: 0x0, Got: 0x3bf9d677
     12685 SB: Write Addr: 0x21, Computed: 0x0+0x0=0x0, Actual LOWER: 0x4d99149a UPPER: 0x3bf9d677
     12705 SB: First Read Addr: 0x4, Expected LOWER: 0x0 UPPER: 0x0
Error: "sym_links/calc_sb.svh", 38: calc_tb_pkg: at time 12725000 ps
     12725 SB: Mismatch LOWER data at addr 0x5, Expected: 0x0, Got: 0x3b23f176
Error: "sym_links/calc_sb.svh", 41: calc_tb_pkg: at time 12725000 ps
     12725 SB: Mismatch UPPER data at addr 0x5, Expected: 0x0, Got: 0x1e8dcd3d
     12725 SB: Second Read Addr: 0x5, Actual LOWER: 0x3b23f176 UPPER: 0x1e8dcd3d
Error: "sym_links/calc_sb.svh", 57: calc_tb_pkg: at time 12745000 ps
     12745 SB: Mismatch on WRITE LOWER data at addr 0x22, Expected: 0x0, Got: 0x7cbb00e
Error: "sym_links/calc_sb.svh", 61: calc_tb_pkg: at time 12745000 ps
     12745 SB: Mismatch on WRITE UPPER data at addr 0x22, Expected: 0x0, Got: 0x59b1beb3
     12745 SB: Write Addr: 0x22, Computed: 0x0+0x0=0x0, Actual LOWER: 0x7cbb00e UPPER: 0x59b1beb3
     12765 SB: First Read Addr: 0x6, Expected LOWER: 0x0 UPPER: 0x0
Error: "sym_links/calc_sb.svh", 38: calc_tb_pkg: at time 12785000 ps
     12785 SB: Mismatch LOWER data at addr 0x7, Expected: 0x0, Got: 0x7cfde9f9
Error: "sym_links/calc_sb.svh", 41: calc_tb_pkg: at time 12785000 ps
     12785 SB: Mismatch UPPER data at addr 0x7, Expected: 0x0, Got: 0xe33724c6
     12785 SB: Second Read Addr: 0x7, Actual LOWER: 0x7cfde9f9 UPPER: 0xe33724c6
Error: "sym_links/calc_sb.svh", 57: calc_tb_pkg: at time 12805000 ps
     12805 SB: Mismatch on WRITE LOWER data at addr 0x23, Expected: 0x0, Got: 0xbd024f79
Error: "sym_links/calc_sb.svh", 61: calc_tb_pkg: at time 12805000 ps
     12805 SB: Mismatch on WRITE UPPER data at addr 0x23, Expected: 0x0, Got: 0x60350ebf
     12805 SB: Write Addr: 0x23, Computed: 0x0+0x0=0x0, Actual LOWER: 0xbd024f79 UPPER: 0x60350ebf
     12825 SB: First Read Addr: 0x8, Expected LOWER: 0xd29e93a5 UPPER: 0x36752c6c
Error: "sym_links/calc_sb.svh", 38: calc_tb_pkg: at time 12845000 ps
     12845 SB: Mismatch LOWER data at addr 0x9, Expected: 0xd29e93a5, Got: 0x4d99149a
Error: "sym_links/calc_sb.svh", 41: calc_tb_pkg: at time 12845000 ps
     12845 SB: Mismatch UPPER data at addr 0x9, Expected: 0x36752c6c, Got: 0x3bf9d677
     12845 SB: Second Read Addr: 0x9, Actual LOWER: 0x4d99149a UPPER: 0x3bf9d677
Error: "sym_links/calc_sb.svh", 61: calc_tb_pkg: at time 12865000 ps
     12865 SB: Mismatch on WRITE UPPER data at addr 0x24, Expected: 0x0, Got: 0x8992eb11
     12865 SB: Write Addr: 0x24, Computed: 0xd29e93a5+0x36752c6c=0x913c011, Actual LOWER: 0x913c011 UPPER: 0x8992eb11
     12885 SB: First Read Addr: 0xa, Expected LOWER: 0x7cbb00e UPPER: 0x59b1beb3
Error: "sym_links/calc_sb.svh", 38: calc_tb_pkg: at time 12905000 ps
     12905 SB: Mismatch LOWER data at addr 0xb, Expected: 0x7cbb00e, Got: 0xbd024f79
Error: "sym_links/calc_sb.svh", 41: calc_tb_pkg: at time 12905000 ps
     12905 SB: Mismatch UPPER data at addr 0xb, Expected: 0x59b1beb3, Got: 0x60350ebf
     12905 SB: Second Read Addr: 0xb, Actual LOWER: 0xbd024f79 UPPER: 0x60350ebf
Error: "sym_links/calc_sb.svh", 61: calc_tb_pkg: at time 12925000 ps
     12925 SB: Mismatch on WRITE UPPER data at addr 0x25, Expected: 0x0, Got: 0x1d375e38
     12925 SB: Write Addr: 0x25, Computed: 0x7cbb00e+0x59b1beb3=0x617d6ec1, Actual LOWER: 0x617d6ec1 UPPER: 0x1d375e38
     12945 SB: First Read Addr: 0xc, Expected LOWER: 0x0 UPPER: 0x0
Error: "sym_links/calc_sb.svh", 38: calc_tb_pkg: at time 12965000 ps
     12965 SB: Mismatch LOWER data at addr 0xd, Expected: 0x0, Got: 0x2e58495c
Error: "sym_links/calc_sb.svh", 41: calc_tb_pkg: at time 12965000 ps
     12965 SB: Mismatch UPPER data at addr 0xd, Expected: 0x0, Got: 0xde8e28bd
     12965 SB: Second Read Addr: 0xd, Actual LOWER: 0x2e58495c UPPER: 0xde8e28bd
Error: "sym_links/calc_sb.svh", 57: calc_tb_pkg: at time 12985000 ps
     12985 SB: Mismatch on WRITE LOWER data at addr 0x26, Expected: 0x0, Got: 0xd6cac9ad
Error: "sym_links/calc_sb.svh", 61: calc_tb_pkg: at time 12985000 ps
     12985 SB: Mismatch on WRITE UPPER data at addr 0x26, Expected: 0x0, Got: 0xce67219
     12985 SB: Write Addr: 0x26, Computed: 0x0+0x0=0x0, Actual LOWER: 0xd6cac9ad UPPER: 0xce67219
     13005 SB: First Read Addr: 0xe, Expected LOWER: 0x0 UPPER: 0x0
Error: "sym_links/calc_sb.svh", 38: calc_tb_pkg: at time 13025000 ps
     13025 SB: Mismatch LOWER data at addr 0xf, Expected: 0x0, Got: 0xb1ef6263
Error: "sym_links/calc_sb.svh", 41: calc_tb_pkg: at time 13025000 ps
     13025 SB: Mismatch UPPER data at addr 0xf, Expected: 0x0, Got: 0x573870a
     13025 SB: Second Read Addr: 0xf, Actual LOWER: 0xb1ef6263 UPPER: 0x573870a
Error: "sym_links/calc_sb.svh", 57: calc_tb_pkg: at time 13045000 ps
     13045 SB: Mismatch on WRITE LOWER data at addr 0x27, Expected: 0x0, Got: 0x49527e92
Error: "sym_links/calc_sb.svh", 61: calc_tb_pkg: at time 13045000 ps
     13045 SB: Mismatch on WRITE UPPER data at addr 0x27, Expected: 0x0, Got: 0xb762e96d
     13045 SB: Write Addr: 0x27, Computed: 0x0+0x0=0x0, Actual LOWER: 0x49527e92 UPPER: 0xb762e96d
     13065 SB: First Read Addr: 0x10, Expected LOWER: 0x0 UPPER: 0x0
Error: "sym_links/calc_sb.svh", 38: calc_tb_pkg: at time 13085000 ps
     13085 SB: Mismatch LOWER data at addr 0x11, Expected: 0x0, Got: 0x557845aa
Error: "sym_links/calc_sb.svh", 41: calc_tb_pkg: at time 13085000 ps
     13085 SB: Mismatch UPPER data at addr 0x11, Expected: 0x0, Got: 0xcecccc9d
     13085 SB: Second Read Addr: 0x11, Actual LOWER: 0x557845aa UPPER: 0xcecccc9d
Error: "sym_links/calc_sb.svh", 57: calc_tb_pkg: at time 13105000 ps
     13105 SB: Mismatch on WRITE LOWER data at addr 0x28, Expected: 0x0, Got: 0xd09f43a0
Error: "sym_links/calc_sb.svh", 61: calc_tb_pkg: at time 13105000 ps
     13105 SB: Mismatch on WRITE UPPER data at addr 0x28, Expected: 0x0, Got: 0x24451247
     13105 SB: Write Addr: 0x28, Computed: 0x0+0x0=0x0, Actual LOWER: 0xd09f43a0 UPPER: 0x24451247
     13125 SB: First Read Addr: 0x12, Expected LOWER: 0x0 UPPER: 0x0
Error: "sym_links/calc_sb.svh", 38: calc_tb_pkg: at time 13145000 ps
     13145 SB: Mismatch LOWER data at addr 0x13, Expected: 0x0, Got: 0x86bc380d
Error: "sym_links/calc_sb.svh", 41: calc_tb_pkg: at time 13145000 ps
     13145 SB: Mismatch UPPER data at addr 0x13, Expected: 0x0, Got: 0xa9a7d653
     13145 SB: Second Read Addr: 0x13, Actual LOWER: 0x86bc380d UPPER: 0xa9a7d653
Error: "sym_links/calc_sb.svh", 57: calc_tb_pkg: at time 13165000 ps
     13165 SB: Mismatch on WRITE LOWER data at addr 0x29, Expected: 0x0, Got: 0x54a3f6a9
Error: "sym_links/calc_sb.svh", 61: calc_tb_pkg: at time 13165000 ps
     13165 SB: Mismatch on WRITE UPPER data at addr 0x29, Expected: 0x0, Got: 0x30640e60
     13165 SB: Write Addr: 0x29, Computed: 0x0+0x0=0x0, Actual LOWER: 0x54a3f6a9 UPPER: 0x30640e60
     13185 SB: First Read Addr: 0x14, Expected LOWER: 0x0 UPPER: 0x0
Error: "sym_links/calc_sb.svh", 38: calc_tb_pkg: at time 13205000 ps
     13205 SB: Mismatch LOWER data at addr 0x15, Expected: 0x0, Got: 0x81174a02
Error: "sym_links/calc_sb.svh", 41: calc_tb_pkg: at time 13205000 ps
     13205 SB: Mismatch UPPER data at addr 0x15, Expected: 0x0, Got: 0xd7563eae
     13205 SB: Second Read Addr: 0x15, Actual LOWER: 0x81174a02 UPPER: 0xd7563eae
Error: "sym_links/calc_sb.svh", 57: calc_tb_pkg: at time 13225000 ps
     13225 SB: Mismatch on WRITE LOWER data at addr 0x2a, Expected: 0x0, Got: 0x20460840
Error: "sym_links/calc_sb.svh", 61: calc_tb_pkg: at time 13225000 ps
     13225 SB: Mismatch on WRITE UPPER data at addr 0x2a, Expected: 0x0, Got: 0x586d88b0
     13225 SB: Write Addr: 0x2a, Computed: 0x0+0x0=0x0, Actual LOWER: 0x20460840 UPPER: 0x586d88b0
     13245 SB: First Read Addr: 0x16, Expected LOWER: 0x0 UPPER: 0x0
Error: "sym_links/calc_sb.svh", 38: calc_tb_pkg: at time 13265000 ps
     13265 SB: Mismatch LOWER data at addr 0x17, Expected: 0x0, Got: 0x11844923
Error: "sym_links/calc_sb.svh", 41: calc_tb_pkg: at time 13265000 ps
     13265 SB: Mismatch UPPER data at addr 0x17, Expected: 0x0, Got: 0x509650a
     13265 SB: Second Read Addr: 0x17, Actual LOWER: 0x11844923 UPPER: 0x509650a
Error: "sym_links/calc_sb.svh", 57: calc_tb_pkg: at time 13285000 ps
     13285 SB: Mismatch on WRITE LOWER data at addr 0x2b, Expected: 0x0, Got: 0xf6c55bec
Error: "sym_links/calc_sb.svh", 61: calc_tb_pkg: at time 13285000 ps
     13285 SB: Mismatch on WRITE UPPER data at addr 0x2b, Expected: 0x0, Got: 0x168dae2d
     13285 SB: Write Addr: 0x2b, Computed: 0x0+0x0=0x0, Actual LOWER: 0xf6c55bec UPPER: 0x168dae2d
     13305 SB: First Read Addr: 0x18, Expected LOWER: 0x0 UPPER: 0x0
Error: "sym_links/calc_sb.svh", 38: calc_tb_pkg: at time 13325000 ps
     13325 SB: Mismatch LOWER data at addr 0x19, Expected: 0x0, Got: 0x7968bdf2
Error: "sym_links/calc_sb.svh", 41: calc_tb_pkg: at time 13325000 ps
     13325 SB: Mismatch UPPER data at addr 0x19, Expected: 0x0, Got: 0x452e618a
     13325 SB: Second Read Addr: 0x19, Actual LOWER: 0x7968bdf2 UPPER: 0x452e618a
Error: "sym_links/calc_sb.svh", 57: calc_tb_pkg: at time 13345000 ps
     13345 SB: Mismatch on WRITE LOWER data at addr 0x2c, Expected: 0x0, Got: 0x83a45706
Error: "sym_links/calc_sb.svh", 61: calc_tb_pkg: at time 13345000 ps
     13345 SB: Mismatch on WRITE UPPER data at addr 0x2c, Expected: 0x0, Got: 0xbe971f7c
     13345 SB: Write Addr: 0x2c, Computed: 0x0+0x0=0x0, Actual LOWER: 0x83a45706 UPPER: 0xbe971f7c
     13365 SB: First Read Addr: 0x1a, Expected LOWER: 0x0 UPPER: 0x0
Error: "sym_links/calc_sb.svh", 38: calc_tb_pkg: at time 13385000 ps
     13385 SB: Mismatch LOWER data at addr 0x1b, Expected: 0x0, Got: 0x3c20f378
Error: "sym_links/calc_sb.svh", 41: calc_tb_pkg: at time 13385000 ps
     13385 SB: Mismatch UPPER data at addr 0x1b, Expected: 0x0, Got: 0xc48a1289
     13385 SB: Second Read Addr: 0x1b, Actual LOWER: 0x3c20f378 UPPER: 0xc48a1289
Error: "sym_links/calc_sb.svh", 57: calc_tb_pkg: at time 13405000 ps
     13405 SB: Mismatch on WRITE LOWER data at addr 0x2d, Expected: 0x0, Got: 0xd0fe819
Error: "sym_links/calc_sb.svh", 61: calc_tb_pkg: at time 13405000 ps
     13405 SB: Mismatch on WRITE UPPER data at addr 0x2d, Expected: 0x0, Got: 0xab0601
     13405 SB: Write Addr: 0x2d, Computed: 0x0+0x0=0x0, Actual LOWER: 0xd0fe819 UPPER: 0xab0601
     13425 SB: First Read Addr: 0x1c, Expected LOWER: 0x0 UPPER: 0x0
Error: "sym_links/calc_sb.svh", 38: calc_tb_pkg: at time 13445000 ps
     13445 SB: Mismatch LOWER data at addr 0x1d, Expected: 0x0, Got: 0x634bf9c6
Error: "sym_links/calc_sb.svh", 41: calc_tb_pkg: at time 13445000 ps
     13445 SB: Mismatch UPPER data at addr 0x1d, Expected: 0x0, Got: 0x571513ae
     13445 SB: Second Read Addr: 0x1d, Actual LOWER: 0x634bf9c6 UPPER: 0x571513ae
Error: "sym_links/calc_sb.svh", 57: calc_tb_pkg: at time 13465000 ps
     13465 SB: Mismatch on WRITE LOWER data at addr 0x2e, Expected: 0x0, Got: 0xd0c773a1
Error: "sym_links/calc_sb.svh", 61: calc_tb_pkg: at time 13465000 ps
     13465 SB: Mismatch on WRITE UPPER data at addr 0x2e, Expected: 0x0, Got: 0xba610d74
     13465 SB: Write Addr: 0x2e, Computed: 0x0+0x0=0x0, Actual LOWER: 0xd0c773a1 UPPER: 0xba610d74
     13485 SB: First Read Addr: 0x1e, Expected LOWER: 0x0 UPPER: 0x0
Error: "sym_links/calc_sb.svh", 38: calc_tb_pkg: at time 13505000 ps
     13505 SB: Mismatch LOWER data at addr 0x1f, Expected: 0x0, Got: 0x85d79a0b
Error: "sym_links/calc_sb.svh", 41: calc_tb_pkg: at time 13505000 ps
     13505 SB: Mismatch UPPER data at addr 0x1f, Expected: 0x0, Got: 0xb897be71
     13505 SB: Second Read Addr: 0x1f, Actual LOWER: 0x85d79a0b UPPER: 0xb897be71
Error: "sym_links/calc_sb.svh", 57: calc_tb_pkg: at time 13525000 ps
     13525 SB: Mismatch on WRITE LOWER data at addr 0x2f, Expected: 0x0, Got: 0xf384dfe6
Error: "sym_links/calc_sb.svh", 61: calc_tb_pkg: at time 13525000 ps
     13525 SB: Mismatch on WRITE UPPER data at addr 0x2f, Expected: 0x0, Got: 0x3e6f587c
     13525 SB: Write Addr: 0x2f, Computed: 0x0+0x0=0x0, Actual LOWER: 0xf384dfe6 UPPER: 0x3e6f587c
✓ Test case 2 PASSED
Test case 3 - edge cases
[DRIVER] Initializing SRAM A at addr 0x14 with data 0x0 at time 1354500
[DRIVER] SRAM A initialization complete at time 1354500
[DRIVER] Initializing SRAM B at addr 0x14 with data 0x0 at time 1355500
[DRIVER] SRAM B initialization complete at time 1355500
[DRIVER] Starting calculation with Read[0x14:0x14] Write[0x1e:0x1e] at time 1355500
[DRIVER] Applying reset at time 1355500
[DRIVER] Reset released at time 1359500
     13615 SB: First Read Addr: 0x14, Expected LOWER: 0x0 UPPER: 0x0
"sym_links/calc_tb_top.sv", 336: calc_tb_top.VALID_INPUT_ADDRESS: started at 13625000ps failed at 13625000ps
	Offending '((calc_tb_top.calc_if.curr_rd_addr >= calc_tb_top.calc_if.read_start_addr) && (calc_tb_top.calc_if.curr_rd_addr <= calc_tb_top.calc_if.read_end_addr))'
Error: "sym_links/calc_sb.svh", 38: calc_tb_pkg: at time 13635000 ps
     13635 SB: Mismatch LOWER data at addr 0x15, Expected: 0x0, Got: 0x81174a02
Error: "sym_links/calc_sb.svh", 41: calc_tb_pkg: at time 13635000 ps
     13635 SB: Mismatch UPPER data at addr 0x15, Expected: 0x0, Got: 0xd7563eae
     13635 SB: Second Read Addr: 0x15, Actual LOWER: 0x81174a02 UPPER: 0xd7563eae
Error: "sym_links/calc_sb.svh", 61: calc_tb_pkg: at time 13655000 ps
     13655 SB: Mismatch on WRITE UPPER data at addr 0x1e, Expected: 0x0, Got: 0x586d88b0
     13655 SB: Write Addr: 0x1e, Computed: 0x0+0x0=0x0, Actual LOWER: 0x0 UPPER: 0x586d88b0
✓ Edge case 1 (0+0) PASSED
[DRIVER] Initializing SRAM A at addr 0x15 with data 0xffffffff at time 1367500
[DRIVER] SRAM A initialization complete at time 1367500
[DRIVER] Initializing SRAM B at addr 0x15 with data 0xffffffff at time 1368500
[DRIVER] SRAM B initialization complete at time 1368500
[DRIVER] Starting calculation with Read[0x15:0x15] Write[0x1f:0x1f] at time 1368500
[DRIVER] Applying reset at time 1368500
[DRIVER] Reset released at time 1372500
     13745 SB: First Read Addr: 0x15, Expected LOWER: 0x0 UPPER: 0x0
"sym_links/calc_tb_top.sv", 336: calc_tb_top.VALID_INPUT_ADDRESS: started at 13755000ps failed at 13755000ps
	Offending '((calc_tb_top.calc_if.curr_rd_addr >= calc_tb_top.calc_if.read_start_addr) && (calc_tb_top.calc_if.curr_rd_addr <= calc_tb_top.calc_if.read_end_addr))'
Error: "sym_links/calc_sb.svh", 38: calc_tb_pkg: at time 13765000 ps
     13765 SB: Mismatch LOWER data at addr 0x16, Expected: 0x0, Got: 0xeffe91d
Error: "sym_links/calc_sb.svh", 41: calc_tb_pkg: at time 13765000 ps
     13765 SB: Mismatch UPPER data at addr 0x16, Expected: 0x0, Got: 0xe7c572cf
     13765 SB: Second Read Addr: 0x16, Actual LOWER: 0xeffe91d UPPER: 0xe7c572cf
Error: "sym_links/calc_sb.svh", 57: calc_tb_pkg: at time 13785000 ps
     13785 SB: Mismatch on WRITE LOWER data at addr 0x1f, Expected: 0x0, Got: 0xfffffffe
Error: "sym_links/calc_sb.svh", 61: calc_tb_pkg: at time 13785000 ps
     13785 SB: Mismatch on WRITE UPPER data at addr 0x1f, Expected: 0x0, Got: 0xf6c55bec
     13785 SB: Write Addr: 0x1f, Computed: 0x0+0x0=0x0, Actual LOWER: 0xfffffffe UPPER: 0xf6c55bec
✓ Edge case 2 (MAX+MAX overflow) PASSED
[DRIVER] Initializing SRAM A at addr 0x16 with data 0x0 at time 1380500
[DRIVER] SRAM A initialization complete at time 1380500
[DRIVER] Initializing SRAM B at addr 0x16 with data 0xffffffff at time 1381500
[DRIVER] SRAM B initialization complete at time 1381500
[DRIVER] Starting calculation with Read[0x16:0x16] Write[0x20:0x20] at time 1381500
[DRIVER] Applying reset at time 1381500
[DRIVER] Reset released at time 1385500
     13875 SB: First Read Addr: 0x16, Expected LOWER: 0x0 UPPER: 0x0
"sym_links/calc_tb_top.sv", 336: calc_tb_top.VALID_INPUT_ADDRESS: started at 13885000ps failed at 13885000ps
	Offending '((calc_tb_top.calc_if.curr_rd_addr >= calc_tb_top.calc_if.read_start_addr) && (calc_tb_top.calc_if.curr_rd_addr <= calc_tb_top.calc_if.read_end_addr))'
Error: "sym_links/calc_sb.svh", 38: calc_tb_pkg: at time 13895000 ps
     13895 SB: Mismatch LOWER data at addr 0x17, Expected: 0x0, Got: 0x11844923
Error: "sym_links/calc_sb.svh", 41: calc_tb_pkg: at time 13895000 ps
     13895 SB: Mismatch UPPER data at addr 0x17, Expected: 0x0, Got: 0x509650a
     13895 SB: Second Read Addr: 0x17, Actual LOWER: 0x11844923 UPPER: 0x509650a
Error: "sym_links/calc_sb.svh", 57: calc_tb_pkg: at time 13915000 ps
     13915 SB: Mismatch on WRITE LOWER data at addr 0x20, Expected: 0x0, Got: 0xffffffff
Error: "sym_links/calc_sb.svh", 61: calc_tb_pkg: at time 13915000 ps
     13915 SB: Mismatch on WRITE UPPER data at addr 0x20, Expected: 0x0, Got: 0x168dae2d
     13915 SB: Write Addr: 0x20, Computed: 0x0+0x0=0x0, Actual LOWER: 0xffffffff UPPER: 0x168dae2d
✓ Edge case 3 (0+MAX) PASSED
[DRIVER] Initializing SRAM A at addr 0x2 with data 0xffffffff at time 1393500
[DRIVER] SRAM A initialization complete at time 1393500
[DRIVER] Initializing SRAM B at addr 0x2 with data 0x0 at time 1394500
[DRIVER] SRAM B initialization complete at time 1394500
[DRIVER] Starting calculation with Read[0x17:0x17] Write[0x21:0x21] at time 1394500
[DRIVER] Applying reset at time 1394500
[DRIVER] Reset released at time 1398500
     14005 SB: First Read Addr: 0x17, Expected LOWER: 0x0 UPPER: 0x0
"sym_links/calc_tb_top.sv", 336: calc_tb_top.VALID_INPUT_ADDRESS: started at 14015000ps failed at 14015000ps
	Offending '((calc_tb_top.calc_if.curr_rd_addr >= calc_tb_top.calc_if.read_start_addr) && (calc_tb_top.calc_if.curr_rd_addr <= calc_tb_top.calc_if.read_end_addr))'
Error: "sym_links/calc_sb.svh", 38: calc_tb_pkg: at time 14025000 ps
     14025 SB: Mismatch LOWER data at addr 0x18, Expected: 0x0, Got: 0xe5730aca
Error: "sym_links/calc_sb.svh", 41: calc_tb_pkg: at time 14025000 ps
     14025 SB: Mismatch UPPER data at addr 0x18, Expected: 0x0, Got: 0x9e314c3c
     14025 SB: Second Read Addr: 0x18, Actual LOWER: 0xe5730aca UPPER: 0x9e314c3c
Error: "sym_links/calc_sb.svh", 57: calc_tb_pkg: at time 14045000 ps
     14045 SB: Mismatch on WRITE LOWER data at addr 0x21, Expected: 0x0, Got: 0x168dae2d
Error: "sym_links/calc_sb.svh", 61: calc_tb_pkg: at time 14045000 ps
     14045 SB: Mismatch on WRITE UPPER data at addr 0x21, Expected: 0x0, Got: 0x83a45706
     14045 SB: Write Addr: 0x21, Computed: 0x0+0x0=0x0, Actual LOWER: 0x168dae2d UPPER: 0x83a45706
✓ Additional edge case PASSED
[DRIVER] Initializing SRAM A at addr 0x5 with data 0xaaaaaaaa at time 1406500
[DRIVER] SRAM A initialization complete at time 1406500
[DRIVER] Initializing SRAM B at addr 0x5 with data 0x55555555 at time 1407500
[DRIVER] SRAM B initialization complete at time 1407500
[DRIVER] Starting calculation with Read[0x18:0x18] Write[0x22:0x22] at time 1407500
[DRIVER] Applying reset at time 1407500
[DRIVER] Reset released at time 1411500
     14135 SB: First Read Addr: 0x18, Expected LOWER: 0x0 UPPER: 0x0
"sym_links/calc_tb_top.sv", 336: calc_tb_top.VALID_INPUT_ADDRESS: started at 14145000ps failed at 14145000ps
	Offending '((calc_tb_top.calc_if.curr_rd_addr >= calc_tb_top.calc_if.read_start_addr) && (calc_tb_top.calc_if.curr_rd_addr <= calc_tb_top.calc_if.read_end_addr))'
Error: "sym_links/calc_sb.svh", 38: calc_tb_pkg: at time 14155000 ps
     14155 SB: Mismatch LOWER data at addr 0x19, Expected: 0x0, Got: 0x7968bdf2
Error: "sym_links/calc_sb.svh", 41: calc_tb_pkg: at time 14155000 ps
     14155 SB: Mismatch UPPER data at addr 0x19, Expected: 0x0, Got: 0x452e618a
     14155 SB: Second Read Addr: 0x19, Actual LOWER: 0x7968bdf2 UPPER: 0x452e618a
Error: "sym_links/calc_sb.svh", 57: calc_tb_pkg: at time 14175000 ps
     14175 SB: Mismatch on WRITE LOWER data at addr 0x22, Expected: 0x0, Got: 0x83a45706
Error: "sym_links/calc_sb.svh", 61: calc_tb_pkg: at time 14175000 ps
     14175 SB: Mismatch on WRITE UPPER data at addr 0x22, Expected: 0x0, Got: 0xbe971f7c
     14175 SB: Write Addr: 0x22, Computed: 0x0+0x0=0x0, Actual LOWER: 0x83a45706 UPPER: 0xbe971f7c
✓ Pattern test (0xAAAAAAAA + 0x55555555) PASSED
[DRIVER] Initializing SRAM A at addr 0x6 with data 0x123 at time 1419500
[DRIVER] SRAM A initialization complete at time 1419500
[DRIVER] Initializing SRAM B at addr 0x6 with data 0x456 at time 1420500
[DRIVER] SRAM B initialization complete at time 1420500
[DRIVER] Starting calculation with Read[0x19:0x19] Write[0x23:0x23] at time 1420500
[DRIVER] Applying reset at time 1420500
[DRIVER] Reset released at time 1424500
     14265 SB: First Read Addr: 0x19, Expected LOWER: 0x0 UPPER: 0x0
"sym_links/calc_tb_top.sv", 336: calc_tb_top.VALID_INPUT_ADDRESS: started at 14275000ps failed at 14275000ps
	Offending '((calc_tb_top.calc_if.curr_rd_addr >= calc_tb_top.calc_if.read_start_addr) && (calc_tb_top.calc_if.curr_rd_addr <= calc_tb_top.calc_if.read_end_addr))'
Error: "sym_links/calc_sb.svh", 38: calc_tb_pkg: at time 14285000 ps
     14285 SB: Mismatch LOWER data at addr 0x1a, Expected: 0x0, Got: 0x20c4b341
Error: "sym_links/calc_sb.svh", 41: calc_tb_pkg: at time 14285000 ps
     14285 SB: Mismatch UPPER data at addr 0x1a, Expected: 0x0, Got: 0xec4b34d8
     14285 SB: Second Read Addr: 0x1a, Actual LOWER: 0x20c4b341 UPPER: 0xec4b34d8
Error: "sym_links/calc_sb.svh", 57: calc_tb_pkg: at time 14305000 ps
     14305 SB: Mismatch on WRITE LOWER data at addr 0x23, Expected: 0x0, Got: 0xbe971f7c
Error: "sym_links/calc_sb.svh", 61: calc_tb_pkg: at time 14305000 ps
     14305 SB: Mismatch on WRITE UPPER data at addr 0x23, Expected: 0x0, Got: 0xd0fe819
     14305 SB: Write Addr: 0x23, Computed: 0x0+0x0=0x0, Actual LOWER: 0xbe971f7c UPPER: 0xd0fe819
✓ Small value addition test PASSED
Test case - Buffer location toggle
[DRIVER] Initializing SRAM A at addr 0xa with data 0x11111111 at time 1432500
[DRIVER] SRAM A initialization complete at time 1432500
[DRIVER] Initializing SRAM B at addr 0xa with data 0x22222222 at time 1433500
[DRIVER] SRAM B initialization complete at time 1433500
[DRIVER] Starting calculation with Read[0xa:0xa] Write[0x28:0x28] at time 1433500
[DRIVER] Applying reset at time 1433500
[DRIVER] Reset released at time 1437500
     14395 SB: First Read Addr: 0xa, Expected LOWER: 0x7cbb00e UPPER: 0x59b1beb3
"sym_links/calc_tb_top.sv", 336: calc_tb_top.VALID_INPUT_ADDRESS: started at 14405000ps failed at 14405000ps
	Offending '((calc_tb_top.calc_if.curr_rd_addr >= calc_tb_top.calc_if.read_start_addr) && (calc_tb_top.calc_if.curr_rd_addr <= calc_tb_top.calc_if.read_end_addr))'
Error: "sym_links/calc_sb.svh", 38: calc_tb_pkg: at time 14415000 ps
     14415 SB: Mismatch LOWER data at addr 0xb, Expected: 0x7cbb00e, Got: 0xbd024f79
Error: "sym_links/calc_sb.svh", 41: calc_tb_pkg: at time 14415000 ps
     14415 SB: Mismatch UPPER data at addr 0xb, Expected: 0x59b1beb3, Got: 0x60350ebf
     14415 SB: Second Read Addr: 0xb, Actual LOWER: 0xbd024f79 UPPER: 0x60350ebf
Error: "sym_links/calc_sb.svh", 57: calc_tb_pkg: at time 14435000 ps
     14435 SB: Mismatch on WRITE LOWER data at addr 0x28, Expected: 0x617d6ec1, Got: 0x33333333
Error: "sym_links/calc_sb.svh", 61: calc_tb_pkg: at time 14435000 ps
     14435 SB: Mismatch on WRITE UPPER data at addr 0x28, Expected: 0x0, Got: 0x1d375e38
     14435 SB: Write Addr: 0x28, Computed: 0x7cbb00e+0x59b1beb3=0x617d6ec1, Actual LOWER: 0x33333333 UPPER: 0x1d375e38
[DRIVER] Initializing SRAM A at addr 0xb with data 0x33333333 at time 1445500
[DRIVER] SRAM A initialization complete at time 1445500
[DRIVER] Initializing SRAM B at addr 0xb with data 0x44444444 at time 1446500
[DRIVER] SRAM B initialization complete at time 1446500
[DRIVER] Starting calculation with Read[0xb:0xb] Write[0x29:0x29] at time 1446500
[DRIVER] Applying reset at time 1446500
[DRIVER] Reset released at time 1450500
     14525 SB: First Read Addr: 0xb, Expected LOWER: 0xbd024f79 UPPER: 0x60350ebf
"sym_links/calc_tb_top.sv", 336: calc_tb_top.VALID_INPUT_ADDRESS: started at 14535000ps failed at 14535000ps
	Offending '((calc_tb_top.calc_if.curr_rd_addr >= calc_tb_top.calc_if.read_start_addr) && (calc_tb_top.calc_if.curr_rd_addr <= calc_tb_top.calc_if.read_end_addr))'
Error: "sym_links/calc_sb.svh", 38: calc_tb_pkg: at time 14545000 ps
     14545 SB: Mismatch LOWER data at addr 0xc, Expected: 0xbd024f79, Got: 0xf4007ae8
Error: "sym_links/calc_sb.svh", 41: calc_tb_pkg: at time 14545000 ps
     14545 SB: Mismatch UPPER data at addr 0xc, Expected: 0x60350ebf, Got: 0xe2ca4ec5
     14545 SB: Second Read Addr: 0xc, Actual LOWER: 0xf4007ae8 UPPER: 0xe2ca4ec5
Error: "sym_links/calc_sb.svh", 57: calc_tb_pkg: at time 14565000 ps
     14565 SB: Mismatch on WRITE LOWER data at addr 0x29, Expected: 0x1d375e38, Got: 0x77777777
Error: "sym_links/calc_sb.svh", 61: calc_tb_pkg: at time 14565000 ps
     14565 SB: Mismatch on WRITE UPPER data at addr 0x29, Expected: 0x0, Got: 0xd6cac9ad
     14565 SB: Write Addr: 0x29, Computed: 0xbd024f79+0x60350ebf=0x1d375e38, Actual LOWER: 0x77777777 UPPER: 0xd6cac9ad
[DRIVER] Initializing SRAM A at addr 0xc with data 0x55555555 at time 1458500
[DRIVER] SRAM A initialization complete at time 1458500
[DRIVER] Initializing SRAM B at addr 0xc with data 0x66666666 at time 1459500
[DRIVER] SRAM B initialization complete at time 1459500
[DRIVER] Starting calculation with Read[0xc:0xc] Write[0x2a:0x2a] at time 1459500
[DRIVER] Applying reset at time 1459500
[DRIVER] Reset released at time 1463500
     14655 SB: First Read Addr: 0xc, Expected LOWER: 0x0 UPPER: 0x0
"sym_links/calc_tb_top.sv", 336: calc_tb_top.VALID_INPUT_ADDRESS: started at 14665000ps failed at 14665000ps
	Offending '((calc_tb_top.calc_if.curr_rd_addr >= calc_tb_top.calc_if.read_start_addr) && (calc_tb_top.calc_if.curr_rd_addr <= calc_tb_top.calc_if.read_end_addr))'
Error: "sym_links/calc_sb.svh", 38: calc_tb_pkg: at time 14675000 ps
     14675 SB: Mismatch LOWER data at addr 0xd, Expected: 0x0, Got: 0x2e58495c
Error: "sym_links/calc_sb.svh", 41: calc_tb_pkg: at time 14675000 ps
     14675 SB: Mismatch UPPER data at addr 0xd, Expected: 0x0, Got: 0xde8e28bd
     14675 SB: Second Read Addr: 0xd, Actual LOWER: 0x2e58495c UPPER: 0xde8e28bd
Error: "sym_links/calc_sb.svh", 57: calc_tb_pkg: at time 14695000 ps
     14695 SB: Mismatch on WRITE LOWER data at addr 0x2a, Expected: 0x0, Got: 0xbbbbbbbb
Error: "sym_links/calc_sb.svh", 61: calc_tb_pkg: at time 14695000 ps
     14695 SB: Mismatch on WRITE UPPER data at addr 0x2a, Expected: 0x0, Got: 0xce67219
     14695 SB: Write Addr: 0x2a, Computed: 0x0+0x0=0x0, Actual LOWER: 0xbbbbbbbb UPPER: 0xce67219
✓ Buffer location toggle test PASSED
Randomized Testing
[DRIVER] Starting calculation with Read[0xeb:0x103] Write[0x13f:0x17c] at time 1470500
[DRIVER] Applying reset at time 1470500
[DRIVER] Reset released at time 1474500
     14765 SB: First Read Addr: 0xeb, Expected LOWER: 0x0 UPPER: 0x0
Error: "sym_links/calc_sb.svh", 38: calc_tb_pkg: at time 14785000 ps
     14785 SB: Mismatch LOWER data at addr 0xec, Expected: 0x0, Got: 0x45e28b8b
Error: "sym_links/calc_sb.svh", 41: calc_tb_pkg: at time 14785000 ps
     14785 SB: Mismatch UPPER data at addr 0xec, Expected: 0x0, Got: 0xf25f01
     14785 SB: Second Read Addr: 0xec, Actual LOWER: 0x45e28b8b UPPER: 0xf25f01
Error: "sym_links/calc_sb.svh", 57: calc_tb_pkg: at time 14805000 ps
     14805 SB: Mismatch on WRITE LOWER data at addr 0x13f, Expected: 0x0, Got: 0xafad455f
Error: "sym_links/calc_sb.svh", 61: calc_tb_pkg: at time 14805000 ps
     14805 SB: Mismatch on WRITE UPPER data at addr 0x13f, Expected: 0x0, Got: 0x46d4ea8c
     14805 SB: Write Addr: 0x13f, Computed: 0x0+0x0=0x0, Actual LOWER: 0xafad455f UPPER: 0x46d4ea8c
     14825 SB: First Read Addr: 0xed, Expected LOWER: 0x0 UPPER: 0x0
Error: "sym_links/calc_sb.svh", 38: calc_tb_pkg: at time 14845000 ps
     14845 SB: Mismatch LOWER data at addr 0xee, Expected: 0x0, Got: 0x611d9fc2
Error: "sym_links/calc_sb.svh", 41: calc_tb_pkg: at time 14845000 ps
     14845 SB: Mismatch UPPER data at addr 0xee, Expected: 0x0, Got: 0xe2ecdac5
     14845 SB: Second Read Addr: 0xee, Actual LOWER: 0x611d9fc2 UPPER: 0xe2ecdac5
Error: "sym_links/calc_sb.svh", 57: calc_tb_pkg: at time 14865000 ps
     14865 SB: Mismatch on WRITE LOWER data at addr 0x140, Expected: 0x0, Got: 0x2df6ce5b
Error: "sym_links/calc_sb.svh", 61: calc_tb_pkg: at time 14865000 ps
     14865 SB: Mismatch on WRITE UPPER data at addr 0x140, Expected: 0x0, Got: 0x440a7a87
     14865 SB: Write Addr: 0x140, Computed: 0x0+0x0=0x0, Actual LOWER: 0x2df6ce5b UPPER: 0x440a7a87
     14885 SB: First Read Addr: 0xef, Expected LOWER: 0x0 UPPER: 0x0
Error: "sym_links/calc_sb.svh", 38: calc_tb_pkg: at time 14905000 ps
     14905 SB: Mismatch LOWER data at addr 0xf0, Expected: 0x0, Got: 0xb302da66
Error: "sym_links/calc_sb.svh", 41: calc_tb_pkg: at time 14905000 ps
     14905 SB: Mismatch UPPER data at addr 0xf0, Expected: 0x0, Got: 0x57fbb9af
     14905 SB: Second Read Addr: 0xf0, Actual LOWER: 0xb302da66 UPPER: 0x57fbb9af
Error: "sym_links/calc_sb.svh", 57: calc_tb_pkg: at time 14925000 ps
     14925 SB: Mismatch on WRITE LOWER data at addr 0x141, Expected: 0x0, Got: 0x6fdadedf
Error: "sym_links/calc_sb.svh", 61: calc_tb_pkg: at time 14925000 ps
     14925 SB: Mismatch on WRITE UPPER data at addr 0x141, Expected: 0x0, Got: 0xafe9415
     14925 SB: Write Addr: 0x141, Computed: 0x0+0x0=0x0, Actual LOWER: 0x6fdadedf UPPER: 0xafe9415
     14945 SB: First Read Addr: 0xf1, Expected LOWER: 0x0 UPPER: 0x0
Error: "sym_links/calc_sb.svh", 38: calc_tb_pkg: at time 14965000 ps
     14965 SB: Mismatch LOWER data at addr 0xf2, Expected: 0x0, Got: 0x8376ac06
Error: "sym_links/calc_sb.svh", 41: calc_tb_pkg: at time 14965000 ps
     14965 SB: Mismatch UPPER data at addr 0xf2, Expected: 0x0, Got: 0xf78576ef
     14965 SB: Second Read Addr: 0xf2, Actual LOWER: 0x8376ac06 UPPER: 0xf78576ef
Error: "sym_links/calc_sb.svh", 57: calc_tb_pkg: at time 14985000 ps
     14985 SB: Mismatch on WRITE LOWER data at addr 0x142, Expected: 0x0, Got: 0x711a1ee1
Error: "sym_links/calc_sb.svh", 61: calc_tb_pkg: at time 14985000 ps
     14985 SB: Mismatch on WRITE UPPER data at addr 0x142, Expected: 0x0, Got: 0x7afc22f5
     14985 SB: Write Addr: 0x142, Computed: 0x0+0x0=0x0, Actual LOWER: 0x711a1ee1 UPPER: 0x7afc22f5
     15005 SB: First Read Addr: 0xf3, Expected LOWER: 0x0 UPPER: 0x0
Error: "sym_links/calc_sb.svh", 38: calc_tb_pkg: at time 15025000 ps
     15025 SB: Mismatch LOWER data at addr 0xf4, Expected: 0x0, Got: 0xf7723eee
Error: "sym_links/calc_sb.svh", 41: calc_tb_pkg: at time 15025000 ps
     15025 SB: Mismatch UPPER data at addr 0xf4, Expected: 0x0, Got: 0x304e4d60
     15025 SB: Second Read Addr: 0xf4, Actual LOWER: 0xf7723eee UPPER: 0x304e4d60
Error: "sym_links/calc_sb.svh", 57: calc_tb_pkg: at time 15045000 ps
     15045 SB: Mismatch on WRITE LOWER data at addr 0x143, Expected: 0x0, Got: 0x3ba3b476
Error: "sym_links/calc_sb.svh", 61: calc_tb_pkg: at time 15045000 ps
     15045 SB: Mismatch on WRITE UPPER data at addr 0x143, Expected: 0x0, Got: 0x27c08c4e
     15045 SB: Write Addr: 0x143, Computed: 0x0+0x0=0x0, Actual LOWER: 0x3ba3b476 UPPER: 0x27c08c4e
     15065 SB: First Read Addr: 0xf5, Expected LOWER: 0x0 UPPER: 0x0
Error: "sym_links/calc_sb.svh", 38: calc_tb_pkg: at time 15085000 ps
     15085 SB: Mismatch LOWER data at addr 0xf6, Expected: 0x0, Got: 0x322f7d64
Error: "sym_links/calc_sb.svh", 41: calc_tb_pkg: at time 15085000 ps
     15085 SB: Mismatch UPPER data at addr 0xf6, Expected: 0x0, Got: 0x14b43729
     15085 SB: Second Read Addr: 0xf6, Actual LOWER: 0x322f7d64 UPPER: 0x14b43729
Error: "sym_links/calc_sb.svh", 57: calc_tb_pkg: at time 15105000 ps
     15105 SB: Mismatch on WRITE LOWER data at addr 0x144, Expected: 0x0, Got: 0x86bd490d
Error: "sym_links/calc_sb.svh", 61: calc_tb_pkg: at time 15105000 ps
     15105 SB: Mismatch on WRITE UPPER data at addr 0x144, Expected: 0x0, Got: 0x46e3b48d
     15105 SB: Write Addr: 0x144, Computed: 0x0+0x0=0x0, Actual LOWER: 0x86bd490d UPPER: 0x46e3b48d
     15125 SB: First Read Addr: 0xf7, Expected LOWER: 0x0 UPPER: 0x0
Error: "sym_links/calc_sb.svh", 38: calc_tb_pkg: at time 15145000 ps
     15145 SB: Mismatch LOWER data at addr 0xf8, Expected: 0x0, Got: 0x3715156e
Error: "sym_links/calc_sb.svh", 41: calc_tb_pkg: at time 15145000 ps
     15145 SB: Mismatch UPPER data at addr 0xf8, Expected: 0x0, Got: 0x40aaf581
     15145 SB: Second Read Addr: 0xf8, Actual LOWER: 0x3715156e UPPER: 0x40aaf581
Error: "sym_links/calc_sb.svh", 57: calc_tb_pkg: at time 15165000 ps
     15165 SB: Mismatch on WRITE LOWER data at addr 0x145, Expected: 0x0, Got: 0xacab0158
Error: "sym_links/calc_sb.svh", 61: calc_tb_pkg: at time 15165000 ps
     15165 SB: Mismatch on WRITE UPPER data at addr 0x145, Expected: 0x0, Got: 0x77c00aef
     15165 SB: Write Addr: 0x145, Computed: 0x0+0x0=0x0, Actual LOWER: 0xacab0158 UPPER: 0x77c00aef
     15185 SB: First Read Addr: 0xf9, Expected LOWER: 0x0 UPPER: 0x0
Error: "sym_links/calc_sb.svh", 38: calc_tb_pkg: at time 15205000 ps
     15205 SB: Mismatch LOWER data at addr 0xfa, Expected: 0x0, Got: 0x786271f0
Error: "sym_links/calc_sb.svh", 41: calc_tb_pkg: at time 15205000 ps
     15205 SB: Mismatch UPPER data at addr 0xfa, Expected: 0x0, Got: 0xd57800aa
     15205 SB: Second Read Addr: 0xfa, Actual LOWER: 0x786271f0 UPPER: 0xd57800aa
Error: "sym_links/calc_sb.svh", 57: calc_tb_pkg: at time 15225000 ps
     15225 SB: Mismatch on WRITE LOWER data at addr 0x146, Expected: 0x0, Got: 0x9ed78f3d
Error: "sym_links/calc_sb.svh", 61: calc_tb_pkg: at time 15225000 ps
     15225 SB: Mismatch on WRITE UPPER data at addr 0x146, Expected: 0x0, Got: 0x4dda729a
     15225 SB: Write Addr: 0x146, Computed: 0x0+0x0=0x0, Actual LOWER: 0x9ed78f3d UPPER: 0x4dda729a
     15245 SB: First Read Addr: 0xfb, Expected LOWER: 0x0 UPPER: 0x0
Error: "sym_links/calc_sb.svh", 38: calc_tb_pkg: at time 15265000 ps
     15265 SB: Mismatch LOWER data at addr 0xfc, Expected: 0x0, Got: 0xbe9bbc7d
Error: "sym_links/calc_sb.svh", 41: calc_tb_pkg: at time 15265000 ps
     15265 SB: Mismatch UPPER data at addr 0xfc, Expected: 0x0, Got: 0x472e958e
     15265 SB: Second Read Addr: 0xfc, Actual LOWER: 0xbe9bbc7d UPPER: 0x472e958e
Error: "sym_links/calc_sb.svh", 57: calc_tb_pkg: at time 15285000 ps
     15285 SB: Mismatch on WRITE LOWER data at addr 0x147, Expected: 0x0, Got: 0x7c0c00
Error: "sym_links/calc_sb.svh", 61: calc_tb_pkg: at time 15285000 ps
     15285 SB: Mismatch on WRITE UPPER data at addr 0x147, Expected: 0x0, Got: 0x5ca520b
     15285 SB: Write Addr: 0x147, Computed: 0x0+0x0=0x0, Actual LOWER: 0x7c0c00 UPPER: 0x5ca520b
     15305 SB: First Read Addr: 0xfd, Expected LOWER: 0x0 UPPER: 0x0
Error: "sym_links/calc_sb.svh", 38: calc_tb_pkg: at time 15325000 ps
     15325 SB: Mismatch LOWER data at addr 0xfe, Expected: 0x0, Got: 0xd4b5e6a9
Error: "sym_links/calc_sb.svh", 41: calc_tb_pkg: at time 15325000 ps
     15325 SB: Mismatch UPPER data at addr 0xfe, Expected: 0x0, Got: 0x77ebb1ef
     15325 SB: Second Read Addr: 0xfe, Actual LOWER: 0xd4b5e6a9 UPPER: 0x77ebb1ef
Error: "sym_links/calc_sb.svh", 57: calc_tb_pkg: at time 15345000 ps
     15345 SB: Mismatch on WRITE LOWER data at addr 0x148, Expected: 0x0, Got: 0xfc82a1e
Error: "sym_links/calc_sb.svh", 61: calc_tb_pkg: at time 15345000 ps
     15345 SB: Mismatch on WRITE UPPER data at addr 0x148, Expected: 0x0, Got: 0x4ca19898
     15345 SB: Write Addr: 0x148, Computed: 0x0+0x0=0x0, Actual LOWER: 0xfc82a1e UPPER: 0x4ca19898
     15365 SB: First Read Addr: 0xff, Expected LOWER: 0x0 UPPER: 0x0
Error: "sym_links/calc_sb.svh", 38: calc_tb_pkg: at time 15385000 ps
     15385 SB: Mismatch LOWER data at addr 0x100, Expected: 0x0, Got: 0x25029b4a
Error: "sym_links/calc_sb.svh", 41: calc_tb_pkg: at time 15385000 ps
     15385 SB: Mismatch UPPER data at addr 0x100, Expected: 0x0, Got: 0x5cd20db9
     15385 SB: Second Read Addr: 0x100, Actual LOWER: 0x25029b4a UPPER: 0x5cd20db9
Error: "sym_links/calc_sb.svh", 57: calc_tb_pkg: at time 15405000 ps
     15405 SB: Mismatch on WRITE LOWER data at addr 0x149, Expected: 0x0, Got: 0x858a0d0a
Error: "sym_links/calc_sb.svh", 61: calc_tb_pkg: at time 15405000 ps
     15405 SB: Mismatch on WRITE UPPER data at addr 0x149, Expected: 0x0, Got: 0x81d4a903
     15405 SB: Write Addr: 0x149, Computed: 0x0+0x0=0x0, Actual LOWER: 0x858a0d0a UPPER: 0x81d4a903
     15425 SB: First Read Addr: 0x101, Expected LOWER: 0x0 UPPER: 0x0
Error: "sym_links/calc_sb.svh", 38: calc_tb_pkg: at time 15445000 ps
     15445 SB: Mismatch LOWER data at addr 0x102, Expected: 0x0, Got: 0x32dc4165
Error: "sym_links/calc_sb.svh", 41: calc_tb_pkg: at time 15445000 ps
     15445 SB: Mismatch UPPER data at addr 0x102, Expected: 0x0, Got: 0x28c62751
     15445 SB: Second Read Addr: 0x102, Actual LOWER: 0x32dc4165 UPPER: 0x28c62751
Error: "sym_links/calc_sb.svh", 57: calc_tb_pkg: at time 15465000 ps
     15465 SB: Mismatch on WRITE LOWER data at addr 0x14a, Expected: 0x0, Got: 0x13566226
Error: "sym_links/calc_sb.svh", 61: calc_tb_pkg: at time 15465000 ps
     15465 SB: Mismatch on WRITE UPPER data at addr 0x14a, Expected: 0x0, Got: 0x5ba268b6
     15465 SB: Write Addr: 0x14a, Computed: 0x0+0x0=0x0, Actual LOWER: 0x13566226 UPPER: 0x5ba268b6
     15485 SB: First Read Addr: 0x103, Expected LOWER: 0x0 UPPER: 0x0
"sym_links/calc_tb_top.sv", 336: calc_tb_top.VALID_INPUT_ADDRESS: started at 15495000ps failed at 15495000ps
	Offending '((calc_tb_top.calc_if.curr_rd_addr >= calc_tb_top.calc_if.read_start_addr) && (calc_tb_top.calc_if.curr_rd_addr <= calc_tb_top.calc_if.read_end_addr))'
Error: "sym_links/calc_sb.svh", 38: calc_tb_pkg: at time 15505000 ps
     15505 SB: Mismatch LOWER data at addr 0x104, Expected: 0x0, Got: 0x9d12083a
Error: "sym_links/calc_sb.svh", 41: calc_tb_pkg: at time 15505000 ps
     15505 SB: Mismatch UPPER data at addr 0x104, Expected: 0x0, Got: 0xb8ea3a71
     15505 SB: Second Read Addr: 0x104, Actual LOWER: 0x9d12083a UPPER: 0xb8ea3a71
Error: "sym_links/calc_sb.svh", 57: calc_tb_pkg: at time 15525000 ps
     15525 SB: Mismatch on WRITE LOWER data at addr 0x14b, Expected: 0x0, Got: 0xa8304b50
Error: "sym_links/calc_sb.svh", 61: calc_tb_pkg: at time 15525000 ps
     15525 SB: Mismatch on WRITE UPPER data at addr 0x14b, Expected: 0x0, Got: 0x55fc42ab
     15525 SB: Write Addr: 0x14b, Computed: 0x0+0x0=0x0, Actual LOWER: 0xa8304b50 UPPER: 0x55fc42ab
[DRIVER] Starting calculation with Read[0x29:0x69] Write[0x19e:0x1d6] at time 1558500
[DRIVER] Applying reset at time 1558500
[DRIVER] Reset released at time 1562500
     15645 SB: First Read Addr: 0x29, Expected LOWER: 0x77777777 UPPER: 0xd6cac9ad
Error: "sym_links/calc_sb.svh", 38: calc_tb_pkg: at time 15665000 ps
     15665 SB: Mismatch LOWER data at addr 0x2a, Expected: 0x77777777, Got: 0xbbbbbbbb
Error: "sym_links/calc_sb.svh", 41: calc_tb_pkg: at time 15665000 ps
     15665 SB: Mismatch UPPER data at addr 0x2a, Expected: 0xd6cac9ad, Got: 0xce67219
     15665 SB: Second Read Addr: 0x2a, Actual LOWER: 0xbbbbbbbb UPPER: 0xce67219
Error: "sym_links/calc_sb.svh", 61: calc_tb_pkg: at time 15685000 ps
     15685 SB: Mismatch on WRITE UPPER data at addr 0x19e, Expected: 0x0, Got: 0xc8a22dd4
     15685 SB: Write Addr: 0x19e, Computed: 0x77777777+0xd6cac9ad=0x4e424124, Actual LOWER: 0x4e424124 UPPER: 0xc8a22dd4
     15705 SB: First Read Addr: 0x2b, Expected LOWER: 0xf6c55bec UPPER: 0x168dae2d
Error: "sym_links/calc_sb.svh", 38: calc_tb_pkg: at time 15725000 ps
     15725 SB: Mismatch LOWER data at addr 0x2c, Expected: 0xf6c55bec, Got: 0x83a45706
Error: "sym_links/calc_sb.svh", 41: calc_tb_pkg: at time 15725000 ps
     15725 SB: Mismatch UPPER data at addr 0x2c, Expected: 0x168dae2d, Got: 0xbe971f7c
     15725 SB: Second Read Addr: 0x2c, Actual LOWER: 0x83a45706 UPPER: 0xbe971f7c
Error: "sym_links/calc_sb.svh", 61: calc_tb_pkg: at time 15745000 ps
     15745 SB: Mismatch on WRITE UPPER data at addr 0x19f, Expected: 0x0, Got: 0x423b7682
     15745 SB: Write Addr: 0x19f, Computed: 0xf6c55bec+0x168dae2d=0xd530a19, Actual LOWER: 0xd530a19 UPPER: 0x423b7682
     15765 SB: First Read Addr: 0x2d, Expected LOWER: 0xd0fe819 UPPER: 0xab0601
Error: "sym_links/calc_sb.svh", 38: calc_tb_pkg: at time 15785000 ps
     15785 SB: Mismatch LOWER data at addr 0x2e, Expected: 0xd0fe819, Got: 0xd0c773a1
Error: "sym_links/calc_sb.svh", 41: calc_tb_pkg: at time 15785000 ps
     15785 SB: Mismatch UPPER data at addr 0x2e, Expected: 0xab0601, Got: 0xba610d74
     15785 SB: Second Read Addr: 0x2e, Actual LOWER: 0xd0c773a1 UPPER: 0xba610d74
Error: "sym_links/calc_sb.svh", 61: calc_tb_pkg: at time 15805000 ps
     15805 SB: Mismatch on WRITE UPPER data at addr 0x1a0, Expected: 0x0, Got: 0x8b288115
     15805 SB: Write Addr: 0x1a0, Computed: 0xd0fe819+0xab0601=0xdbaee1a, Actual LOWER: 0xdbaee1a UPPER: 0x8b288115
     15825 SB: First Read Addr: 0x2f, Expected LOWER: 0xf384dfe6 UPPER: 0x3e6f587c
Error: "sym_links/calc_sb.svh", 38: calc_tb_pkg: at time 15845000 ps
     15845 SB: Mismatch LOWER data at addr 0x30, Expected: 0xf384dfe6, Got: 0xfd28f1f
Error: "sym_links/calc_sb.svh", 41: calc_tb_pkg: at time 15845000 ps
     15845 SB: Mismatch UPPER data at addr 0x30, Expected: 0x3e6f587c, Got: 0xe9ebf6d3
     15845 SB: Second Read Addr: 0x30, Actual LOWER: 0xfd28f1f UPPER: 0xe9ebf6d3
Error: "sym_links/calc_sb.svh", 61: calc_tb_pkg: at time 15865000 ps
     15865 SB: Mismatch on WRITE UPPER data at addr 0x1a1, Expected: 0x0, Got: 0xf9be85f2
     15865 SB: Write Addr: 0x1a1, Computed: 0xf384dfe6+0x3e6f587c=0x31f43862, Actual LOWER: 0x31f43862 UPPER: 0xf9be85f2
     15885 SB: First Read Addr: 0x31, Expected LOWER: 0x0 UPPER: 0x0
Error: "sym_links/calc_sb.svh", 38: calc_tb_pkg: at time 15905000 ps
     15905 SB: Mismatch LOWER data at addr 0x32, Expected: 0x0, Got: 0x2dda595b
Error: "sym_links/calc_sb.svh", 41: calc_tb_pkg: at time 15905000 ps
     15905 SB: Mismatch UPPER data at addr 0x32, Expected: 0x0, Got: 0x248b4b49
     15905 SB: Second Read Addr: 0x32, Actual LOWER: 0x2dda595b UPPER: 0x248b4b49
Error: "sym_links/calc_sb.svh", 57: calc_tb_pkg: at time 15925000 ps
     15925 SB: Mismatch on WRITE LOWER data at addr 0x1a2, Expected: 0x0, Got: 0xfeedb7fd
Error: "sym_links/calc_sb.svh", 61: calc_tb_pkg: at time 15925000 ps
     15925 SB: Mismatch on WRITE UPPER data at addr 0x1a2, Expected: 0x0, Got: 0x5265a4a4
     15925 SB: Write Addr: 0x1a2, Computed: 0x0+0x0=0x0, Actual LOWER: 0xfeedb7fd UPPER: 0x5265a4a4
     15945 SB: First Read Addr: 0x33, Expected LOWER: 0x0 UPPER: 0x0
Error: "sym_links/calc_sb.svh", 38: calc_tb_pkg: at time 15965000 ps
     15965 SB: Mismatch LOWER data at addr 0x34, Expected: 0x0, Got: 0x2c156358
Error: "sym_links/calc_sb.svh", 41: calc_tb_pkg: at time 15965000 ps
     15965 SB: Mismatch UPPER data at addr 0x34, Expected: 0x0, Got: 0xc33f3886
     15965 SB: Second Read Addr: 0x34, Actual LOWER: 0x2c156358 UPPER: 0xc33f3886
Error: "sym_links/calc_sb.svh", 57: calc_tb_pkg: at time 15985000 ps
     15985 SB: Mismatch on WRITE LOWER data at addr 0x1a3, Expected: 0x0, Got: 0xb4ff5d69
Error: "sym_links/calc_sb.svh", 61: calc_tb_pkg: at time 15985000 ps
     15985 SB: Mismatch on WRITE UPPER data at addr 0x1a3, Expected: 0x0, Got: 0xef549bde
     15985 SB: Write Addr: 0x1a3, Computed: 0x0+0x0=0x0, Actual LOWER: 0xb4ff5d69 UPPER: 0xef549bde
     16005 SB: First Read Addr: 0x35, Expected LOWER: 0x0 UPPER: 0x0
Error: "sym_links/calc_sb.svh", 38: calc_tb_pkg: at time 16025000 ps
     16025 SB: Mismatch LOWER data at addr 0x36, Expected: 0x0, Got: 0x7d3599fa
Error: "sym_links/calc_sb.svh", 41: calc_tb_pkg: at time 16025000 ps
     16025 SB: Mismatch UPPER data at addr 0x36, Expected: 0x0, Got: 0x937dbc26
     16025 SB: Second Read Addr: 0x36, Actual LOWER: 0x7d3599fa UPPER: 0x937dbc26
Error: "sym_links/calc_sb.svh", 57: calc_tb_pkg: at time 16045000 ps
     16045 SB: Mismatch on WRITE LOWER data at addr 0x1a4, Expected: 0x0, Got: 0x9549ff2a
Error: "sym_links/calc_sb.svh", 61: calc_tb_pkg: at time 16045000 ps
     16045 SB: Mismatch on WRITE UPPER data at addr 0x1a4, Expected: 0x0, Got: 0x10b35620
     16045 SB: Write Addr: 0x1a4, Computed: 0x0+0x0=0x0, Actual LOWER: 0x9549ff2a UPPER: 0x10b35620
     16065 SB: First Read Addr: 0x37, Expected LOWER: 0x0 UPPER: 0x0
Error: "sym_links/calc_sb.svh", 38: calc_tb_pkg: at time 16085000 ps
     16085 SB: Mismatch LOWER data at addr 0x38, Expected: 0x0, Got: 0x9799a82f
Error: "sym_links/calc_sb.svh", 41: calc_tb_pkg: at time 16085000 ps
     16085 SB: Mismatch UPPER data at addr 0x38, Expected: 0x0, Got: 0xd9d292b3
     16085 SB: Second Read Addr: 0x38, Actual LOWER: 0x9799a82f UPPER: 0xd9d292b3
Error: "sym_links/calc_sb.svh", 57: calc_tb_pkg: at time 16105000 ps
     16105 SB: Mismatch on WRITE LOWER data at addr 0x1a5, Expected: 0x0, Got: 0xb21cc16
Error: "sym_links/calc_sb.svh", 61: calc_tb_pkg: at time 16105000 ps
     16105 SB: Mismatch on WRITE UPPER data at addr 0x1a5, Expected: 0x0, Got: 0x716c3ae2
     16105 SB: Write Addr: 0x1a5, Computed: 0x0+0x0=0x0, Actual LOWER: 0xb21cc16 UPPER: 0x716c3ae2
     16125 SB: First Read Addr: 0x39, Expected LOWER: 0x0 UPPER: 0x0
Error: "sym_links/calc_sb.svh", 38: calc_tb_pkg: at time 16145000 ps
     16145 SB: Mismatch LOWER data at addr 0x3a, Expected: 0x0, Got: 0x7bf8fdf7
Error: "sym_links/calc_sb.svh", 41: calc_tb_pkg: at time 16145000 ps
     16145 SB: Mismatch UPPER data at addr 0x3a, Expected: 0x0, Got: 0xe59b36cb
     16145 SB: Second Read Addr: 0x3a, Actual LOWER: 0x7bf8fdf7 UPPER: 0xe59b36cb
Error: "sym_links/calc_sb.svh", 57: calc_tb_pkg: at time 16165000 ps
     16165 SB: Mismatch on WRITE LOWER data at addr 0x1a6, Expected: 0x0, Got: 0xd20163a3
Error: "sym_links/calc_sb.svh", 61: calc_tb_pkg: at time 16165000 ps
     16165 SB: Mismatch on WRITE UPPER data at addr 0x1a6, Expected: 0x0, Got: 0x619434c2
     16165 SB: Write Addr: 0x1a6, Computed: 0x0+0x0=0x0, Actual LOWER: 0xd20163a3 UPPER: 0x619434c2
     16185 SB: First Read Addr: 0x3b, Expected LOWER: 0x0 UPPER: 0x0
Error: "sym_links/calc_sb.svh", 38: calc_tb_pkg: at time 16205000 ps
     16205 SB: Mismatch LOWER data at addr 0x3c, Expected: 0x0, Got: 0x14cfc129
Error: "sym_links/calc_sb.svh", 41: calc_tb_pkg: at time 16205000 ps
     16205 SB: Mismatch UPPER data at addr 0x3c, Expected: 0x0, Got: 0xf682e2ed
     16205 SB: Second Read Addr: 0x3c, Actual LOWER: 0x14cfc129 UPPER: 0xf682e2ed
Error: "sym_links/calc_sb.svh", 57: calc_tb_pkg: at time 16225000 ps
     16225 SB: Mismatch on WRITE LOWER data at addr 0x1a7, Expected: 0x0, Got: 0x2031f640
Error: "sym_links/calc_sb.svh", 61: calc_tb_pkg: at time 16225000 ps
     16225 SB: Mismatch on WRITE UPPER data at addr 0x1a7, Expected: 0x0, Got: 0xb52a416
     16225 SB: Write Addr: 0x1a7, Computed: 0x0+0x0=0x0, Actual LOWER: 0x2031f640 UPPER: 0xb52a416
     16245 SB: First Read Addr: 0x3d, Expected LOWER: 0x0 UPPER: 0x0
Error: "sym_links/calc_sb.svh", 38: calc_tb_pkg: at time 16265000 ps
     16265 SB: Mismatch LOWER data at addr 0x3e, Expected: 0x0, Got: 0xda8ae2b5
Error: "sym_links/calc_sb.svh", 41: calc_tb_pkg: at time 16265000 ps
     16265 SB: Mismatch UPPER data at addr 0x3e, Expected: 0x0, Got: 0xefbe94df
     16265 SB: Second Read Addr: 0x3e, Actual LOWER: 0xda8ae2b5 UPPER: 0xefbe94df
Error: "sym_links/calc_sb.svh", 57: calc_tb_pkg: at time 16285000 ps
     16285 SB: Mismatch on WRITE LOWER data at addr 0x1a8, Expected: 0x0, Got: 0x9ff3233f
Error: "sym_links/calc_sb.svh", 61: calc_tb_pkg: at time 16285000 ps
     16285 SB: Mismatch on WRITE UPPER data at addr 0x1a8, Expected: 0x0, Got: 0xca497794
     16285 SB: Write Addr: 0x1a8, Computed: 0x0+0x0=0x0, Actual LOWER: 0x9ff3233f UPPER: 0xca497794
     16305 SB: First Read Addr: 0x3f, Expected LOWER: 0x0 UPPER: 0x0
Error: "sym_links/calc_sb.svh", 38: calc_tb_pkg: at time 16325000 ps
     16325 SB: Mismatch LOWER data at addr 0x40, Expected: 0x0, Got: 0xe8740cd0
Error: "sym_links/calc_sb.svh", 41: calc_tb_pkg: at time 16325000 ps
     16325 SB: Mismatch UPPER data at addr 0x40, Expected: 0x0, Got: 0x15090b2a
     16325 SB: Second Read Addr: 0x40, Actual LOWER: 0xe8740cd0 UPPER: 0x15090b2a
Error: "sym_links/calc_sb.svh", 57: calc_tb_pkg: at time 16345000 ps
     16345 SB: Mismatch on WRITE LOWER data at addr 0x1a9, Expected: 0x0, Got: 0x5f2318bd
Error: "sym_links/calc_sb.svh", 61: calc_tb_pkg: at time 16345000 ps
     16345 SB: Mismatch on WRITE UPPER data at addr 0x1a9, Expected: 0x0, Got: 0xfd7d17fa
     16345 SB: Write Addr: 0x1a9, Computed: 0x0+0x0=0x0, Actual LOWER: 0x5f2318bd UPPER: 0xfd7d17fa
     16365 SB: First Read Addr: 0x41, Expected LOWER: 0x0 UPPER: 0x0
Error: "sym_links/calc_sb.svh", 38: calc_tb_pkg: at time 16385000 ps
     16385 SB: Mismatch LOWER data at addr 0x42, Expected: 0x0, Got: 0x6e5daddc
Error: "sym_links/calc_sb.svh", 41: calc_tb_pkg: at time 16385000 ps
     16385 SB: Mismatch UPPER data at addr 0x42, Expected: 0x0, Got: 0xcd5ebc9a
     16385 SB: Second Read Addr: 0x42, Actual LOWER: 0x6e5daddc UPPER: 0xcd5ebc9a
Error: "sym_links/calc_sb.svh", 57: calc_tb_pkg: at time 16405000 ps
     16405 SB: Mismatch on WRITE LOWER data at addr 0x1aa, Expected: 0x0, Got: 0x5d667cb9
Error: "sym_links/calc_sb.svh", 61: calc_tb_pkg: at time 16405000 ps
     16405 SB: Mismatch on WRITE UPPER data at addr 0x1aa, Expected: 0x0, Got: 0x3bbc6a76
     16405 SB: Write Addr: 0x1aa, Computed: 0x0+0x0=0x0, Actual LOWER: 0x5d667cb9 UPPER: 0x3bbc6a76
     16425 SB: First Read Addr: 0x43, Expected LOWER: 0x0 UPPER: 0x0
Error: "sym_links/calc_sb.svh", 38: calc_tb_pkg: at time 16445000 ps
     16445 SB: Mismatch LOWER data at addr 0x44, Expected: 0x0, Got: 0x2b0eed56
Error: "sym_links/calc_sb.svh", 41: calc_tb_pkg: at time 16445000 ps
     16445 SB: Mismatch UPPER data at addr 0x44, Expected: 0x0, Got: 0x2779e94e
     16445 SB: Second Read Addr: 0x44, Actual LOWER: 0x2b0eed56 UPPER: 0x2779e94e
Error: "sym_links/calc_sb.svh", 57: calc_tb_pkg: at time 16465000 ps
     16465 SB: Mismatch on WRITE LOWER data at addr 0x1ab, Expected: 0x0, Got: 0xe0d075c0
Error: "sym_links/calc_sb.svh", 61: calc_tb_pkg: at time 16465000 ps
     16465 SB: Mismatch on WRITE UPPER data at addr 0x1ab, Expected: 0x0, Got: 0x5288d6a4
     16465 SB: Write Addr: 0x1ab, Computed: 0x0+0x0=0x0, Actual LOWER: 0xe0d075c0 UPPER: 0x5288d6a4
     16485 SB: First Read Addr: 0x45, Expected LOWER: 0x0 UPPER: 0x0
Error: "sym_links/calc_sb.svh", 38: calc_tb_pkg: at time 16505000 ps
     16505 SB: Mismatch LOWER data at addr 0x46, Expected: 0x0, Got: 0x5b6fb9b6
Error: "sym_links/calc_sb.svh", 41: calc_tb_pkg: at time 16505000 ps
     16505 SB: Mismatch UPPER data at addr 0x46, Expected: 0x0, Got: 0x9c0e8a38
     16505 SB: Second Read Addr: 0x46, Actual LOWER: 0x5b6fb9b6 UPPER: 0x9c0e8a38
Error: "sym_links/calc_sb.svh", 57: calc_tb_pkg: at time 16525000 ps
     16525 SB: Mismatch on WRITE LOWER data at addr 0x1ac, Expected: 0x0, Got: 0x390aaa71
Error: "sym_links/calc_sb.svh", 61: calc_tb_pkg: at time 16525000 ps
     16525 SB: Mismatch on WRITE UPPER data at addr 0x1ac, Expected: 0x0, Got: 0xf77e43ee
     16525 SB: Write Addr: 0x1ac, Computed: 0x0+0x0=0x0, Actual LOWER: 0x390aaa71 UPPER: 0xf77e43ee
     16545 SB: First Read Addr: 0x47, Expected LOWER: 0x0 UPPER: 0x0
Error: "sym_links/calc_sb.svh", 38: calc_tb_pkg: at time 16565000 ps
     16565 SB: Mismatch LOWER data at addr 0x48, Expected: 0x0, Got: 0x4a74bf94
Error: "sym_links/calc_sb.svh", 41: calc_tb_pkg: at time 16565000 ps
     16565 SB: Mismatch UPPER data at addr 0x48, Expected: 0x0, Got: 0x49c65d93
     16565 SB: Second Read Addr: 0x48, Actual LOWER: 0x4a74bf94 UPPER: 0x49c65d93
Error: "sym_links/calc_sb.svh", 57: calc_tb_pkg: at time 16585000 ps
     16585 SB: Mismatch on WRITE LOWER data at addr 0x1ad, Expected: 0x0, Got: 0x18fd4c31
Error: "sym_links/calc_sb.svh", 61: calc_tb_pkg: at time 16585000 ps
     16585 SB: Mismatch on WRITE UPPER data at addr 0x1ad, Expected: 0x0, Got: 0x943b1d27
     16585 SB: Write Addr: 0x1ad, Computed: 0x0+0x0=0x0, Actual LOWER: 0x18fd4c31 UPPER: 0x943b1d27
     16605 SB: First Read Addr: 0x49, Expected LOWER: 0x0 UPPER: 0x0
Error: "sym_links/calc_sb.svh", 38: calc_tb_pkg: at time 16625000 ps
     16625 SB: Mismatch LOWER data at addr 0x4a, Expected: 0x0, Got: 0x6dcb69db
Error: "sym_links/calc_sb.svh", 41: calc_tb_pkg: at time 16625000 ps
     16625 SB: Mismatch UPPER data at addr 0x4a, Expected: 0x0, Got: 0xa6fcde4d
     16625 SB: Second Read Addr: 0x4a, Actual LOWER: 0x6dcb69db UPPER: 0xa6fcde4d
Error: "sym_links/calc_sb.svh", 57: calc_tb_pkg: at time 16645000 ps
     16645 SB: Mismatch on WRITE LOWER data at addr 0x1ae, Expected: 0x0, Got: 0x2ef6f65d
Error: "sym_links/calc_sb.svh", 61: calc_tb_pkg: at time 16645000 ps
     16645 SB: Mismatch on WRITE UPPER data at addr 0x1ae, Expected: 0x0, Got: 0x14c84828
     16645 SB: Write Addr: 0x1ae, Computed: 0x0+0x0=0x0, Actual LOWER: 0x2ef6f65d UPPER: 0x14c84828
     16665 SB: First Read Addr: 0x4b, Expected LOWER: 0x0 UPPER: 0x0
Error: "sym_links/calc_sb.svh", 38: calc_tb_pkg: at time 16685000 ps
     16685 SB: Mismatch LOWER data at addr 0x4c, Expected: 0x0, Got: 0xbb45e276
Error: "sym_links/calc_sb.svh", 41: calc_tb_pkg: at time 16685000 ps
     16685 SB: Mismatch UPPER data at addr 0x4c, Expected: 0x0, Got: 0x653b49ca
     16685 SB: Second Read Addr: 0x4c, Actual LOWER: 0xbb45e276 UPPER: 0x653b49ca
Error: "sym_links/calc_sb.svh", 57: calc_tb_pkg: at time 16705000 ps
     16705 SB: Mismatch on WRITE LOWER data at addr 0x1af, Expected: 0x0, Got: 0x2354de46
Error: "sym_links/calc_sb.svh", 61: calc_tb_pkg: at time 16705000 ps
     16705 SB: Mismatch on WRITE UPPER data at addr 0x1af, Expected: 0x0, Got: 0x20812c40
     16705 SB: Write Addr: 0x1af, Computed: 0x0+0x0=0x0, Actual LOWER: 0x2354de46 UPPER: 0x20812c40
     16725 SB: First Read Addr: 0x4d, Expected LOWER: 0x0 UPPER: 0x0
Error: "sym_links/calc_sb.svh", 38: calc_tb_pkg: at time 16745000 ps
     16745 SB: Mismatch LOWER data at addr 0x4e, Expected: 0x0, Got: 0xa3071a46
Error: "sym_links/calc_sb.svh", 41: calc_tb_pkg: at time 16745000 ps
     16745 SB: Mismatch UPPER data at addr 0x4e, Expected: 0x0, Got: 0x2749b04
     16745 SB: Second Read Addr: 0x4e, Actual LOWER: 0xa3071a46 UPPER: 0x2749b04
Error: "sym_links/calc_sb.svh", 57: calc_tb_pkg: at time 16765000 ps
     16765 SB: Mismatch on WRITE LOWER data at addr 0x1b0, Expected: 0x0, Got: 0xa5aa9f4b
Error: "sym_links/calc_sb.svh", 61: calc_tb_pkg: at time 16765000 ps
     16765 SB: Mismatch on WRITE UPPER data at addr 0x1b0, Expected: 0x0, Got: 0xa57bb54a
     16765 SB: Write Addr: 0x1b0, Computed: 0x0+0x0=0x0, Actual LOWER: 0xa5aa9f4b UPPER: 0xa57bb54a
     16785 SB: First Read Addr: 0x4f, Expected LOWER: 0x0 UPPER: 0x0
Error: "sym_links/calc_sb.svh", 38: calc_tb_pkg: at time 16805000 ps
     16805 SB: Mismatch LOWER data at addr 0x50, Expected: 0x0, Got: 0xda6ebab4
Error: "sym_links/calc_sb.svh", 41: calc_tb_pkg: at time 16805000 ps
     16805 SB: Mismatch UPPER data at addr 0x50, Expected: 0x0, Got: 0x44018d88
     16805 SB: Second Read Addr: 0x50, Actual LOWER: 0xda6ebab4 UPPER: 0x44018d88
Error: "sym_links/calc_sb.svh", 57: calc_tb_pkg: at time 16825000 ps
     16825 SB: Mismatch on WRITE LOWER data at addr 0x1b1, Expected: 0x0, Got: 0xb06a6960
Error: "sym_links/calc_sb.svh", 61: calc_tb_pkg: at time 16825000 ps
     16825 SB: Mismatch on WRITE UPPER data at addr 0x1b1, Expected: 0x0, Got: 0x1e70483c
     16825 SB: Write Addr: 0x1b1, Computed: 0x0+0x0=0x0, Actual LOWER: 0xb06a6960 UPPER: 0x1e70483c
     16845 SB: First Read Addr: 0x51, Expected LOWER: 0x0 UPPER: 0x0
Error: "sym_links/calc_sb.svh", 38: calc_tb_pkg: at time 16865000 ps
     16865 SB: Mismatch LOWER data at addr 0x52, Expected: 0x0, Got: 0xe3c530c7
Error: "sym_links/calc_sb.svh", 41: calc_tb_pkg: at time 16865000 ps
     16865 SB: Mismatch UPPER data at addr 0x52, Expected: 0x0, Got: 0x975c9c2e
     16865 SB: Second Read Addr: 0x52, Actual LOWER: 0xe3c530c7 UPPER: 0x975c9c2e
Error: "sym_links/calc_sb.svh", 57: calc_tb_pkg: at time 16885000 ps
     16885 SB: Mismatch on WRITE LOWER data at addr 0x1b2, Expected: 0x0, Got: 0xab0cdd55
Error: "sym_links/calc_sb.svh", 61: calc_tb_pkg: at time 16885000 ps
     16885 SB: Mismatch on WRITE UPPER data at addr 0x1b2, Expected: 0x0, Got: 0x7b21ccf5
     16885 SB: Write Addr: 0x1b2, Computed: 0x0+0x0=0x0, Actual LOWER: 0xab0cdd55 UPPER: 0x7b21ccf5
     16905 SB: First Read Addr: 0x53, Expected LOWER: 0x0 UPPER: 0x0
Error: "sym_links/calc_sb.svh", 38: calc_tb_pkg: at time 16925000 ps
     16925 SB: Mismatch LOWER data at addr 0x54, Expected: 0x0, Got: 0xfea7a6fd
Error: "sym_links/calc_sb.svh", 41: calc_tb_pkg: at time 16925000 ps
     16925 SB: Mismatch UPPER data at addr 0x54, Expected: 0x0, Got: 0x149e0729
     16925 SB: Second Read Addr: 0x54, Actual LOWER: 0xfea7a6fd UPPER: 0x149e0729
Error: "sym_links/calc_sb.svh", 57: calc_tb_pkg: at time 16945000 ps
     16945 SB: Mismatch on WRITE LOWER data at addr 0x1b3, Expected: 0x0, Got: 0x92b92924
Error: "sym_links/calc_sb.svh", 61: calc_tb_pkg: at time 16945000 ps
     16945 SB: Mismatch on WRITE UPPER data at addr 0x1b3, Expected: 0x0, Got: 0x1345ae26
     16945 SB: Write Addr: 0x1b3, Computed: 0x0+0x0=0x0, Actual LOWER: 0x92b92924 UPPER: 0x1345ae26
     16965 SB: First Read Addr: 0x55, Expected LOWER: 0x0 UPPER: 0x0
Error: "sym_links/calc_sb.svh", 38: calc_tb_pkg: at time 16985000 ps
     16985 SB: Mismatch LOWER data at addr 0x56, Expected: 0x0, Got: 0xed3408da
Error: "sym_links/calc_sb.svh", 41: calc_tb_pkg: at time 16985000 ps
     16985 SB: Mismatch UPPER data at addr 0x56, Expected: 0x0, Got: 0x9eb7c63d
     16985 SB: Second Read Addr: 0x56, Actual LOWER: 0xed3408da UPPER: 0x9eb7c63d
Error: "sym_links/calc_sb.svh", 57: calc_tb_pkg: at time 17005000 ps
     17005 SB: Mismatch on WRITE LOWER data at addr 0x1b4, Expected: 0x0, Got: 0xd16cf7a2
Error: "sym_links/calc_sb.svh", 61: calc_tb_pkg: at time 17005000 ps
     17005 SB: Mismatch on WRITE UPPER data at addr 0x1b4, Expected: 0x0, Got: 0x8bebcf17
     17005 SB: Write Addr: 0x1b4, Computed: 0x0+0x0=0x0, Actual LOWER: 0xd16cf7a2 UPPER: 0x8bebcf17
     17025 SB: First Read Addr: 0x57, Expected LOWER: 0x0 UPPER: 0x0
Error: "sym_links/calc_sb.svh", 38: calc_tb_pkg: at time 17045000 ps
     17045 SB: Mismatch LOWER data at addr 0x58, Expected: 0x0, Got: 0xb9f50473
Error: "sym_links/calc_sb.svh", 41: calc_tb_pkg: at time 17045000 ps
     17045 SB: Mismatch UPPER data at addr 0x58, Expected: 0x0, Got: 0x5d7199ba
     17045 SB: Second Read Addr: 0x58, Actual LOWER: 0xb9f50473 UPPER: 0x5d7199ba
Error: "sym_links/calc_sb.svh", 57: calc_tb_pkg: at time 17065000 ps
     17065 SB: Mismatch on WRITE LOWER data at addr 0x1b5, Expected: 0x0, Got: 0xeba46bd6
Error: "sym_links/calc_sb.svh", 61: calc_tb_pkg: at time 17065000 ps
     17065 SB: Mismatch on WRITE UPPER data at addr 0x1b5, Expected: 0x0, Got: 0x17669e2d
     17065 SB: Write Addr: 0x1b5, Computed: 0x0+0x0=0x0, Actual LOWER: 0xeba46bd6 UPPER: 0x17669e2d
     17085 SB: First Read Addr: 0x59, Expected LOWER: 0x0 UPPER: 0x0
Error: "sym_links/calc_sb.svh", 38: calc_tb_pkg: at time 17105000 ps
     17105 SB: Mismatch LOWER data at addr 0x5a, Expected: 0x0, Got: 0x6a8e05d5
Error: "sym_links/calc_sb.svh", 41: calc_tb_pkg: at time 17105000 ps
     17105 SB: Mismatch UPPER data at addr 0x5a, Expected: 0x0, Got: 0x8d24f61a
     17105 SB: Second Read Addr: 0x5a, Actual LOWER: 0x6a8e05d5 UPPER: 0x8d24f61a
Error: "sym_links/calc_sb.svh", 57: calc_tb_pkg: at time 17125000 ps
     17125 SB: Mismatch on WRITE LOWER data at addr 0x1b6, Expected: 0x0, Got: 0xac822d58
Error: "sym_links/calc_sb.svh", 61: calc_tb_pkg: at time 17125000 ps
     17125 SB: Mismatch on WRITE UPPER data at addr 0x1b6, Expected: 0x0, Got: 0xf7b2fbef
     17125 SB: Write Addr: 0x1b6, Computed: 0x0+0x0=0x0, Actual LOWER: 0xac822d58 UPPER: 0xf7b2fbef
     17145 SB: First Read Addr: 0x5b, Expected LOWER: 0x0 UPPER: 0x0
Error: "sym_links/calc_sb.svh", 38: calc_tb_pkg: at time 17165000 ps
     17165 SB: Mismatch LOWER data at addr 0x5c, Expected: 0x0, Got: 0x4b273796
Error: "sym_links/calc_sb.svh", 41: calc_tb_pkg: at time 17165000 ps
     17165 SB: Mismatch UPPER data at addr 0x5c, Expected: 0x0, Got: 0x603921c0
     17165 SB: Second Read Addr: 0x5c, Actual LOWER: 0x4b273796 UPPER: 0x603921c0
Error: "sym_links/calc_sb.svh", 57: calc_tb_pkg: at time 17185000 ps
     17185 SB: Mismatch on WRITE LOWER data at addr 0x1b7, Expected: 0x0, Got: 0xf87761f0
Error: "sym_links/calc_sb.svh", 61: calc_tb_pkg: at time 17185000 ps
     17185 SB: Mismatch on WRITE UPPER data at addr 0x1b7, Expected: 0x0, Got: 0xab605956
     17185 SB: Write Addr: 0x1b7, Computed: 0x0+0x0=0x0, Actual LOWER: 0xf87761f0 UPPER: 0xab605956
     17205 SB: First Read Addr: 0x5d, Expected LOWER: 0x0 UPPER: 0x0
Error: "sym_links/calc_sb.svh", 38: calc_tb_pkg: at time 17225000 ps
     17225 SB: Mismatch LOWER data at addr 0x5e, Expected: 0x0, Got: 0x3e99837d
Error: "sym_links/calc_sb.svh", 41: calc_tb_pkg: at time 17225000 ps
     17225 SB: Mismatch UPPER data at addr 0x5e, Expected: 0x0, Got: 0x6e5f0fdc
     17225 SB: Second Read Addr: 0x5e, Actual LOWER: 0x3e99837d UPPER: 0x6e5f0fdc
Error: "sym_links/calc_sb.svh", 57: calc_tb_pkg: at time 17245000 ps
     17245 SB: Mismatch on WRITE LOWER data at addr 0x1b8, Expected: 0x0, Got: 0xee6bb9dc
Error: "sym_links/calc_sb.svh", 61: calc_tb_pkg: at time 17245000 ps
     17245 SB: Mismatch on WRITE UPPER data at addr 0x1b8, Expected: 0x0, Got: 0xacf89359
     17245 SB: Write Addr: 0x1b8, Computed: 0x0+0x0=0x0, Actual LOWER: 0xee6bb9dc UPPER: 0xacf89359
     17265 SB: First Read Addr: 0x5f, Expected LOWER: 0x0 UPPER: 0x0
Error: "sym_links/calc_sb.svh", 38: calc_tb_pkg: at time 17285000 ps
     17285 SB: Mismatch LOWER data at addr 0x60, Expected: 0x0, Got: 0x3f5a9b7e
Error: "sym_links/calc_sb.svh", 41: calc_tb_pkg: at time 17285000 ps
     17285 SB: Mismatch UPPER data at addr 0x60, Expected: 0x0, Got: 0xed8d80db
     17285 SB: Second Read Addr: 0x60, Actual LOWER: 0x3f5a9b7e UPPER: 0xed8d80db
Error: "sym_links/calc_sb.svh", 57: calc_tb_pkg: at time 17305000 ps
     17305 SB: Mismatch on WRITE LOWER data at addr 0x1b9, Expected: 0x0, Got: 0x7f6556fe
Error: "sym_links/calc_sb.svh", 61: calc_tb_pkg: at time 17305000 ps
     17305 SB: Mismatch on WRITE UPPER data at addr 0x1b9, Expected: 0x0, Got: 0x2ce81c59
     17305 SB: Write Addr: 0x1b9, Computed: 0x0+0x0=0x0, Actual LOWER: 0x7f6556fe UPPER: 0x2ce81c59
     17325 SB: First Read Addr: 0x61, Expected LOWER: 0x0 UPPER: 0x0
Error: "sym_links/calc_sb.svh", 38: calc_tb_pkg: at time 17345000 ps
     17345 SB: Mismatch LOWER data at addr 0x62, Expected: 0x0, Got: 0xfd28e4fa
Error: "sym_links/calc_sb.svh", 41: calc_tb_pkg: at time 17345000 ps
     17345 SB: Mismatch UPPER data at addr 0x62, Expected: 0x0, Got: 0xb0bcee61
     17345 SB: Second Read Addr: 0x62, Actual LOWER: 0xfd28e4fa UPPER: 0xb0bcee61
Error: "sym_links/calc_sb.svh", 57: calc_tb_pkg: at time 17365000 ps
     17365 SB: Mismatch on WRITE LOWER data at addr 0x1ba, Expected: 0x0, Got: 0x24b0e248
Error: "sym_links/calc_sb.svh", 61: calc_tb_pkg: at time 17365000 ps
     17365 SB: Mismatch on WRITE UPPER data at addr 0x1ba, Expected: 0x0, Got: 0xade5d35b
     17365 SB: Write Addr: 0x1ba, Computed: 0x0+0x0=0x0, Actual LOWER: 0x24b0e248 UPPER: 0xade5d35b
     17385 SB: First Read Addr: 0x63, Expected LOWER: 0x0 UPPER: 0x0
Error: "sym_links/calc_sb.svh", 38: calc_tb_pkg: at time 17405000 ps
     17405 SB: Mismatch LOWER data at addr 0x64, Expected: 0x0, Got: 0x43779186
Error: "sym_links/calc_sb.svh", 41: calc_tb_pkg: at time 17405000 ps
     17405 SB: Mismatch UPPER data at addr 0x64, Expected: 0x0, Got: 0xa8639650
     17405 SB: Second Read Addr: 0x64, Actual LOWER: 0x43779186 UPPER: 0xa8639650
Error: "sym_links/calc_sb.svh", 57: calc_tb_pkg: at time 17425000 ps
     17425 SB: Mismatch on WRITE LOWER data at addr 0x1bb, Expected: 0x0, Got: 0xdc8981b8
Error: "sym_links/calc_sb.svh", 61: calc_tb_pkg: at time 17425000 ps
     17425 SB: Mismatch on WRITE UPPER data at addr 0x1bb, Expected: 0x0, Got: 0xebdb27d6
     17425 SB: Write Addr: 0x1bb, Computed: 0x0+0x0=0x0, Actual LOWER: 0xdc8981b8 UPPER: 0xebdb27d6
     17445 SB: First Read Addr: 0x65, Expected LOWER: 0x0 UPPER: 0x0
Error: "sym_links/calc_sb.svh", 38: calc_tb_pkg: at time 17465000 ps
     17465 SB: Mismatch LOWER data at addr 0x66, Expected: 0x0, Got: 0x949a8a29
Error: "sym_links/calc_sb.svh", 41: calc_tb_pkg: at time 17465000 ps
     17465 SB: Mismatch UPPER data at addr 0x66, Expected: 0x0, Got: 0x60b175c1
     17465 SB: Second Read Addr: 0x66, Actual LOWER: 0x949a8a29 UPPER: 0x60b175c1
Error: "sym_links/calc_sb.svh", 57: calc_tb_pkg: at time 17485000 ps
     17485 SB: Mismatch on WRITE LOWER data at addr 0x1bc, Expected: 0x0, Got: 0x1540e22a
Error: "sym_links/calc_sb.svh", 61: calc_tb_pkg: at time 17485000 ps
     17485 SB: Mismatch on WRITE UPPER data at addr 0x1bc, Expected: 0x0, Got: 0xf54bffea
     17485 SB: Write Addr: 0x1bc, Computed: 0x0+0x0=0x0, Actual LOWER: 0x1540e22a UPPER: 0xf54bffea
     17505 SB: First Read Addr: 0x67, Expected LOWER: 0x0 UPPER: 0x0
Error: "sym_links/calc_sb.svh", 38: calc_tb_pkg: at time 17525000 ps
     17525 SB: Mismatch LOWER data at addr 0x68, Expected: 0x0, Got: 0x25b27b4b
Error: "sym_links/calc_sb.svh", 41: calc_tb_pkg: at time 17525000 ps
     17525 SB: Mismatch UPPER data at addr 0x68, Expected: 0x0, Got: 0xb98c4273
     17525 SB: Second Read Addr: 0x68, Actual LOWER: 0x25b27b4b UPPER: 0xb98c4273
Error: "sym_links/calc_sb.svh", 57: calc_tb_pkg: at time 17545000 ps
     17545 SB: Mismatch on WRITE LOWER data at addr 0x1bd, Expected: 0x0, Got: 0xaee7295d
Error: "sym_links/calc_sb.svh", 61: calc_tb_pkg: at time 17545000 ps
     17545 SB: Mismatch on WRITE UPPER data at addr 0x1bd, Expected: 0x0, Got: 0xdf3ebdbe
     17545 SB: Write Addr: 0x1bd, Computed: 0x0+0x0=0x0, Actual LOWER: 0xaee7295d UPPER: 0xdf3ebdbe
     17565 SB: First Read Addr: 0x69, Expected LOWER: 0x0 UPPER: 0x0
"sym_links/calc_tb_top.sv", 336: calc_tb_top.VALID_INPUT_ADDRESS: started at 17575000ps failed at 17575000ps
	Offending '((calc_tb_top.calc_if.curr_rd_addr >= calc_tb_top.calc_if.read_start_addr) && (calc_tb_top.calc_if.curr_rd_addr <= calc_tb_top.calc_if.read_end_addr))'
Error: "sym_links/calc_sb.svh", 38: calc_tb_pkg: at time 17585000 ps
     17585 SB: Mismatch LOWER data at addr 0x6a, Expected: 0x0, Got: 0x2758d14e
Error: "sym_links/calc_sb.svh", 41: calc_tb_pkg: at time 17585000 ps
     17585 SB: Mismatch UPPER data at addr 0x6a, Expected: 0x0, Got: 0xd44b80a8
     17585 SB: Second Read Addr: 0x6a, Actual LOWER: 0x2758d14e UPPER: 0xd44b80a8
Error: "sym_links/calc_sb.svh", 57: calc_tb_pkg: at time 17605000 ps
     17605 SB: Mismatch on WRITE LOWER data at addr 0x1be, Expected: 0x0, Got: 0xbb72fd76
Error: "sym_links/calc_sb.svh", 61: calc_tb_pkg: at time 17605000 ps
     17605 SB: Mismatch on WRITE UPPER data at addr 0x1be, Expected: 0x0, Got: 0xfba451f6
     17605 SB: Write Addr: 0x1be, Computed: 0x0+0x0=0x0, Actual LOWER: 0xbb72fd76 UPPER: 0xfba451f6
[DRIVER] Starting calculation with Read[0x1b8:0x1d5] Write[0x15e:0x195] at time 1764500
[DRIVER] Applying reset at time 1764500
[DRIVER] Reset released at time 1768500
     17705 SB: First Read Addr: 0x1b8, Expected LOWER: 0xee6bb9dc UPPER: 0xacf89359
Error: "sym_links/calc_sb.svh", 38: calc_tb_pkg: at time 17725000 ps
     17725 SB: Mismatch LOWER data at addr 0x1b9, Expected: 0xee6bb9dc, Got: 0x7f6556fe
Error: "sym_links/calc_sb.svh", 41: calc_tb_pkg: at time 17725000 ps
     17725 SB: Mismatch UPPER data at addr 0x1b9, Expected: 0xacf89359, Got: 0x2ce81c59
     17725 SB: Second Read Addr: 0x1b9, Actual LOWER: 0x7f6556fe UPPER: 0x2ce81c59
Error: "sym_links/calc_sb.svh", 61: calc_tb_pkg: at time 17745000 ps
     17745 SB: Mismatch on WRITE UPPER data at addr 0x15e, Expected: 0x0, Got: 0xac4d7357
     17745 SB: Write Addr: 0x15e, Computed: 0xee6bb9dc+0xacf89359=0x9b644d35, Actual LOWER: 0x9b644d35 UPPER: 0xac4d7357
     17765 SB: First Read Addr: 0x1ba, Expected LOWER: 0x24b0e248 UPPER: 0xade5d35b
Error: "sym_links/calc_sb.svh", 38: calc_tb_pkg: at time 17785000 ps
     17785 SB: Mismatch LOWER data at addr 0x1bb, Expected: 0x24b0e248, Got: 0xdc8981b8
Error: "sym_links/calc_sb.svh", 41: calc_tb_pkg: at time 17785000 ps
     17785 SB: Mismatch UPPER data at addr 0x1bb, Expected: 0xade5d35b, Got: 0xebdb27d6
     17785 SB: Second Read Addr: 0x1bb, Actual LOWER: 0xdc8981b8 UPPER: 0xebdb27d6
Error: "sym_links/calc_sb.svh", 61: calc_tb_pkg: at time 17805000 ps
     17805 SB: Mismatch on WRITE UPPER data at addr 0x15f, Expected: 0x0, Got: 0xc864a98e
     17805 SB: Write Addr: 0x15f, Computed: 0x24b0e248+0xade5d35b=0xd296b5a3, Actual LOWER: 0xd296b5a3 UPPER: 0xc864a98e
     17825 SB: First Read Addr: 0x1bc, Expected LOWER: 0x1540e22a UPPER: 0xf54bffea
Error: "sym_links/calc_sb.svh", 38: calc_tb_pkg: at time 17845000 ps
     17845 SB: Mismatch LOWER data at addr 0x1bd, Expected: 0x1540e22a, Got: 0xaee7295d
Error: "sym_links/calc_sb.svh", 41: calc_tb_pkg: at time 17845000 ps
     17845 SB: Mismatch UPPER data at addr 0x1bd, Expected: 0xf54bffea, Got: 0xdf3ebdbe
     17845 SB: Second Read Addr: 0x1bd, Actual LOWER: 0xaee7295d UPPER: 0xdf3ebdbe
Error: "sym_links/calc_sb.svh", 61: calc_tb_pkg: at time 17865000 ps
     17865 SB: Mismatch on WRITE UPPER data at addr 0x160, Expected: 0x0, Got: 0x8e25e71b
     17865 SB: Write Addr: 0x160, Computed: 0x1540e22a+0xf54bffea=0xa8ce214, Actual LOWER: 0xa8ce214 UPPER: 0x8e25e71b
     17885 SB: First Read Addr: 0x1be, Expected LOWER: 0xbb72fd76 UPPER: 0xfba451f6
Error: "sym_links/calc_sb.svh", 38: calc_tb_pkg: at time 17905000 ps
     17905 SB: Mismatch LOWER data at addr 0x1bf, Expected: 0xbb72fd76, Got: 0x791189f2
Error: "sym_links/calc_sb.svh", 41: calc_tb_pkg: at time 17905000 ps
     17905 SB: Mismatch UPPER data at addr 0x1bf, Expected: 0xfba451f6, Got: 0x5ee97bbd
     17905 SB: Second Read Addr: 0x1bf, Actual LOWER: 0x791189f2 UPPER: 0x5ee97bbd
Error: "sym_links/calc_sb.svh", 61: calc_tb_pkg: at time 17925000 ps
     17925 SB: Mismatch on WRITE UPPER data at addr 0x161, Expected: 0x0, Got: 0xd7fb05af
     17925 SB: Write Addr: 0x161, Computed: 0xbb72fd76+0xfba451f6=0xb7174f6c, Actual LOWER: 0xb7174f6c UPPER: 0xd7fb05af
     17945 SB: First Read Addr: 0x1c0, Expected LOWER: 0x0 UPPER: 0x0
Error: "sym_links/calc_sb.svh", 38: calc_tb_pkg: at time 17965000 ps
     17965 SB: Mismatch LOWER data at addr 0x1c1, Expected: 0x0, Got: 0xaa08ac54
Error: "sym_links/calc_sb.svh", 41: calc_tb_pkg: at time 17965000 ps
     17965 SB: Mismatch UPPER data at addr 0x1c1, Expected: 0x0, Got: 0x44e79b89
     17965 SB: Second Read Addr: 0x1c1, Actual LOWER: 0xaa08ac54 UPPER: 0x44e79b89
Error: "sym_links/calc_sb.svh", 57: calc_tb_pkg: at time 17985000 ps
     17985 SB: Mismatch on WRITE LOWER data at addr 0x162, Expected: 0x0, Got: 0xafc6375f
Error: "sym_links/calc_sb.svh", 61: calc_tb_pkg: at time 17985000 ps
     17985 SB: Mismatch on WRITE UPPER data at addr 0x162, Expected: 0x0, Got: 0xeef047dd
     17985 SB: Write Addr: 0x162, Computed: 0x0+0x0=0x0, Actual LOWER: 0xafc6375f UPPER: 0xeef047dd
     18005 SB: First Read Addr: 0x1c2, Expected LOWER: 0x0 UPPER: 0x0
Error: "sym_links/calc_sb.svh", 38: calc_tb_pkg: at time 18025000 ps
     18025 SB: Mismatch LOWER data at addr 0x1c3, Expected: 0x0, Got: 0x1ae40335
Error: "sym_links/calc_sb.svh", 41: calc_tb_pkg: at time 18025000 ps
     18025 SB: Mismatch UPPER data at addr 0x1c3, Expected: 0x0, Got: 0x1df61f3b
     18025 SB: Second Read Addr: 0x1c3, Actual LOWER: 0x1ae40335 UPPER: 0x1df61f3b
Error: "sym_links/calc_sb.svh", 57: calc_tb_pkg: at time 18045000 ps
     18045 SB: Mismatch on WRITE LOWER data at addr 0x163, Expected: 0x0, Got: 0xdfc265bf
Error: "sym_links/calc_sb.svh", 61: calc_tb_pkg: at time 18045000 ps
     18045 SB: Mismatch on WRITE UPPER data at addr 0x163, Expected: 0x0, Got: 0x38da2270
     18045 SB: Write Addr: 0x163, Computed: 0x0+0x0=0x0, Actual LOWER: 0xdfc265bf UPPER: 0x38da2270
     18065 SB: First Read Addr: 0x1c4, Expected LOWER: 0x0 UPPER: 0x0
Error: "sym_links/calc_sb.svh", 38: calc_tb_pkg: at time 18085000 ps
     18085 SB: Mismatch LOWER data at addr 0x1c5, Expected: 0x0, Got: 0x1a619934
Error: "sym_links/calc_sb.svh", 41: calc_tb_pkg: at time 18085000 ps
     18085 SB: Mismatch UPPER data at addr 0x1c5, Expected: 0x0, Got: 0xaae0a255
     18085 SB: Second Read Addr: 0x1c5, Actual LOWER: 0x1a619934 UPPER: 0xaae0a255
Error: "sym_links/calc_sb.svh", 57: calc_tb_pkg: at time 18105000 ps
     18105 SB: Mismatch on WRITE LOWER data at addr 0x164, Expected: 0x0, Got: 0xb249b164
Error: "sym_links/calc_sb.svh", 61: calc_tb_pkg: at time 18105000 ps
     18105 SB: Mismatch on WRITE UPPER data at addr 0x164, Expected: 0x0, Got: 0xc5423b89
     18105 SB: Write Addr: 0x164, Computed: 0x0+0x0=0x0, Actual LOWER: 0xb249b164 UPPER: 0xc5423b89
     18125 SB: First Read Addr: 0x1c6, Expected LOWER: 0x0 UPPER: 0x0
Error: "sym_links/calc_sb.svh", 38: calc_tb_pkg: at time 18145000 ps
     18145 SB: Mismatch LOWER data at addr 0x1c7, Expected: 0x0, Got: 0xd3fe36a7
Error: "sym_links/calc_sb.svh", 41: calc_tb_pkg: at time 18145000 ps
     18145 SB: Mismatch UPPER data at addr 0x1c7, Expected: 0x0, Got: 0xe0f280c1
     18145 SB: Second Read Addr: 0x1c7, Actual LOWER: 0xd3fe36a7 UPPER: 0xe0f280c1
Error: "sym_links/calc_sb.svh", 57: calc_tb_pkg: at time 18165000 ps
     18165 SB: Mismatch on WRITE LOWER data at addr 0x165, Expected: 0x0, Got: 0xd7d801ae
Error: "sym_links/calc_sb.svh", 61: calc_tb_pkg: at time 18165000 ps
     18165 SB: Mismatch on WRITE UPPER data at addr 0x165, Expected: 0x0, Got: 0xb4f0b768
     18165 SB: Write Addr: 0x165, Computed: 0x0+0x0=0x0, Actual LOWER: 0xd7d801ae UPPER: 0xb4f0b768
     18185 SB: First Read Addr: 0x1c8, Expected LOWER: 0x0 UPPER: 0x0
Error: "sym_links/calc_sb.svh", 38: calc_tb_pkg: at time 18205000 ps
     18205 SB: Mismatch LOWER data at addr 0x1c9, Expected: 0x0, Got: 0xb4c16c69
Error: "sym_links/calc_sb.svh", 41: calc_tb_pkg: at time 18205000 ps
     18205 SB: Mismatch UPPER data at addr 0x1c9, Expected: 0x0, Got: 0xfd52d8fa
     18205 SB: Second Read Addr: 0x1c9, Actual LOWER: 0xb4c16c69 UPPER: 0xfd52d8fa
Error: "sym_links/calc_sb.svh", 57: calc_tb_pkg: at time 18225000 ps
     18225 SB: Mismatch on WRITE LOWER data at addr 0x166, Expected: 0x0, Got: 0x92ebb925
Error: "sym_links/calc_sb.svh", 61: calc_tb_pkg: at time 18225000 ps
     18225 SB: Mismatch on WRITE UPPER data at addr 0x166, Expected: 0x0, Got: 0xb2144563
     18225 SB: Write Addr: 0x166, Computed: 0x0+0x0=0x0, Actual LOWER: 0x92ebb925 UPPER: 0xb2144563
     18245 SB: First Read Addr: 0x1ca, Expected LOWER: 0x0 UPPER: 0x0
Error: "sym_links/calc_sb.svh", 38: calc_tb_pkg: at time 18265000 ps
     18265 SB: Mismatch LOWER data at addr 0x1cb, Expected: 0x0, Got: 0xdac986b5
Error: "sym_links/calc_sb.svh", 41: calc_tb_pkg: at time 18265000 ps
     18265 SB: Mismatch UPPER data at addr 0x1cb, Expected: 0x0, Got: 0xf42082e8
     18265 SB: Second Read Addr: 0x1cb, Actual LOWER: 0xdac986b5 UPPER: 0xf42082e8
Error: "sym_links/calc_sb.svh", 57: calc_tb_pkg: at time 18285000 ps
     18285 SB: Mismatch on WRITE LOWER data at addr 0x167, Expected: 0x0, Got: 0x666dc4cc
Error: "sym_links/calc_sb.svh", 61: calc_tb_pkg: at time 18285000 ps
     18285 SB: Mismatch on WRITE UPPER data at addr 0x167, Expected: 0x0, Got: 0xceea099d
     18285 SB: Write Addr: 0x167, Computed: 0x0+0x0=0x0, Actual LOWER: 0x666dc4cc UPPER: 0xceea099d
     18305 SB: First Read Addr: 0x1cc, Expected LOWER: 0x0 UPPER: 0x0
Error: "sym_links/calc_sb.svh", 38: calc_tb_pkg: at time 18325000 ps
     18325 SB: Mismatch LOWER data at addr 0x1cd, Expected: 0x0, Got: 0x1b978f37
Error: "sym_links/calc_sb.svh", 41: calc_tb_pkg: at time 18325000 ps
     18325 SB: Mismatch UPPER data at addr 0x1cd, Expected: 0x0, Got: 0x574e1dae
     18325 SB: Second Read Addr: 0x1cd, Actual LOWER: 0x1b978f37 UPPER: 0x574e1dae
Error: "sym_links/calc_sb.svh", 57: calc_tb_pkg: at time 18345000 ps
     18345 SB: Mismatch on WRITE LOWER data at addr 0x168, Expected: 0x0, Got: 0x2e998a5d
Error: "sym_links/calc_sb.svh", 61: calc_tb_pkg: at time 18345000 ps
     18345 SB: Mismatch on WRITE UPPER data at addr 0x168, Expected: 0x0, Got: 0x72e5ace5
     18345 SB: Write Addr: 0x168, Computed: 0x0+0x0=0x0, Actual LOWER: 0x2e998a5d UPPER: 0x72e5ace5
     18365 SB: First Read Addr: 0x1ce, Expected LOWER: 0x0 UPPER: 0x0
Error: "sym_links/calc_sb.svh", 38: calc_tb_pkg: at time 18385000 ps
     18385 SB: Mismatch LOWER data at addr 0x1cf, Expected: 0x0, Got: 0xed1b50da
Error: "sym_links/calc_sb.svh", 41: calc_tb_pkg: at time 18385000 ps
     18385 SB: Mismatch UPPER data at addr 0x1cf, Expected: 0x0, Got: 0x913e0222
     18385 SB: Second Read Addr: 0x1cf, Actual LOWER: 0xed1b50da UPPER: 0x913e0222
Error: "sym_links/calc_sb.svh", 57: calc_tb_pkg: at time 18405000 ps
     18405 SB: Mismatch on WRITE LOWER data at addr 0x169, Expected: 0x0, Got: 0x8c64f318
Error: "sym_links/calc_sb.svh", 61: calc_tb_pkg: at time 18405000 ps
     18405 SB: Mismatch on WRITE UPPER data at addr 0x169, Expected: 0x0, Got: 0x7e5952fc
     18405 SB: Write Addr: 0x169, Computed: 0x0+0x0=0x0, Actual LOWER: 0x8c64f318 UPPER: 0x7e5952fc
     18425 SB: First Read Addr: 0x1d0, Expected LOWER: 0x0 UPPER: 0x0
Error: "sym_links/calc_sb.svh", 38: calc_tb_pkg: at time 18445000 ps
     18445 SB: Mismatch LOWER data at addr 0x1d1, Expected: 0x0, Got: 0x3d7f5b7a
Error: "sym_links/calc_sb.svh", 41: calc_tb_pkg: at time 18445000 ps
     18445 SB: Mismatch UPPER data at addr 0x1d1, Expected: 0x0, Got: 0xf1e511e
     18445 SB: Second Read Addr: 0x1d1, Actual LOWER: 0x3d7f5b7a UPPER: 0xf1e511e
Error: "sym_links/calc_sb.svh", 57: calc_tb_pkg: at time 18465000 ps
     18465 SB: Mismatch on WRITE LOWER data at addr 0x16a, Expected: 0x0, Got: 0xb686816
Error: "sym_links/calc_sb.svh", 61: calc_tb_pkg: at time 18465000 ps
     18465 SB: Mismatch on WRITE UPPER data at addr 0x16a, Expected: 0x0, Got: 0x4c9dac98
     18465 SB: Write Addr: 0x16a, Computed: 0x0+0x0=0x0, Actual LOWER: 0xb686816 UPPER: 0x4c9dac98
     18485 SB: First Read Addr: 0x1d2, Expected LOWER: 0x0 UPPER: 0x0
Error: "sym_links/calc_sb.svh", 38: calc_tb_pkg: at time 18505000 ps
     18505 SB: Mismatch LOWER data at addr 0x1d3, Expected: 0x0, Got: 0x5b4f70b
Error: "sym_links/calc_sb.svh", 41: calc_tb_pkg: at time 18505000 ps
     18505 SB: Mismatch UPPER data at addr 0x1d3, Expected: 0x0, Got: 0xb704e26e
     18505 SB: Second Read Addr: 0x1d3, Actual LOWER: 0x5b4f70b UPPER: 0xb704e26e
Error: "sym_links/calc_sb.svh", 57: calc_tb_pkg: at time 18525000 ps
     18525 SB: Mismatch on WRITE LOWER data at addr 0x16b, Expected: 0x0, Got: 0xea46cdd4
Error: "sym_links/calc_sb.svh", 61: calc_tb_pkg: at time 18525000 ps
     18525 SB: Mismatch on WRITE UPPER data at addr 0x16b, Expected: 0x0, Got: 0xbcb9d979
     18525 SB: Write Addr: 0x16b, Computed: 0x0+0x0=0x0, Actual LOWER: 0xea46cdd4 UPPER: 0xbcb9d979
     18545 SB: First Read Addr: 0x1d4, Expected LOWER: 0x0 UPPER: 0x0
Error: "sym_links/calc_sb.svh", 38: calc_tb_pkg: at time 18565000 ps
     18565 SB: Mismatch LOWER data at addr 0x1d5, Expected: 0x0, Got: 0x22c03145
Error: "sym_links/calc_sb.svh", 41: calc_tb_pkg: at time 18565000 ps
     18565 SB: Mismatch UPPER data at addr 0x1d5, Expected: 0x0, Got: 0xc5cb548b
     18565 SB: Second Read Addr: 0x1d5, Actual LOWER: 0x22c03145 UPPER: 0xc5cb548b
Error: "sym_links/calc_sb.svh", 57: calc_tb_pkg: at time 18585000 ps
     18585 SB: Mismatch on WRITE LOWER data at addr 0x16c, Expected: 0x0, Got: 0xed958bda
Error: "sym_links/calc_sb.svh", 61: calc_tb_pkg: at time 18585000 ps
     18585 SB: Mismatch on WRITE UPPER data at addr 0x16c, Expected: 0x0, Got: 0xe88b85d0
     18585 SB: Write Addr: 0x16c, Computed: 0x0+0x0=0x0, Actual LOWER: 0xed958bda UPPER: 0xe88b85d0
[DRIVER] Starting calculation with Read[0xd4:0xfc] Write[0x65:0x9b] at time 1860500
[DRIVER] Applying reset at time 1860500
[DRIVER] Reset released at time 1864500
     18665 SB: First Read Addr: 0xd4, Expected LOWER: 0x0 UPPER: 0x0
Error: "sym_links/calc_sb.svh", 38: calc_tb_pkg: at time 18685000 ps
     18685 SB: Mismatch LOWER data at addr 0xd5, Expected: 0x0, Got: 0xecb91ad9
Error: "sym_links/calc_sb.svh", 41: calc_tb_pkg: at time 18685000 ps
     18685 SB: Mismatch UPPER data at addr 0xd5, Expected: 0x0, Got: 0x1000b720
     18685 SB: Second Read Addr: 0xd5, Actual LOWER: 0xecb91ad9 UPPER: 0x1000b720
Error: "sym_links/calc_sb.svh", 57: calc_tb_pkg: at time 18705000 ps
     18705 SB: Mismatch on WRITE LOWER data at addr 0x65, Expected: 0x0, Got: 0x65e2f8cb
Error: "sym_links/calc_sb.svh", 61: calc_tb_pkg: at time 18705000 ps
     18705 SB: Mismatch on WRITE UPPER data at addr 0x65, Expected: 0x0, Got: 0xfcb9d1f9
     18705 SB: Write Addr: 0x65, Computed: 0x0+0x0=0x0, Actual LOWER: 0x65e2f8cb UPPER: 0xfcb9d1f9
     18725 SB: First Read Addr: 0xd6, Expected LOWER: 0x0 UPPER: 0x0
Error: "sym_links/calc_sb.svh", 38: calc_tb_pkg: at time 18745000 ps
     18745 SB: Mismatch LOWER data at addr 0xd7, Expected: 0x0, Got: 0x71b461e3
Error: "sym_links/calc_sb.svh", 41: calc_tb_pkg: at time 18745000 ps
     18745 SB: Mismatch UPPER data at addr 0xd7, Expected: 0x0, Got: 0x954b822a
     18745 SB: Second Read Addr: 0xd7, Actual LOWER: 0x71b461e3 UPPER: 0x954b822a
Error: "sym_links/calc_sb.svh", 57: calc_tb_pkg: at time 18765000 ps
     18765 SB: Mismatch on WRITE LOWER data at addr 0x66, Expected: 0x0, Got: 0xd7b6bbaf
Error: "sym_links/calc_sb.svh", 61: calc_tb_pkg: at time 18765000 ps
     18765 SB: Mismatch on WRITE UPPER data at addr 0x66, Expected: 0x0, Got: 0x6ffe40d
     18765 SB: Write Addr: 0x66, Computed: 0x0+0x0=0x0, Actual LOWER: 0xd7b6bbaf UPPER: 0x6ffe40d
     18785 SB: First Read Addr: 0xd8, Expected LOWER: 0x0 UPPER: 0x0
Error: "sym_links/calc_sb.svh", 38: calc_tb_pkg: at time 18805000 ps
     18805 SB: Mismatch LOWER data at addr 0xd9, Expected: 0x0, Got: 0x1d3f9d3a
Error: "sym_links/calc_sb.svh", 41: calc_tb_pkg: at time 18805000 ps
     18805 SB: Mismatch UPPER data at addr 0xd9, Expected: 0x0, Got: 0x4226a984
     18805 SB: Second Read Addr: 0xd9, Actual LOWER: 0x1d3f9d3a UPPER: 0x4226a984
Error: "sym_links/calc_sb.svh", 57: calc_tb_pkg: at time 18825000 ps
     18825 SB: Mismatch on WRITE LOWER data at addr 0x67, Expected: 0x0, Got: 0x93492725
Error: "sym_links/calc_sb.svh", 61: calc_tb_pkg: at time 18825000 ps
     18825 SB: Mismatch on WRITE UPPER data at addr 0x67, Expected: 0x0, Got: 0x5f6646be
     18825 SB: Write Addr: 0x67, Computed: 0x0+0x0=0x0, Actual LOWER: 0x93492725 UPPER: 0x5f6646be
     18845 SB: First Read Addr: 0xda, Expected LOWER: 0x0 UPPER: 0x0
Error: "sym_links/calc_sb.svh", 38: calc_tb_pkg: at time 18865000 ps
     18865 SB: Mismatch LOWER data at addr 0xdb, Expected: 0x0, Got: 0x897f1c12
Error: "sym_links/calc_sb.svh", 41: calc_tb_pkg: at time 18865000 ps
     18865 SB: Mismatch UPPER data at addr 0xdb, Expected: 0x0, Got: 0xa97f0052
     18865 SB: Second Read Addr: 0xdb, Actual LOWER: 0x897f1c12 UPPER: 0xa97f0052
Error: "sym_links/calc_sb.svh", 57: calc_tb_pkg: at time 18885000 ps
     18885 SB: Mismatch on WRITE LOWER data at addr 0x68, Expected: 0x0, Got: 0xb2372764
Error: "sym_links/calc_sb.svh", 61: calc_tb_pkg: at time 18885000 ps
     18885 SB: Mismatch on WRITE UPPER data at addr 0x68, Expected: 0x0, Got: 0x32fe1c64
     18885 SB: Write Addr: 0x68, Computed: 0x0+0x0=0x0, Actual LOWER: 0xb2372764 UPPER: 0x32fe1c64
     18905 SB: First Read Addr: 0xdc, Expected LOWER: 0x0 UPPER: 0x0
Error: "sym_links/calc_sb.svh", 38: calc_tb_pkg: at time 18925000 ps
     18925 SB: Mismatch LOWER data at addr 0xdd, Expected: 0x0, Got: 0xb759ea6e
Error: "sym_links/calc_sb.svh", 41: calc_tb_pkg: at time 18925000 ps
     18925 SB: Mismatch UPPER data at addr 0xdd, Expected: 0x0, Got: 0x4bf52997
     18925 SB: Second Read Addr: 0xdd, Actual LOWER: 0xb759ea6e UPPER: 0x4bf52997
Error: "sym_links/calc_sb.svh", 57: calc_tb_pkg: at time 18945000 ps
     18945 SB: Mismatch on WRITE LOWER data at addr 0x69, Expected: 0x0, Got: 0x14b02029
Error: "sym_links/calc_sb.svh", 61: calc_tb_pkg: at time 18945000 ps
     18945 SB: Mismatch on WRITE UPPER data at addr 0x69, Expected: 0x0, Got: 0x34f1405
     18945 SB: Write Addr: 0x69, Computed: 0x0+0x0=0x0, Actual LOWER: 0x14b02029 UPPER: 0x34f1405
     18965 SB: First Read Addr: 0xde, Expected LOWER: 0x0 UPPER: 0x0
Error: "sym_links/calc_sb.svh", 38: calc_tb_pkg: at time 18985000 ps
     18985 SB: Mismatch LOWER data at addr 0xdf, Expected: 0x0, Got: 0x5d85d3bb
Error: "sym_links/calc_sb.svh", 41: calc_tb_pkg: at time 18985000 ps
     18985 SB: Mismatch UPPER data at addr 0xdf, Expected: 0x0, Got: 0x80797c00
     18985 SB: Second Read Addr: 0xdf, Actual LOWER: 0x5d85d3bb UPPER: 0x80797c00
Error: "sym_links/calc_sb.svh", 57: calc_tb_pkg: at time 19005000 ps
     19005 SB: Mismatch on WRITE LOWER data at addr 0x6a, Expected: 0x0, Got: 0xc0ddff81
Error: "sym_links/calc_sb.svh", 61: calc_tb_pkg: at time 19005000 ps
     19005 SB: Mismatch on WRITE UPPER data at addr 0x6a, Expected: 0x0, Got: 0xddff4fbb
     19005 SB: Write Addr: 0x6a, Computed: 0x0+0x0=0x0, Actual LOWER: 0xc0ddff81 UPPER: 0xddff4fbb
     19025 SB: First Read Addr: 0xe0, Expected LOWER: 0x0 UPPER: 0x0
Error: "sym_links/calc_sb.svh", 38: calc_tb_pkg: at time 19045000 ps
     19045 SB: Mismatch LOWER data at addr 0xe1, Expected: 0x0, Got: 0x8653620c
Error: "sym_links/calc_sb.svh", 41: calc_tb_pkg: at time 19045000 ps
     19045 SB: Mismatch UPPER data at addr 0xe1, Expected: 0x0, Got: 0x2ca81959
     19045 SB: Second Read Addr: 0xe1, Actual LOWER: 0x8653620c UPPER: 0x2ca81959
Error: "sym_links/calc_sb.svh", 57: calc_tb_pkg: at time 19065000 ps
     19065 SB: Mismatch on WRITE LOWER data at addr 0x6b, Expected: 0x0, Got: 0x3ccd2278
Error: "sym_links/calc_sb.svh", 61: calc_tb_pkg: at time 19065000 ps
     19065 SB: Mismatch on WRITE UPPER data at addr 0x6b, Expected: 0x0, Got: 0xb2fb7b65
     19065 SB: Write Addr: 0x6b, Computed: 0x0+0x0=0x0, Actual LOWER: 0x3ccd2278 UPPER: 0xb2fb7b65
     19085 SB: First Read Addr: 0xe2, Expected LOWER: 0x0 UPPER: 0x0
Error: "sym_links/calc_sb.svh", 38: calc_tb_pkg: at time 19105000 ps
     19105 SB: Mismatch LOWER data at addr 0xe3, Expected: 0x0, Got: 0x4839e590
Error: "sym_links/calc_sb.svh", 41: calc_tb_pkg: at time 19105000 ps
     19105 SB: Mismatch UPPER data at addr 0xe3, Expected: 0x0, Got: 0xa8e4d851
     19105 SB: Second Read Addr: 0xe3, Actual LOWER: 0x4839e590 UPPER: 0xa8e4d851
Error: "sym_links/calc_sb.svh", 57: calc_tb_pkg: at time 19125000 ps
     19125 SB: Mismatch on WRITE LOWER data at addr 0x6c, Expected: 0x0, Got: 0xcad47f94
Error: "sym_links/calc_sb.svh", 61: calc_tb_pkg: at time 19125000 ps
     19125 SB: Mismatch on WRITE UPPER data at addr 0x6c, Expected: 0x0, Got: 0xf11ebde1
     19125 SB: Write Addr: 0x6c, Computed: 0x0+0x0=0x0, Actual LOWER: 0xcad47f94 UPPER: 0xf11ebde1
     19145 SB: First Read Addr: 0xe4, Expected LOWER: 0x0 UPPER: 0x0
Error: "sym_links/calc_sb.svh", 38: calc_tb_pkg: at time 19165000 ps
     19165 SB: Mismatch LOWER data at addr 0xe5, Expected: 0x0, Got: 0x2523654a
Error: "sym_links/calc_sb.svh", 41: calc_tb_pkg: at time 19165000 ps
     19165 SB: Mismatch UPPER data at addr 0xe5, Expected: 0x0, Got: 0xec3758d8
     19165 SB: Second Read Addr: 0xe5, Actual LOWER: 0x2523654a UPPER: 0xec3758d8
Error: "sym_links/calc_sb.svh", 57: calc_tb_pkg: at time 19185000 ps
     19185 SB: Mismatch on WRITE LOWER data at addr 0x6d, Expected: 0x0, Got: 0xf07d71e0
Error: "sym_links/calc_sb.svh", 61: calc_tb_pkg: at time 19185000 ps
     19185 SB: Mismatch on WRITE UPPER data at addr 0x6d, Expected: 0x0, Got: 0x115abe22
     19185 SB: Write Addr: 0x6d, Computed: 0x0+0x0=0x0, Actual LOWER: 0xf07d71e0 UPPER: 0x115abe22
     19205 SB: First Read Addr: 0xe6, Expected LOWER: 0x0 UPPER: 0x0
Error: "sym_links/calc_sb.svh", 38: calc_tb_pkg: at time 19225000 ps
     19225 SB: Mismatch LOWER data at addr 0xe7, Expected: 0x0, Got: 0x5c78b1b8
Error: "sym_links/calc_sb.svh", 41: calc_tb_pkg: at time 19225000 ps
     19225 SB: Mismatch UPPER data at addr 0xe7, Expected: 0x0, Got: 0xdbe6f2b7
     19225 SB: Second Read Addr: 0xe7, Actual LOWER: 0x5c78b1b8 UPPER: 0xdbe6f2b7
Error: "sym_links/calc_sb.svh", 57: calc_tb_pkg: at time 19245000 ps
     19245 SB: Mismatch on WRITE LOWER data at addr 0x6e, Expected: 0x0, Got: 0x2febe85f
Error: "sym_links/calc_sb.svh", 61: calc_tb_pkg: at time 19245000 ps
     19245 SB: Mismatch on WRITE UPPER data at addr 0x6e, Expected: 0x0, Got: 0x385fa46f
     19245 SB: Write Addr: 0x6e, Computed: 0x0+0x0=0x0, Actual LOWER: 0x2febe85f UPPER: 0x385fa46f
     19265 SB: First Read Addr: 0xe8, Expected LOWER: 0x0 UPPER: 0x0
Error: "sym_links/calc_sb.svh", 38: calc_tb_pkg: at time 19285000 ps
     19285 SB: Mismatch LOWER data at addr 0xe9, Expected: 0x0, Got: 0x3bed5377
Error: "sym_links/calc_sb.svh", 41: calc_tb_pkg: at time 19285000 ps
     19285 SB: Mismatch UPPER data at addr 0xe9, Expected: 0x0, Got: 0x5ad6c7b5
     19285 SB: Second Read Addr: 0xe9, Actual LOWER: 0x3bed5377 UPPER: 0x5ad6c7b5
Error: "sym_links/calc_sb.svh", 57: calc_tb_pkg: at time 19305000 ps
     19305 SB: Mismatch on WRITE LOWER data at addr 0x6f, Expected: 0x0, Got: 0x5bc648b6
Error: "sym_links/calc_sb.svh", 61: calc_tb_pkg: at time 19305000 ps
     19305 SB: Mismatch on WRITE UPPER data at addr 0x6f, Expected: 0x0, Got: 0x96c41b2c
     19305 SB: Write Addr: 0x6f, Computed: 0x0+0x0=0x0, Actual LOWER: 0x5bc648b6 UPPER: 0x96c41b2c
     19325 SB: First Read Addr: 0xea, Expected LOWER: 0x0 UPPER: 0x0
Error: "sym_links/calc_sb.svh", 38: calc_tb_pkg: at time 19345000 ps
     19345 SB: Mismatch LOWER data at addr 0xeb, Expected: 0x0, Got: 0x3b0b9776
Error: "sym_links/calc_sb.svh", 41: calc_tb_pkg: at time 19345000 ps
     19345 SB: Mismatch UPPER data at addr 0xeb, Expected: 0x0, Got: 0x74a1ade9
     19345 SB: Second Read Addr: 0xeb, Actual LOWER: 0x3b0b9776 UPPER: 0x74a1ade9
Error: "sym_links/calc_sb.svh", 57: calc_tb_pkg: at time 19365000 ps
     19365 SB: Mismatch on WRITE LOWER data at addr 0x70, Expected: 0x0, Got: 0x6d9d7cdb
Error: "sym_links/calc_sb.svh", 61: calc_tb_pkg: at time 19365000 ps
     19365 SB: Mismatch on WRITE UPPER data at addr 0x70, Expected: 0x0, Got: 0xafad455f
     19365 SB: Write Addr: 0x70, Computed: 0x0+0x0=0x0, Actual LOWER: 0x6d9d7cdb UPPER: 0xafad455f
     19385 SB: First Read Addr: 0xec, Expected LOWER: 0x0 UPPER: 0x0
Error: "sym_links/calc_sb.svh", 38: calc_tb_pkg: at time 19405000 ps
     19405 SB: Mismatch LOWER data at addr 0xed, Expected: 0x0, Got: 0x6d808bdb
Error: "sym_links/calc_sb.svh", 41: calc_tb_pkg: at time 19405000 ps
     19405 SB: Mismatch UPPER data at addr 0xed, Expected: 0x0, Got: 0xc0764280
     19405 SB: Second Read Addr: 0xed, Actual LOWER: 0x6d808bdb UPPER: 0xc0764280
Error: "sym_links/calc_sb.svh", 57: calc_tb_pkg: at time 19425000 ps
     19425 SB: Mismatch on WRITE LOWER data at addr 0x71, Expected: 0x0, Got: 0x46d4ea8c
Error: "sym_links/calc_sb.svh", 61: calc_tb_pkg: at time 19425000 ps
     19425 SB: Mismatch on WRITE UPPER data at addr 0x71, Expected: 0x0, Got: 0x2df6ce5b
     19425 SB: Write Addr: 0x71, Computed: 0x0+0x0=0x0, Actual LOWER: 0x46d4ea8c UPPER: 0x2df6ce5b
     19445 SB: First Read Addr: 0xee, Expected LOWER: 0x0 UPPER: 0x0
Error: "sym_links/calc_sb.svh", 38: calc_tb_pkg: at time 19465000 ps
     19465 SB: Mismatch LOWER data at addr 0xef, Expected: 0x0, Got: 0x9827fa30
Error: "sym_links/calc_sb.svh", 41: calc_tb_pkg: at time 19465000 ps
     19465 SB: Mismatch UPPER data at addr 0xef, Expected: 0x0, Got: 0xd7b2e4af
     19465 SB: Second Read Addr: 0xef, Actual LOWER: 0x9827fa30 UPPER: 0xd7b2e4af
Error: "sym_links/calc_sb.svh", 57: calc_tb_pkg: at time 19485000 ps
     19485 SB: Mismatch on WRITE LOWER data at addr 0x72, Expected: 0x0, Got: 0x440a7a87
Error: "sym_links/calc_sb.svh", 61: calc_tb_pkg: at time 19485000 ps
     19485 SB: Mismatch on WRITE UPPER data at addr 0x72, Expected: 0x0, Got: 0x6fdadedf
     19485 SB: Write Addr: 0x72, Computed: 0x0+0x0=0x0, Actual LOWER: 0x440a7a87 UPPER: 0x6fdadedf
     19505 SB: First Read Addr: 0xf0, Expected LOWER: 0x0 UPPER: 0x0
Error: "sym_links/calc_sb.svh", 38: calc_tb_pkg: at time 19525000 ps
     19525 SB: Mismatch LOWER data at addr 0xf1, Expected: 0x0, Got: 0xf4d86ee9
Error: "sym_links/calc_sb.svh", 41: calc_tb_pkg: at time 19525000 ps
     19525 SB: Mismatch UPPER data at addr 0xf1, Expected: 0x0, Got: 0x7c41aff8
     19525 SB: Second Read Addr: 0xf1, Actual LOWER: 0xf4d86ee9 UPPER: 0x7c41aff8
Error: "sym_links/calc_sb.svh", 57: calc_tb_pkg: at time 19545000 ps
     19545 SB: Mismatch on WRITE LOWER data at addr 0x73, Expected: 0x0, Got: 0xafe9415
Error: "sym_links/calc_sb.svh", 61: calc_tb_pkg: at time 19545000 ps
     19545 SB: Mismatch on WRITE UPPER data at addr 0x73, Expected: 0x0, Got: 0x711a1ee1
     19545 SB: Write Addr: 0x73, Computed: 0x0+0x0=0x0, Actual LOWER: 0xafe9415 UPPER: 0x711a1ee1
     19565 SB: First Read Addr: 0xf2, Expected LOWER: 0x0 UPPER: 0x0
Error: "sym_links/calc_sb.svh", 38: calc_tb_pkg: at time 19585000 ps
     19585 SB: Mismatch LOWER data at addr 0xf3, Expected: 0x0, Got: 0x70ef37e1
Error: "sym_links/calc_sb.svh", 41: calc_tb_pkg: at time 19585000 ps
     19585 SB: Mismatch UPPER data at addr 0xf3, Expected: 0x0, Got: 0xcab47c95
     19585 SB: Second Read Addr: 0xf3, Actual LOWER: 0x70ef37e1 UPPER: 0xcab47c95
Error: "sym_links/calc_sb.svh", 57: calc_tb_pkg: at time 19605000 ps
     19605 SB: Mismatch on WRITE LOWER data at addr 0x74, Expected: 0x0, Got: 0x7afc22f5
Error: "sym_links/calc_sb.svh", 61: calc_tb_pkg: at time 19605000 ps
     19605 SB: Mismatch on WRITE UPPER data at addr 0x74, Expected: 0x0, Got: 0x3ba3b476
     19605 SB: Write Addr: 0x74, Computed: 0x0+0x0=0x0, Actual LOWER: 0x7afc22f5 UPPER: 0x3ba3b476
     19625 SB: First Read Addr: 0xf4, Expected LOWER: 0x0 UPPER: 0x0
Error: "sym_links/calc_sb.svh", 38: calc_tb_pkg: at time 19645000 ps
     19645 SB: Mismatch LOWER data at addr 0xf5, Expected: 0x0, Got: 0xf29c5ee5
Error: "sym_links/calc_sb.svh", 41: calc_tb_pkg: at time 19645000 ps
     19645 SB: Mismatch UPPER data at addr 0xf5, Expected: 0x0, Got: 0x9420ea28
     19645 SB: Second Read Addr: 0xf5, Actual LOWER: 0xf29c5ee5 UPPER: 0x9420ea28
Error: "sym_links/calc_sb.svh", 57: calc_tb_pkg: at time 19665000 ps
     19665 SB: Mismatch on WRITE LOWER data at addr 0x75, Expected: 0x0, Got: 0x27c08c4e
Error: "sym_links/calc_sb.svh", 61: calc_tb_pkg: at time 19665000 ps
     19665 SB: Mismatch on WRITE UPPER data at addr 0x75, Expected: 0x0, Got: 0x86bd490d
     19665 SB: Write Addr: 0x75, Computed: 0x0+0x0=0x0, Actual LOWER: 0x27c08c4e UPPER: 0x86bd490d
     19685 SB: First Read Addr: 0xf6, Expected LOWER: 0x0 UPPER: 0x0
Error: "sym_links/calc_sb.svh", 38: calc_tb_pkg: at time 19705000 ps
     19705 SB: Mismatch LOWER data at addr 0xf7, Expected: 0x0, Got: 0xf0eeaee1
Error: "sym_links/calc_sb.svh", 41: calc_tb_pkg: at time 19705000 ps
     19705 SB: Mismatch UPPER data at addr 0xf7, Expected: 0x0, Got: 0xbbbc5277
     19705 SB: Second Read Addr: 0xf7, Actual LOWER: 0xf0eeaee1 UPPER: 0xbbbc5277
Error: "sym_links/calc_sb.svh", 57: calc_tb_pkg: at time 19725000 ps
     19725 SB: Mismatch on WRITE LOWER data at addr 0x76, Expected: 0x0, Got: 0x46e3b48d
Error: "sym_links/calc_sb.svh", 61: calc_tb_pkg: at time 19725000 ps
     19725 SB: Mismatch on WRITE UPPER data at addr 0x76, Expected: 0x0, Got: 0xacab0158
     19725 SB: Write Addr: 0x76, Computed: 0x0+0x0=0x0, Actual LOWER: 0x46e3b48d UPPER: 0xacab0158
     19745 SB: First Read Addr: 0xf8, Expected LOWER: 0x0 UPPER: 0x0
Error: "sym_links/calc_sb.svh", 38: calc_tb_pkg: at time 19765000 ps
     19765 SB: Mismatch LOWER data at addr 0xf9, Expected: 0x0, Got: 0x6a9fb9d5
Error: "sym_links/calc_sb.svh", 41: calc_tb_pkg: at time 19765000 ps
     19765 SB: Mismatch UPPER data at addr 0xf9, Expected: 0x0, Got: 0x3437d568
     19765 SB: Second Read Addr: 0xf9, Actual LOWER: 0x6a9fb9d5 UPPER: 0x3437d568
Error: "sym_links/calc_sb.svh", 57: calc_tb_pkg: at time 19785000 ps
     19785 SB: Mismatch on WRITE LOWER data at addr 0x77, Expected: 0x0, Got: 0x77c00aef
Error: "sym_links/calc_sb.svh", 61: calc_tb_pkg: at time 19785000 ps
     19785 SB: Mismatch on WRITE UPPER data at addr 0x77, Expected: 0x0, Got: 0x9ed78f3d
     19785 SB: Write Addr: 0x77, Computed: 0x0+0x0=0x0, Actual LOWER: 0x77c00aef UPPER: 0x9ed78f3d
     19805 SB: First Read Addr: 0xfa, Expected LOWER: 0x0 UPPER: 0x0
Error: "sym_links/calc_sb.svh", 38: calc_tb_pkg: at time 19825000 ps
     19825 SB: Mismatch LOWER data at addr 0xfb, Expected: 0x0, Got: 0x79fc30f
Error: "sym_links/calc_sb.svh", 41: calc_tb_pkg: at time 19825000 ps
     19825 SB: Mismatch UPPER data at addr 0xfb, Expected: 0x0, Got: 0xf8dc48f1
     19825 SB: Second Read Addr: 0xfb, Actual LOWER: 0x79fc30f UPPER: 0xf8dc48f1
Error: "sym_links/calc_sb.svh", 57: calc_tb_pkg: at time 19845000 ps
     19845 SB: Mismatch on WRITE LOWER data at addr 0x78, Expected: 0x0, Got: 0x4dda729a
Error: "sym_links/calc_sb.svh", 61: calc_tb_pkg: at time 19845000 ps
     19845 SB: Mismatch on WRITE UPPER data at addr 0x78, Expected: 0x0, Got: 0x7c0c00
     19845 SB: Write Addr: 0x78, Computed: 0x0+0x0=0x0, Actual LOWER: 0x4dda729a UPPER: 0x7c0c00
     19865 SB: First Read Addr: 0xfc, Expected LOWER: 0x0 UPPER: 0x0
"sym_links/calc_tb_top.sv", 336: calc_tb_top.VALID_INPUT_ADDRESS: started at 19875000ps failed at 19875000ps
	Offending '((calc_tb_top.calc_if.curr_rd_addr >= calc_tb_top.calc_if.read_start_addr) && (calc_tb_top.calc_if.curr_rd_addr <= calc_tb_top.calc_if.read_end_addr))'
Error: "sym_links/calc_sb.svh", 38: calc_tb_pkg: at time 19885000 ps
     19885 SB: Mismatch LOWER data at addr 0xfd, Expected: 0x0, Got: 0xf161dce2
Error: "sym_links/calc_sb.svh", 41: calc_tb_pkg: at time 19885000 ps
     19885 SB: Mismatch UPPER data at addr 0xfd, Expected: 0x0, Got: 0x1e664d3c
     19885 SB: Second Read Addr: 0xfd, Actual LOWER: 0xf161dce2 UPPER: 0x1e664d3c
Error: "sym_links/calc_sb.svh", 57: calc_tb_pkg: at time 19905000 ps
     19905 SB: Mismatch on WRITE LOWER data at addr 0x79, Expected: 0x0, Got: 0x5ca520b
Error: "sym_links/calc_sb.svh", 61: calc_tb_pkg: at time 19905000 ps
     19905 SB: Mismatch on WRITE UPPER data at addr 0x79, Expected: 0x0, Got: 0xfc82a1e
     19905 SB: Write Addr: 0x79, Computed: 0x0+0x0=0x0, Actual LOWER: 0x5ca520b UPPER: 0xfc82a1e
[DRIVER] Starting calculation with Read[0x126:0x15c] Write[0x162:0x183] at time 1991500
[DRIVER] Applying reset at time 1991500
[DRIVER] Reset released at time 1995500
     19975 SB: First Read Addr: 0x126, Expected LOWER: 0x0 UPPER: 0x0
Error: "sym_links/calc_sb.svh", 38: calc_tb_pkg: at time 19995000 ps
     19995 SB: Mismatch LOWER data at addr 0x127, Expected: 0x0, Got: 0xaeeacc5d
Error: "sym_links/calc_sb.svh", 41: calc_tb_pkg: at time 19995000 ps
     19995 SB: Mismatch UPPER data at addr 0x127, Expected: 0x0, Got: 0xca481294
     19995 SB: Second Read Addr: 0x127, Actual LOWER: 0xaeeacc5d UPPER: 0xca481294
Error: "sym_links/calc_sb.svh", 57: calc_tb_pkg: at time 20015000 ps
     20015 SB: Mismatch on WRITE LOWER data at addr 0x162, Expected: 0x0, Got: 0x757adeea
Error: "sym_links/calc_sb.svh", 61: calc_tb_pkg: at time 20015000 ps
     20015 SB: Mismatch on WRITE UPPER data at addr 0x162, Expected: 0x0, Got: 0x7932def1
     20015 SB: Write Addr: 0x162, Computed: 0x0+0x0=0x0, Actual LOWER: 0x757adeea UPPER: 0x7932def1
     20035 SB: First Read Addr: 0x128, Expected LOWER: 0x0 UPPER: 0x0
Error: "sym_links/calc_sb.svh", 38: calc_tb_pkg: at time 20055000 ps
     20055 SB: Mismatch LOWER data at addr 0x129, Expected: 0x0, Got: 0xdc4308b8
Error: "sym_links/calc_sb.svh", 41: calc_tb_pkg: at time 20055000 ps
     20055 SB: Mismatch UPPER data at addr 0x129, Expected: 0x0, Got: 0xcf309c9e
     20055 SB: Second Read Addr: 0x129, Actual LOWER: 0xdc4308b8 UPPER: 0xcf309c9e
Error: "sym_links/calc_sb.svh", 57: calc_tb_pkg: at time 20075000 ps
     20075 SB: Mismatch on WRITE LOWER data at addr 0x163, Expected: 0x0, Got: 0x13b90c26
Error: "sym_links/calc_sb.svh", 61: calc_tb_pkg: at time 20075000 ps
     20075 SB: Mismatch on WRITE UPPER data at addr 0x163, Expected: 0x0, Got: 0xab73a556
     20075 SB: Write Addr: 0x163, Computed: 0x0+0x0=0x0, Actual LOWER: 0x13b90c26 UPPER: 0xab73a556
     20095 SB: First Read Addr: 0x12a, Expected LOWER: 0x0 UPPER: 0x0
Error: "sym_links/calc_sb.svh", 38: calc_tb_pkg: at time 20115000 ps
     20115 SB: Mismatch LOWER data at addr 0x12b, Expected: 0x0, Got: 0x83fa6407
Error: "sym_links/calc_sb.svh", 41: calc_tb_pkg: at time 20115000 ps
     20115 SB: Mismatch UPPER data at addr 0x12b, Expected: 0x0, Got: 0xc9cbbc93
     20115 SB: Second Read Addr: 0x12b, Actual LOWER: 0x83fa6407 UPPER: 0xc9cbbc93
Error: "sym_links/calc_sb.svh", 57: calc_tb_pkg: at time 20135000 ps
     20135 SB: Mismatch on WRITE LOWER data at addr 0x164, Expected: 0x0, Got: 0x20b91240
Error: "sym_links/calc_sb.svh", 61: calc_tb_pkg: at time 20135000 ps
     20135 SB: Mismatch on WRITE UPPER data at addr 0x164, Expected: 0x0, Got: 0x4dc6209a
     20135 SB: Write Addr: 0x164, Computed: 0x0+0x0=0x0, Actual LOWER: 0x20b91240 UPPER: 0x4dc6209a
     20155 SB: First Read Addr: 0x12c, Expected LOWER: 0x0 UPPER: 0x0
Error: "sym_links/calc_sb.svh", 38: calc_tb_pkg: at time 20175000 ps
     20175 SB: Mismatch LOWER data at addr 0x12d, Expected: 0x0, Got: 0x22d5f145
Error: "sym_links/calc_sb.svh", 41: calc_tb_pkg: at time 20175000 ps
     20175 SB: Mismatch UPPER data at addr 0x12d, Expected: 0x0, Got: 0xb1800a63
     20175 SB: Second Read Addr: 0x12d, Actual LOWER: 0x22d5f145 UPPER: 0xb1800a63
Error: "sym_links/calc_sb.svh", 57: calc_tb_pkg: at time 20195000 ps
     20195 SB: Mismatch on WRITE LOWER data at addr 0x165, Expected: 0x0, Got: 0x6ae500c
Error: "sym_links/calc_sb.svh", 61: calc_tb_pkg: at time 20195000 ps
     20195 SB: Mismatch on WRITE UPPER data at addr 0x165, Expected: 0x0, Got: 0xd455fba8
     20195 SB: Write Addr: 0x165, Computed: 0x0+0x0=0x0, Actual LOWER: 0x6ae500c UPPER: 0xd455fba8
     20215 SB: First Read Addr: 0x12e, Expected LOWER: 0x0 UPPER: 0x0
Error: "sym_links/calc_sb.svh", 38: calc_tb_pkg: at time 20235000 ps
     20235 SB: Mismatch LOWER data at addr 0x12f, Expected: 0x0, Got: 0xb4497668
Error: "sym_links/calc_sb.svh", 41: calc_tb_pkg: at time 20235000 ps
     20235 SB: Mismatch UPPER data at addr 0x12f, Expected: 0x0, Got: 0x8f63e41e
     20235 SB: Second Read Addr: 0x12f, Actual LOWER: 0xb4497668 UPPER: 0x8f63e41e
Error: "sym_links/calc_sb.svh", 57: calc_tb_pkg: at time 20255000 ps
     20255 SB: Mismatch on WRITE LOWER data at addr 0x166, Expected: 0x0, Got: 0x4006ae7f
Error: "sym_links/calc_sb.svh", 61: calc_tb_pkg: at time 20255000 ps
     20255 SB: Mismatch on WRITE UPPER data at addr 0x166, Expected: 0x0, Got: 0x43ad5a86
     20255 SB: Write Addr: 0x166, Computed: 0x0+0x0=0x0, Actual LOWER: 0x4006ae7f UPPER: 0x43ad5a86
     20275 SB: First Read Addr: 0x130, Expected LOWER: 0x0 UPPER: 0x0
Error: "sym_links/calc_sb.svh", 38: calc_tb_pkg: at time 20295000 ps
     20295 SB: Mismatch LOWER data at addr 0x131, Expected: 0x0, Got: 0xe43851c
Error: "sym_links/calc_sb.svh", 41: calc_tb_pkg: at time 20295000 ps
     20295 SB: Mismatch UPPER data at addr 0x131, Expected: 0x0, Got: 0x5c9967b9
     20295 SB: Second Read Addr: 0x131, Actual LOWER: 0xe43851c UPPER: 0x5c9967b9
Error: "sym_links/calc_sb.svh", 57: calc_tb_pkg: at time 20315000 ps
     20315 SB: Mismatch on WRITE LOWER data at addr 0x167, Expected: 0x0, Got: 0xf55299ea
Error: "sym_links/calc_sb.svh", 61: calc_tb_pkg: at time 20315000 ps
     20315 SB: Mismatch on WRITE UPPER data at addr 0x167, Expected: 0x0, Got: 0x6adcecd5
     20315 SB: Write Addr: 0x167, Computed: 0x0+0x0=0x0, Actual LOWER: 0xf55299ea UPPER: 0x6adcecd5
     20335 SB: First Read Addr: 0x132, Expected LOWER: 0x0 UPPER: 0x0
Error: "sym_links/calc_sb.svh", 38: calc_tb_pkg: at time 20355000 ps
     20355 SB: Mismatch LOWER data at addr 0x133, Expected: 0x0, Got: 0x37b9656f
Error: "sym_links/calc_sb.svh", 41: calc_tb_pkg: at time 20355000 ps
     20355 SB: Mismatch UPPER data at addr 0x133, Expected: 0x0, Got: 0x6c6a6dd8
     20355 SB: Second Read Addr: 0x133, Actual LOWER: 0x37b9656f UPPER: 0x6c6a6dd8
Error: "sym_links/calc_sb.svh", 57: calc_tb_pkg: at time 20375000 ps
     20375 SB: Mismatch on WRITE LOWER data at addr 0x168, Expected: 0x0, Got: 0xbdacf97b
Error: "sym_links/calc_sb.svh", 61: calc_tb_pkg: at time 20375000 ps
     20375 SB: Mismatch on WRITE UPPER data at addr 0x168, Expected: 0x0, Got: 0xa423d347
     20375 SB: Write Addr: 0x168, Computed: 0x0+0x0=0x0, Actual LOWER: 0xbdacf97b UPPER: 0xa423d347
     20395 SB: First Read Addr: 0x134, Expected LOWER: 0x0 UPPER: 0x0
Error: "sym_links/calc_sb.svh", 38: calc_tb_pkg: at time 20415000 ps
     20415 SB: Mismatch LOWER data at addr 0x135, Expected: 0x0, Got: 0x45f3238b
Error: "sym_links/calc_sb.svh", 41: calc_tb_pkg: at time 20415000 ps
     20415 SB: Mismatch UPPER data at addr 0x135, Expected: 0x0, Got: 0x7e2491fc
     20415 SB: Second Read Addr: 0x135, Actual LOWER: 0x45f3238b UPPER: 0x7e2491fc
Error: "sym_links/calc_sb.svh", 57: calc_tb_pkg: at time 20435000 ps
     20435 SB: Mismatch on WRITE LOWER data at addr 0x169, Expected: 0x0, Got: 0xe9a32fd2
Error: "sym_links/calc_sb.svh", 61: calc_tb_pkg: at time 20435000 ps
     20435 SB: Mismatch on WRITE UPPER data at addr 0x169, Expected: 0x0, Got: 0xc417b587
     20435 SB: Write Addr: 0x169, Computed: 0x0+0x0=0x0, Actual LOWER: 0xe9a32fd2 UPPER: 0xc417b587
     20455 SB: First Read Addr: 0x136, Expected LOWER: 0x0 UPPER: 0x0
Error: "sym_links/calc_sb.svh", 38: calc_tb_pkg: at time 20475000 ps
     20475 SB: Mismatch LOWER data at addr 0x137, Expected: 0x0, Got: 0xc978d19
Error: "sym_links/calc_sb.svh", 41: calc_tb_pkg: at time 20475000 ps
     20475 SB: Mismatch UPPER data at addr 0x137, Expected: 0x0, Got: 0x52b533a5
     20475 SB: Second Read Addr: 0x137, Actual LOWER: 0xc978d19 UPPER: 0x52b533a5
Error: "sym_links/calc_sb.svh", 57: calc_tb_pkg: at time 20495000 ps
     20495 SB: Mismatch on WRITE LOWER data at addr 0x16a, Expected: 0x0, Got: 0x409d2a80
Error: "sym_links/calc_sb.svh", 61: calc_tb_pkg: at time 20495000 ps
     20495 SB: Mismatch on WRITE UPPER data at addr 0x16a, Expected: 0x0, Got: 0x5f4cc0be
     20495 SB: Write Addr: 0x16a, Computed: 0x0+0x0=0x0, Actual LOWER: 0x409d2a80 UPPER: 0x5f4cc0be
     20515 SB: First Read Addr: 0x138, Expected LOWER: 0x0 UPPER: 0x0
Error: "sym_links/calc_sb.svh", 38: calc_tb_pkg: at time 20535000 ps
     20535 SB: Mismatch LOWER data at addr 0x139, Expected: 0x0, Got: 0xac782c58
Error: "sym_links/calc_sb.svh", 41: calc_tb_pkg: at time 20535000 ps
     20535 SB: Mismatch UPPER data at addr 0x139, Expected: 0x0, Got: 0x62056bc4
     20535 SB: Second Read Addr: 0x139, Actual LOWER: 0xac782c58 UPPER: 0x62056bc4
Error: "sym_links/calc_sb.svh", 57: calc_tb_pkg: at time 20555000 ps
     20555 SB: Mismatch on WRITE LOWER data at addr 0x16b, Expected: 0x0, Got: 0x98c54f31
Error: "sym_links/calc_sb.svh", 61: calc_tb_pkg: at time 20555000 ps
     20555 SB: Mismatch on WRITE UPPER data at addr 0x16b, Expected: 0x0, Got: 0xe7d981c
     20555 SB: Write Addr: 0x16b, Computed: 0x0+0x0=0x0, Actual LOWER: 0x98c54f31 UPPER: 0xe7d981c
     20575 SB: First Read Addr: 0x13a, Expected LOWER: 0x0 UPPER: 0x0
Error: "sym_links/calc_sb.svh", 38: calc_tb_pkg: at time 20595000 ps
     20595 SB: Mismatch LOWER data at addr 0x13b, Expected: 0x0, Got: 0xcd1d509a
Error: "sym_links/calc_sb.svh", 41: calc_tb_pkg: at time 20595000 ps
     20595 SB: Mismatch UPPER data at addr 0x13b, Expected: 0x0, Got: 0xc161918
     20595 SB: Second Read Addr: 0x13b, Actual LOWER: 0xcd1d509a UPPER: 0xc161918
Error: "sym_links/calc_sb.svh", 57: calc_tb_pkg: at time 20615000 ps
     20615 SB: Mismatch on WRITE LOWER data at addr 0x16c, Expected: 0x0, Got: 0x31708862
Error: "sym_links/calc_sb.svh", 61: calc_tb_pkg: at time 20615000 ps
     20615 SB: Mismatch on WRITE UPPER data at addr 0x16c, Expected: 0x0, Got: 0xd93369b2
     20615 SB: Write Addr: 0x16c, Computed: 0x0+0x0=0x0, Actual LOWER: 0x31708862 UPPER: 0xd93369b2
     20635 SB: First Read Addr: 0x13c, Expected LOWER: 0x0 UPPER: 0x0
Error: "sym_links/calc_sb.svh", 38: calc_tb_pkg: at time 20655000 ps
     20655 SB: Mismatch LOWER data at addr 0x13d, Expected: 0x0, Got: 0xd12031a
Error: "sym_links/calc_sb.svh", 41: calc_tb_pkg: at time 20655000 ps
     20655 SB: Mismatch UPPER data at addr 0x13d, Expected: 0x0, Got: 0x61dbd5c3
     20655 SB: Second Read Addr: 0x13d, Actual LOWER: 0xd12031a UPPER: 0x61dbd5c3
Error: "sym_links/calc_sb.svh", 57: calc_tb_pkg: at time 20675000 ps
     20675 SB: Mismatch on WRITE LOWER data at addr 0x16d, Expected: 0x0, Got: 0x3806386f
Error: "sym_links/calc_sb.svh", 61: calc_tb_pkg: at time 20675000 ps
     20675 SB: Mismatch on WRITE UPPER data at addr 0x16d, Expected: 0x0, Got: 0x6eedd8dd
     20675 SB: Write Addr: 0x16d, Computed: 0x0+0x0=0x0, Actual LOWER: 0x3806386f UPPER: 0x6eedd8dd
     20695 SB: First Read Addr: 0x13e, Expected LOWER: 0x0 UPPER: 0x0
Error: "sym_links/calc_sb.svh", 38: calc_tb_pkg: at time 20715000 ps
     20715 SB: Mismatch LOWER data at addr 0x13f, Expected: 0x0, Got: 0xafad455f
Error: "sym_links/calc_sb.svh", 41: calc_tb_pkg: at time 20715000 ps
     20715 SB: Mismatch UPPER data at addr 0x13f, Expected: 0x0, Got: 0x46d4ea8c
     20715 SB: Second Read Addr: 0x13f, Actual LOWER: 0xafad455f UPPER: 0x46d4ea8c
Error: "sym_links/calc_sb.svh", 57: calc_tb_pkg: at time 20735000 ps
     20735 SB: Mismatch on WRITE LOWER data at addr 0x16e, Expected: 0x0, Got: 0x5f684cbe
Error: "sym_links/calc_sb.svh", 61: calc_tb_pkg: at time 20735000 ps
     20735 SB: Mismatch on WRITE UPPER data at addr 0x16e, Expected: 0x0, Got: 0xf6822feb
     20735 SB: Write Addr: 0x16e, Computed: 0x0+0x0=0x0, Actual LOWER: 0x5f684cbe UPPER: 0xf6822feb
     20755 SB: First Read Addr: 0x140, Expected LOWER: 0x2df6ce5b UPPER: 0x440a7a87
Error: "sym_links/calc_sb.svh", 38: calc_tb_pkg: at time 20775000 ps
     20775 SB: Mismatch LOWER data at addr 0x141, Expected: 0x2df6ce5b, Got: 0x6fdadedf
Error: "sym_links/calc_sb.svh", 41: calc_tb_pkg: at time 20775000 ps
     20775 SB: Mismatch UPPER data at addr 0x141, Expected: 0x440a7a87, Got: 0xafe9415
     20775 SB: Second Read Addr: 0x141, Actual LOWER: 0x6fdadedf UPPER: 0xafe9415
Error: "sym_links/calc_sb.svh", 61: calc_tb_pkg: at time 20795000 ps
     20795 SB: Mismatch on WRITE UPPER data at addr 0x16f, Expected: 0x0, Got: 0x7ad972f4
     20795 SB: Write Addr: 0x16f, Computed: 0x2df6ce5b+0x440a7a87=0x720148e2, Actual LOWER: 0x720148e2 UPPER: 0x7ad972f4
     20815 SB: First Read Addr: 0x142, Expected LOWER: 0x711a1ee1 UPPER: 0x7afc22f5
Error: "sym_links/calc_sb.svh", 38: calc_tb_pkg: at time 20835000 ps
     20835 SB: Mismatch LOWER data at addr 0x143, Expected: 0x711a1ee1, Got: 0x3ba3b476
Error: "sym_links/calc_sb.svh", 41: calc_tb_pkg: at time 20835000 ps
     20835 SB: Mismatch UPPER data at addr 0x143, Expected: 0x7afc22f5, Got: 0x27c08c4e
     20835 SB: Second Read Addr: 0x143, Actual LOWER: 0x3ba3b476 UPPER: 0x27c08c4e
Error: "sym_links/calc_sb.svh", 61: calc_tb_pkg: at time 20855000 ps
     20855 SB: Mismatch on WRITE UPPER data at addr 0x170, Expected: 0x0, Got: 0x636440c4
     20855 SB: Write Addr: 0x170, Computed: 0x711a1ee1+0x7afc22f5=0xec1641d6, Actual LOWER: 0xec1641d6 UPPER: 0x636440c4
     20875 SB: First Read Addr: 0x144, Expected LOWER: 0x86bd490d UPPER: 0x46e3b48d
Error: "sym_links/calc_sb.svh", 38: calc_tb_pkg: at time 20895000 ps
     20895 SB: Mismatch LOWER data at addr 0x145, Expected: 0x86bd490d, Got: 0xacab0158
Error: "sym_links/calc_sb.svh", 41: calc_tb_pkg: at time 20895000 ps
     20895 SB: Mismatch UPPER data at addr 0x145, Expected: 0x46e3b48d, Got: 0x77c00aef
     20895 SB: Second Read Addr: 0x145, Actual LOWER: 0xacab0158 UPPER: 0x77c00aef
Error: "sym_links/calc_sb.svh", 61: calc_tb_pkg: at time 20915000 ps
     20915 SB: Mismatch on WRITE UPPER data at addr 0x171, Expected: 0x0, Got: 0x246b0c47
     20915 SB: Write Addr: 0x171, Computed: 0x86bd490d+0x46e3b48d=0xcda0fd9a, Actual LOWER: 0xcda0fd9a UPPER: 0x246b0c47
     20935 SB: First Read Addr: 0x146, Expected LOWER: 0x9ed78f3d UPPER: 0x4dda729a
Error: "sym_links/calc_sb.svh", 38: calc_tb_pkg: at time 20955000 ps
     20955 SB: Mismatch LOWER data at addr 0x147, Expected: 0x9ed78f3d, Got: 0x7c0c00
Error: "sym_links/calc_sb.svh", 41: calc_tb_pkg: at time 20955000 ps
     20955 SB: Mismatch UPPER data at addr 0x147, Expected: 0x4dda729a, Got: 0x5ca520b
     20955 SB: Second Read Addr: 0x147, Actual LOWER: 0x7c0c00 UPPER: 0x5ca520b
Error: "sym_links/calc_sb.svh", 61: calc_tb_pkg: at time 20975000 ps
     20975 SB: Mismatch on WRITE UPPER data at addr 0x172, Expected: 0x0, Got: 0x6465e0b
     20975 SB: Write Addr: 0x172, Computed: 0x9ed78f3d+0x4dda729a=0xecb201d7, Actual LOWER: 0xecb201d7 UPPER: 0x6465e0b
     20995 SB: First Read Addr: 0x148, Expected LOWER: 0xfc82a1e UPPER: 0x4ca19898
Error: "sym_links/calc_sb.svh", 38: calc_tb_pkg: at time 21015000 ps
     21015 SB: Mismatch LOWER data at addr 0x149, Expected: 0xfc82a1e, Got: 0x858a0d0a
Error: "sym_links/calc_sb.svh", 41: calc_tb_pkg: at time 21015000 ps
     21015 SB: Mismatch UPPER data at addr 0x149, Expected: 0x4ca19898, Got: 0x81d4a903
     21015 SB: Second Read Addr: 0x149, Actual LOWER: 0x858a0d0a UPPER: 0x81d4a903
Error: "sym_links/calc_sb.svh", 61: calc_tb_pkg: at time 21035000 ps
     21035 SB: Mismatch on WRITE UPPER data at addr 0x173, Expected: 0x0, Got: 0x75eb60d
     21035 SB: Write Addr: 0x173, Computed: 0xfc82a1e+0x4ca19898=0x5c69c2b6, Actual LOWER: 0x5c69c2b6 UPPER: 0x75eb60d
     21055 SB: First Read Addr: 0x14a, Expected LOWER: 0x13566226 UPPER: 0x5ba268b6
Error: "sym_links/calc_sb.svh", 38: calc_tb_pkg: at time 21075000 ps
     21075 SB: Mismatch LOWER data at addr 0x14b, Expected: 0x13566226, Got: 0xa8304b50
Error: "sym_links/calc_sb.svh", 41: calc_tb_pkg: at time 21075000 ps
     21075 SB: Mismatch UPPER data at addr 0x14b, Expected: 0x5ba268b6, Got: 0x55fc42ab
     21075 SB: Second Read Addr: 0x14b, Actual LOWER: 0xa8304b50 UPPER: 0x55fc42ab
Error: "sym_links/calc_sb.svh", 61: calc_tb_pkg: at time 21095000 ps
     21095 SB: Mismatch on WRITE UPPER data at addr 0x174, Expected: 0x0, Got: 0xfe2c8dfb
     21095 SB: Write Addr: 0x174, Computed: 0x13566226+0x5ba268b6=0x6ef8cadc, Actual LOWER: 0x6ef8cadc UPPER: 0xfe2c8dfb
     21115 SB: First Read Addr: 0x14c, Expected LOWER: 0x0 UPPER: 0x0
Error: "sym_links/calc_sb.svh", 38: calc_tb_pkg: at time 21135000 ps
     21135 SB: Mismatch LOWER data at addr 0x14d, Expected: 0x0, Got: 0xb8c0c271
Error: "sym_links/calc_sb.svh", 41: calc_tb_pkg: at time 21135000 ps
     21135 SB: Mismatch UPPER data at addr 0x14d, Expected: 0x0, Got: 0x7dfe8ffb
     21135 SB: Second Read Addr: 0x14d, Actual LOWER: 0xb8c0c271 UPPER: 0x7dfe8ffb
Error: "sym_links/calc_sb.svh", 57: calc_tb_pkg: at time 21155000 ps
     21155 SB: Mismatch on WRITE LOWER data at addr 0x175, Expected: 0x0, Got: 0xddbebfba
Error: "sym_links/calc_sb.svh", 61: calc_tb_pkg: at time 21155000 ps
     21155 SB: Mismatch on WRITE UPPER data at addr 0x175, Expected: 0x0, Got: 0x36bf526c
     21155 SB: Write Addr: 0x175, Computed: 0x0+0x0=0x0, Actual LOWER: 0xddbebfba UPPER: 0x36bf526c
     21175 SB: First Read Addr: 0x14e, Expected LOWER: 0x0 UPPER: 0x0
Error: "sym_links/calc_sb.svh", 38: calc_tb_pkg: at time 21195000 ps
     21195 SB: Mismatch LOWER data at addr 0x14f, Expected: 0x0, Got: 0xbec5717
Error: "sym_links/calc_sb.svh", 41: calc_tb_pkg: at time 21195000 ps
     21195 SB: Mismatch UPPER data at addr 0x14f, Expected: 0x0, Got: 0xe0e004c1
     21195 SB: Second Read Addr: 0x14f, Actual LOWER: 0xbec5717 UPPER: 0xe0e004c1
Error: "sym_links/calc_sb.svh", 57: calc_tb_pkg: at time 21215000 ps
     21215 SB: Mismatch on WRITE LOWER data at addr 0x176, Expected: 0x0, Got: 0x4cc48a98
Error: "sym_links/calc_sb.svh", 61: calc_tb_pkg: at time 21215000 ps
     21215 SB: Mismatch on WRITE UPPER data at addr 0x176, Expected: 0x0, Got: 0xeccc5bd8
     21215 SB: Write Addr: 0x176, Computed: 0x0+0x0=0x0, Actual LOWER: 0x4cc48a98 UPPER: 0xeccc5bd8
     21235 SB: First Read Addr: 0x150, Expected LOWER: 0x0 UPPER: 0x0
Error: "sym_links/calc_sb.svh", 38: calc_tb_pkg: at time 21255000 ps
     21255 SB: Mismatch LOWER data at addr 0x151, Expected: 0x0, Got: 0xc4fd2e89
Error: "sym_links/calc_sb.svh", 41: calc_tb_pkg: at time 21255000 ps
     21255 SB: Mismatch UPPER data at addr 0x151, Expected: 0x0, Got: 0xc7b2e28f
     21255 SB: Second Read Addr: 0x151, Actual LOWER: 0xc4fd2e89 UPPER: 0xc7b2e28f
Error: "sym_links/calc_sb.svh", 57: calc_tb_pkg: at time 21275000 ps
     21275 SB: Mismatch on WRITE LOWER data at addr 0x177, Expected: 0x0, Got: 0xd0985da0
Error: "sym_links/calc_sb.svh", 61: calc_tb_pkg: at time 21275000 ps
     21275 SB: Mismatch on WRITE UPPER data at addr 0x177, Expected: 0x0, Got: 0x8cb01118
     21275 SB: Write Addr: 0x177, Computed: 0x0+0x0=0x0, Actual LOWER: 0xd0985da0 UPPER: 0x8cb01118
     21295 SB: First Read Addr: 0x152, Expected LOWER: 0x0 UPPER: 0x0
Error: "sym_links/calc_sb.svh", 38: calc_tb_pkg: at time 21315000 ps
     21315 SB: Mismatch LOWER data at addr 0x153, Expected: 0x0, Got: 0xe9b49ad3
Error: "sym_links/calc_sb.svh", 41: calc_tb_pkg: at time 21315000 ps
     21315 SB: Mismatch UPPER data at addr 0x153, Expected: 0x0, Got: 0xeb1d02d6
     21315 SB: Second Read Addr: 0x153, Actual LOWER: 0xe9b49ad3 UPPER: 0xeb1d02d6
Error: "sym_links/calc_sb.svh", 57: calc_tb_pkg: at time 21335000 ps
     21335 SB: Mismatch on WRITE LOWER data at addr 0x178, Expected: 0x0, Got: 0xb83d216f
Error: "sym_links/calc_sb.svh", 61: calc_tb_pkg: at time 21335000 ps
     21335 SB: Mismatch on WRITE UPPER data at addr 0x178, Expected: 0x0, Got: 0xd4d19da9
     21335 SB: Write Addr: 0x178, Computed: 0x0+0x0=0x0, Actual LOWER: 0xb83d216f UPPER: 0xd4d19da9
     21355 SB: First Read Addr: 0x154, Expected LOWER: 0x0 UPPER: 0x0
Error: "sym_links/calc_sb.svh", 38: calc_tb_pkg: at time 21375000 ps
     21375 SB: Mismatch LOWER data at addr 0x155, Expected: 0x0, Got: 0x38e6a771
Error: "sym_links/calc_sb.svh", 41: calc_tb_pkg: at time 21375000 ps
     21375 SB: Mismatch UPPER data at addr 0x155, Expected: 0x0, Got: 0xeb8804d7
     21375 SB: Second Read Addr: 0x155, Actual LOWER: 0x38e6a771 UPPER: 0xeb8804d7
Error: "sym_links/calc_sb.svh", 57: calc_tb_pkg: at time 21395000 ps
     21395 SB: Mismatch on WRITE LOWER data at addr 0x179, Expected: 0x0, Got: 0xcea8419c
Error: "sym_links/calc_sb.svh", 61: calc_tb_pkg: at time 21395000 ps
     21395 SB: Mismatch on WRITE UPPER data at addr 0x179, Expected: 0x0, Got: 0x246eac48
     21395 SB: Write Addr: 0x179, Computed: 0x0+0x0=0x0, Actual LOWER: 0xcea8419c UPPER: 0x246eac48
     21415 SB: First Read Addr: 0x156, Expected LOWER: 0x0 UPPER: 0x0
Error: "sym_links/calc_sb.svh", 38: calc_tb_pkg: at time 21435000 ps
     21435 SB: Mismatch LOWER data at addr 0x157, Expected: 0x0, Got: 0x66861dcd
Error: "sym_links/calc_sb.svh", 41: calc_tb_pkg: at time 21435000 ps
     21435 SB: Mismatch UPPER data at addr 0x157, Expected: 0x0, Got: 0x2bd4305
     21435 SB: Second Read Addr: 0x157, Actual LOWER: 0x66861dcd UPPER: 0x2bd4305
Error: "sym_links/calc_sb.svh", 57: calc_tb_pkg: at time 21455000 ps
     21455 SB: Mismatch on WRITE LOWER data at addr 0x17a, Expected: 0x0, Got: 0x8029a2ff
Error: "sym_links/calc_sb.svh", 61: calc_tb_pkg: at time 21455000 ps
     21455 SB: Mismatch on WRITE UPPER data at addr 0x17a, Expected: 0x0, Got: 0x694360d2
     21455 SB: Write Addr: 0x17a, Computed: 0x0+0x0=0x0, Actual LOWER: 0x8029a2ff UPPER: 0x694360d2
     21475 SB: First Read Addr: 0x158, Expected LOWER: 0x0 UPPER: 0x0
Error: "sym_links/calc_sb.svh", 38: calc_tb_pkg: at time 21495000 ps
     21495 SB: Mismatch LOWER data at addr 0x159, Expected: 0x0, Got: 0xf67088ec
Error: "sym_links/calc_sb.svh", 41: calc_tb_pkg: at time 21495000 ps
     21495 SB: Mismatch UPPER data at addr 0x159, Expected: 0x0, Got: 0x9541d62a
     21495 SB: Second Read Addr: 0x159, Actual LOWER: 0xf67088ec UPPER: 0x9541d62a
Error: "sym_links/calc_sb.svh", 57: calc_tb_pkg: at time 21515000 ps
     21515 SB: Mismatch on WRITE LOWER data at addr 0x17b, Expected: 0x0, Got: 0x5a53b2b4
Error: "sym_links/calc_sb.svh", 61: calc_tb_pkg: at time 21515000 ps
     21515 SB: Mismatch on WRITE UPPER data at addr 0x17b, Expected: 0x0, Got: 0x8bb25f16
     21515 SB: Write Addr: 0x17b, Computed: 0x0+0x0=0x0, Actual LOWER: 0x5a53b2b4 UPPER: 0x8bb25f16
     21535 SB: First Read Addr: 0x15a, Expected LOWER: 0x0 UPPER: 0x0
Error: "sym_links/calc_sb.svh", 38: calc_tb_pkg: at time 21555000 ps
     21555 SB: Mismatch LOWER data at addr 0x15b, Expected: 0x0, Got: 0x81fa3603
Error: "sym_links/calc_sb.svh", 41: calc_tb_pkg: at time 21555000 ps
     21555 SB: Mismatch UPPER data at addr 0x15b, Expected: 0x0, Got: 0xff729efe
     21555 SB: Second Read Addr: 0x15b, Actual LOWER: 0x81fa3603 UPPER: 0xff729efe
Error: "sym_links/calc_sb.svh", 57: calc_tb_pkg: at time 21575000 ps
     21575 SB: Mismatch on WRITE LOWER data at addr 0x17c, Expected: 0x0, Got: 0xce634f9c
Error: "sym_links/calc_sb.svh", 61: calc_tb_pkg: at time 21575000 ps
     21575 SB: Mismatch on WRITE UPPER data at addr 0x17c, Expected: 0x0, Got: 0x816cd501
     21575 SB: Write Addr: 0x17c, Computed: 0x0+0x0=0x0, Actual LOWER: 0xce634f9c UPPER: 0x816cd501
     21595 SB: First Read Addr: 0x15c, Expected LOWER: 0x0 UPPER: 0x0
"sym_links/calc_tb_top.sv", 336: calc_tb_top.VALID_INPUT_ADDRESS: started at 21605000ps failed at 21605000ps
	Offending '((calc_tb_top.calc_if.curr_rd_addr >= calc_tb_top.calc_if.read_start_addr) && (calc_tb_top.calc_if.curr_rd_addr <= calc_tb_top.calc_if.read_end_addr))'
Error: "sym_links/calc_sb.svh", 38: calc_tb_pkg: at time 21615000 ps
     21615 SB: Mismatch LOWER data at addr 0x15d, Expected: 0x0, Got: 0xf43a34e8
Error: "sym_links/calc_sb.svh", 41: calc_tb_pkg: at time 21615000 ps
     21615 SB: Mismatch UPPER data at addr 0x15d, Expected: 0x0, Got: 0xba603874
     21615 SB: Second Read Addr: 0x15d, Actual LOWER: 0xf43a34e8 UPPER: 0xba603874
Error: "sym_links/calc_sb.svh", 57: calc_tb_pkg: at time 21635000 ps
     21635 SB: Mismatch on WRITE LOWER data at addr 0x17d, Expected: 0x0, Got: 0x9e27eb3b
Error: "sym_links/calc_sb.svh", 61: calc_tb_pkg: at time 21635000 ps
     21635 SB: Mismatch on WRITE UPPER data at addr 0x17d, Expected: 0x0, Got: 0xae9a6d5c
     21635 SB: Write Addr: 0x17d, Computed: 0x0+0x0=0x0, Actual LOWER: 0x9e27eb3b UPPER: 0xae9a6d5c
[DRIVER] Starting calculation with Read[0x12a:0x14b] Write[0xad:0xed] at time 2168500
[DRIVER] Applying reset at time 2168500
[DRIVER] Reset released at time 2172500
     21745 SB: First Read Addr: 0x12a, Expected LOWER: 0x0 UPPER: 0x0
Error: "sym_links/calc_sb.svh", 38: calc_tb_pkg: at time 21765000 ps
     21765 SB: Mismatch LOWER data at addr 0x12b, Expected: 0x0, Got: 0x83fa6407
Error: "sym_links/calc_sb.svh", 41: calc_tb_pkg: at time 21765000 ps
     21765 SB: Mismatch UPPER data at addr 0x12b, Expected: 0x0, Got: 0xc9cbbc93
     21765 SB: Second Read Addr: 0x12b, Actual LOWER: 0x83fa6407 UPPER: 0xc9cbbc93
Error: "sym_links/calc_sb.svh", 57: calc_tb_pkg: at time 21785000 ps
     21785 SB: Mismatch on WRITE LOWER data at addr 0xad, Expected: 0x0, Got: 0x20b91240
Error: "sym_links/calc_sb.svh", 61: calc_tb_pkg: at time 21785000 ps
     21785 SB: Mismatch on WRITE UPPER data at addr 0xad, Expected: 0x0, Got: 0x4dc6209a
     21785 SB: Write Addr: 0xad, Computed: 0x0+0x0=0x0, Actual LOWER: 0x20b91240 UPPER: 0x4dc6209a
     21805 SB: First Read Addr: 0x12c, Expected LOWER: 0x0 UPPER: 0x0
Error: "sym_links/calc_sb.svh", 38: calc_tb_pkg: at time 21825000 ps
     21825 SB: Mismatch LOWER data at addr 0x12d, Expected: 0x0, Got: 0x22d5f145
Error: "sym_links/calc_sb.svh", 41: calc_tb_pkg: at time 21825000 ps
     21825 SB: Mismatch UPPER data at addr 0x12d, Expected: 0x0, Got: 0xb1800a63
     21825 SB: Second Read Addr: 0x12d, Actual LOWER: 0x22d5f145 UPPER: 0xb1800a63
Error: "sym_links/calc_sb.svh", 57: calc_tb_pkg: at time 21845000 ps
     21845 SB: Mismatch on WRITE LOWER data at addr 0xae, Expected: 0x0, Got: 0x6ae500c
Error: "sym_links/calc_sb.svh", 61: calc_tb_pkg: at time 21845000 ps
     21845 SB: Mismatch on WRITE UPPER data at addr 0xae, Expected: 0x0, Got: 0xd455fba8
     21845 SB: Write Addr: 0xae, Computed: 0x0+0x0=0x0, Actual LOWER: 0x6ae500c UPPER: 0xd455fba8
     21865 SB: First Read Addr: 0x12e, Expected LOWER: 0x0 UPPER: 0x0
Error: "sym_links/calc_sb.svh", 38: calc_tb_pkg: at time 21885000 ps
     21885 SB: Mismatch LOWER data at addr 0x12f, Expected: 0x0, Got: 0xb4497668
Error: "sym_links/calc_sb.svh", 41: calc_tb_pkg: at time 21885000 ps
     21885 SB: Mismatch UPPER data at addr 0x12f, Expected: 0x0, Got: 0x8f63e41e
     21885 SB: Second Read Addr: 0x12f, Actual LOWER: 0xb4497668 UPPER: 0x8f63e41e
Error: "sym_links/calc_sb.svh", 57: calc_tb_pkg: at time 21905000 ps
     21905 SB: Mismatch on WRITE LOWER data at addr 0xaf, Expected: 0x0, Got: 0x4006ae7f
Error: "sym_links/calc_sb.svh", 61: calc_tb_pkg: at time 21905000 ps
     21905 SB: Mismatch on WRITE UPPER data at addr 0xaf, Expected: 0x0, Got: 0x43ad5a86
     21905 SB: Write Addr: 0xaf, Computed: 0x0+0x0=0x0, Actual LOWER: 0x4006ae7f UPPER: 0x43ad5a86
     21925 SB: First Read Addr: 0x130, Expected LOWER: 0x0 UPPER: 0x0
Error: "sym_links/calc_sb.svh", 38: calc_tb_pkg: at time 21945000 ps
     21945 SB: Mismatch LOWER data at addr 0x131, Expected: 0x0, Got: 0xe43851c
Error: "sym_links/calc_sb.svh", 41: calc_tb_pkg: at time 21945000 ps
     21945 SB: Mismatch UPPER data at addr 0x131, Expected: 0x0, Got: 0x5c9967b9
     21945 SB: Second Read Addr: 0x131, Actual LOWER: 0xe43851c UPPER: 0x5c9967b9
Error: "sym_links/calc_sb.svh", 57: calc_tb_pkg: at time 21965000 ps
     21965 SB: Mismatch on WRITE LOWER data at addr 0xb0, Expected: 0x0, Got: 0xf55299ea
Error: "sym_links/calc_sb.svh", 61: calc_tb_pkg: at time 21965000 ps
     21965 SB: Mismatch on WRITE UPPER data at addr 0xb0, Expected: 0x0, Got: 0x6adcecd5
     21965 SB: Write Addr: 0xb0, Computed: 0x0+0x0=0x0, Actual LOWER: 0xf55299ea UPPER: 0x6adcecd5
     21985 SB: First Read Addr: 0x132, Expected LOWER: 0x0 UPPER: 0x0
Error: "sym_links/calc_sb.svh", 38: calc_tb_pkg: at time 22005000 ps
     22005 SB: Mismatch LOWER data at addr 0x133, Expected: 0x0, Got: 0x37b9656f
Error: "sym_links/calc_sb.svh", 41: calc_tb_pkg: at time 22005000 ps
     22005 SB: Mismatch UPPER data at addr 0x133, Expected: 0x0, Got: 0x6c6a6dd8
     22005 SB: Second Read Addr: 0x133, Actual LOWER: 0x37b9656f UPPER: 0x6c6a6dd8
Error: "sym_links/calc_sb.svh", 57: calc_tb_pkg: at time 22025000 ps
     22025 SB: Mismatch on WRITE LOWER data at addr 0xb1, Expected: 0x0, Got: 0xbdacf97b
Error: "sym_links/calc_sb.svh", 61: calc_tb_pkg: at time 22025000 ps
     22025 SB: Mismatch on WRITE UPPER data at addr 0xb1, Expected: 0x0, Got: 0xa423d347
     22025 SB: Write Addr: 0xb1, Computed: 0x0+0x0=0x0, Actual LOWER: 0xbdacf97b UPPER: 0xa423d347
     22045 SB: First Read Addr: 0x134, Expected LOWER: 0x0 UPPER: 0x0
Error: "sym_links/calc_sb.svh", 38: calc_tb_pkg: at time 22065000 ps
     22065 SB: Mismatch LOWER data at addr 0x135, Expected: 0x0, Got: 0x45f3238b
Error: "sym_links/calc_sb.svh", 41: calc_tb_pkg: at time 22065000 ps
     22065 SB: Mismatch UPPER data at addr 0x135, Expected: 0x0, Got: 0x7e2491fc
     22065 SB: Second Read Addr: 0x135, Actual LOWER: 0x45f3238b UPPER: 0x7e2491fc
Error: "sym_links/calc_sb.svh", 57: calc_tb_pkg: at time 22085000 ps
     22085 SB: Mismatch on WRITE LOWER data at addr 0xb2, Expected: 0x0, Got: 0xe9a32fd2
Error: "sym_links/calc_sb.svh", 61: calc_tb_pkg: at time 22085000 ps
     22085 SB: Mismatch on WRITE UPPER data at addr 0xb2, Expected: 0x0, Got: 0xc417b587
     22085 SB: Write Addr: 0xb2, Computed: 0x0+0x0=0x0, Actual LOWER: 0xe9a32fd2 UPPER: 0xc417b587
     22105 SB: First Read Addr: 0x136, Expected LOWER: 0x0 UPPER: 0x0
Error: "sym_links/calc_sb.svh", 38: calc_tb_pkg: at time 22125000 ps
     22125 SB: Mismatch LOWER data at addr 0x137, Expected: 0x0, Got: 0xc978d19
Error: "sym_links/calc_sb.svh", 41: calc_tb_pkg: at time 22125000 ps
     22125 SB: Mismatch UPPER data at addr 0x137, Expected: 0x0, Got: 0x52b533a5
     22125 SB: Second Read Addr: 0x137, Actual LOWER: 0xc978d19 UPPER: 0x52b533a5
Error: "sym_links/calc_sb.svh", 57: calc_tb_pkg: at time 22145000 ps
     22145 SB: Mismatch on WRITE LOWER data at addr 0xb3, Expected: 0x0, Got: 0x409d2a80
Error: "sym_links/calc_sb.svh", 61: calc_tb_pkg: at time 22145000 ps
     22145 SB: Mismatch on WRITE UPPER data at addr 0xb3, Expected: 0x0, Got: 0x5f4cc0be
     22145 SB: Write Addr: 0xb3, Computed: 0x0+0x0=0x0, Actual LOWER: 0x409d2a80 UPPER: 0x5f4cc0be
     22165 SB: First Read Addr: 0x138, Expected LOWER: 0x0 UPPER: 0x0
Error: "sym_links/calc_sb.svh", 38: calc_tb_pkg: at time 22185000 ps
     22185 SB: Mismatch LOWER data at addr 0x139, Expected: 0x0, Got: 0xac782c58
Error: "sym_links/calc_sb.svh", 41: calc_tb_pkg: at time 22185000 ps
     22185 SB: Mismatch UPPER data at addr 0x139, Expected: 0x0, Got: 0x62056bc4
     22185 SB: Second Read Addr: 0x139, Actual LOWER: 0xac782c58 UPPER: 0x62056bc4
Error: "sym_links/calc_sb.svh", 57: calc_tb_pkg: at time 22205000 ps
     22205 SB: Mismatch on WRITE LOWER data at addr 0xb4, Expected: 0x0, Got: 0x98c54f31
Error: "sym_links/calc_sb.svh", 61: calc_tb_pkg: at time 22205000 ps
     22205 SB: Mismatch on WRITE UPPER data at addr 0xb4, Expected: 0x0, Got: 0xe7d981c
     22205 SB: Write Addr: 0xb4, Computed: 0x0+0x0=0x0, Actual LOWER: 0x98c54f31 UPPER: 0xe7d981c
     22225 SB: First Read Addr: 0x13a, Expected LOWER: 0x0 UPPER: 0x0
Error: "sym_links/calc_sb.svh", 38: calc_tb_pkg: at time 22245000 ps
     22245 SB: Mismatch LOWER data at addr 0x13b, Expected: 0x0, Got: 0xcd1d509a
Error: "sym_links/calc_sb.svh", 41: calc_tb_pkg: at time 22245000 ps
     22245 SB: Mismatch UPPER data at addr 0x13b, Expected: 0x0, Got: 0xc161918
     22245 SB: Second Read Addr: 0x13b, Actual LOWER: 0xcd1d509a UPPER: 0xc161918
Error: "sym_links/calc_sb.svh", 57: calc_tb_pkg: at time 22265000 ps
     22265 SB: Mismatch on WRITE LOWER data at addr 0xb5, Expected: 0x0, Got: 0x31708862
Error: "sym_links/calc_sb.svh", 61: calc_tb_pkg: at time 22265000 ps
     22265 SB: Mismatch on WRITE UPPER data at addr 0xb5, Expected: 0x0, Got: 0xd93369b2
     22265 SB: Write Addr: 0xb5, Computed: 0x0+0x0=0x0, Actual LOWER: 0x31708862 UPPER: 0xd93369b2
     22285 SB: First Read Addr: 0x13c, Expected LOWER: 0x0 UPPER: 0x0
Error: "sym_links/calc_sb.svh", 38: calc_tb_pkg: at time 22305000 ps
     22305 SB: Mismatch LOWER data at addr 0x13d, Expected: 0x0, Got: 0xd12031a
Error: "sym_links/calc_sb.svh", 41: calc_tb_pkg: at time 22305000 ps
     22305 SB: Mismatch UPPER data at addr 0x13d, Expected: 0x0, Got: 0x61dbd5c3
     22305 SB: Second Read Addr: 0x13d, Actual LOWER: 0xd12031a UPPER: 0x61dbd5c3
Error: "sym_links/calc_sb.svh", 57: calc_tb_pkg: at time 22325000 ps
     22325 SB: Mismatch on WRITE LOWER data at addr 0xb6, Expected: 0x0, Got: 0x3806386f
Error: "sym_links/calc_sb.svh", 61: calc_tb_pkg: at time 22325000 ps
     22325 SB: Mismatch on WRITE UPPER data at addr 0xb6, Expected: 0x0, Got: 0x6eedd8dd
     22325 SB: Write Addr: 0xb6, Computed: 0x0+0x0=0x0, Actual LOWER: 0x3806386f UPPER: 0x6eedd8dd
     22345 SB: First Read Addr: 0x13e, Expected LOWER: 0x0 UPPER: 0x0
Error: "sym_links/calc_sb.svh", 38: calc_tb_pkg: at time 22365000 ps
     22365 SB: Mismatch LOWER data at addr 0x13f, Expected: 0x0, Got: 0xafad455f
Error: "sym_links/calc_sb.svh", 41: calc_tb_pkg: at time 22365000 ps
     22365 SB: Mismatch UPPER data at addr 0x13f, Expected: 0x0, Got: 0x46d4ea8c
     22365 SB: Second Read Addr: 0x13f, Actual LOWER: 0xafad455f UPPER: 0x46d4ea8c
Error: "sym_links/calc_sb.svh", 57: calc_tb_pkg: at time 22385000 ps
     22385 SB: Mismatch on WRITE LOWER data at addr 0xb7, Expected: 0x0, Got: 0x5f684cbe
Error: "sym_links/calc_sb.svh", 61: calc_tb_pkg: at time 22385000 ps
     22385 SB: Mismatch on WRITE UPPER data at addr 0xb7, Expected: 0x0, Got: 0xf6822feb
     22385 SB: Write Addr: 0xb7, Computed: 0x0+0x0=0x0, Actual LOWER: 0x5f684cbe UPPER: 0xf6822feb
     22405 SB: First Read Addr: 0x140, Expected LOWER: 0x2df6ce5b UPPER: 0x440a7a87
Error: "sym_links/calc_sb.svh", 38: calc_tb_pkg: at time 22425000 ps
     22425 SB: Mismatch LOWER data at addr 0x141, Expected: 0x2df6ce5b, Got: 0x6fdadedf
Error: "sym_links/calc_sb.svh", 41: calc_tb_pkg: at time 22425000 ps
     22425 SB: Mismatch UPPER data at addr 0x141, Expected: 0x440a7a87, Got: 0xafe9415
     22425 SB: Second Read Addr: 0x141, Actual LOWER: 0x6fdadedf UPPER: 0xafe9415
Error: "sym_links/calc_sb.svh", 61: calc_tb_pkg: at time 22445000 ps
     22445 SB: Mismatch on WRITE UPPER data at addr 0xb8, Expected: 0x0, Got: 0x7ad972f4
     22445 SB: Write Addr: 0xb8, Computed: 0x2df6ce5b+0x440a7a87=0x720148e2, Actual LOWER: 0x720148e2 UPPER: 0x7ad972f4
     22465 SB: First Read Addr: 0x142, Expected LOWER: 0x711a1ee1 UPPER: 0x7afc22f5
Error: "sym_links/calc_sb.svh", 38: calc_tb_pkg: at time 22485000 ps
     22485 SB: Mismatch LOWER data at addr 0x143, Expected: 0x711a1ee1, Got: 0x3ba3b476
Error: "sym_links/calc_sb.svh", 41: calc_tb_pkg: at time 22485000 ps
     22485 SB: Mismatch UPPER data at addr 0x143, Expected: 0x7afc22f5, Got: 0x27c08c4e
     22485 SB: Second Read Addr: 0x143, Actual LOWER: 0x3ba3b476 UPPER: 0x27c08c4e
Error: "sym_links/calc_sb.svh", 61: calc_tb_pkg: at time 22505000 ps
     22505 SB: Mismatch on WRITE UPPER data at addr 0xb9, Expected: 0x0, Got: 0x636440c4
     22505 SB: Write Addr: 0xb9, Computed: 0x711a1ee1+0x7afc22f5=0xec1641d6, Actual LOWER: 0xec1641d6 UPPER: 0x636440c4
     22525 SB: First Read Addr: 0x144, Expected LOWER: 0x86bd490d UPPER: 0x46e3b48d
Error: "sym_links/calc_sb.svh", 38: calc_tb_pkg: at time 22545000 ps
     22545 SB: Mismatch LOWER data at addr 0x145, Expected: 0x86bd490d, Got: 0xacab0158
Error: "sym_links/calc_sb.svh", 41: calc_tb_pkg: at time 22545000 ps
     22545 SB: Mismatch UPPER data at addr 0x145, Expected: 0x46e3b48d, Got: 0x77c00aef
     22545 SB: Second Read Addr: 0x145, Actual LOWER: 0xacab0158 UPPER: 0x77c00aef
Error: "sym_links/calc_sb.svh", 61: calc_tb_pkg: at time 22565000 ps
     22565 SB: Mismatch on WRITE UPPER data at addr 0xba, Expected: 0x0, Got: 0x246b0c47
     22565 SB: Write Addr: 0xba, Computed: 0x86bd490d+0x46e3b48d=0xcda0fd9a, Actual LOWER: 0xcda0fd9a UPPER: 0x246b0c47
     22585 SB: First Read Addr: 0x146, Expected LOWER: 0x9ed78f3d UPPER: 0x4dda729a
Error: "sym_links/calc_sb.svh", 38: calc_tb_pkg: at time 22605000 ps
     22605 SB: Mismatch LOWER data at addr 0x147, Expected: 0x9ed78f3d, Got: 0x7c0c00
Error: "sym_links/calc_sb.svh", 41: calc_tb_pkg: at time 22605000 ps
     22605 SB: Mismatch UPPER data at addr 0x147, Expected: 0x4dda729a, Got: 0x5ca520b
     22605 SB: Second Read Addr: 0x147, Actual LOWER: 0x7c0c00 UPPER: 0x5ca520b
Error: "sym_links/calc_sb.svh", 61: calc_tb_pkg: at time 22625000 ps
     22625 SB: Mismatch on WRITE UPPER data at addr 0xbb, Expected: 0x0, Got: 0x6465e0b
     22625 SB: Write Addr: 0xbb, Computed: 0x9ed78f3d+0x4dda729a=0xecb201d7, Actual LOWER: 0xecb201d7 UPPER: 0x6465e0b
     22645 SB: First Read Addr: 0x148, Expected LOWER: 0xfc82a1e UPPER: 0x4ca19898
Error: "sym_links/calc_sb.svh", 38: calc_tb_pkg: at time 22665000 ps
     22665 SB: Mismatch LOWER data at addr 0x149, Expected: 0xfc82a1e, Got: 0x858a0d0a
Error: "sym_links/calc_sb.svh", 41: calc_tb_pkg: at time 22665000 ps
     22665 SB: Mismatch UPPER data at addr 0x149, Expected: 0x4ca19898, Got: 0x81d4a903
     22665 SB: Second Read Addr: 0x149, Actual LOWER: 0x858a0d0a UPPER: 0x81d4a903
Error: "sym_links/calc_sb.svh", 61: calc_tb_pkg: at time 22685000 ps
     22685 SB: Mismatch on WRITE UPPER data at addr 0xbc, Expected: 0x0, Got: 0x75eb60d
     22685 SB: Write Addr: 0xbc, Computed: 0xfc82a1e+0x4ca19898=0x5c69c2b6, Actual LOWER: 0x5c69c2b6 UPPER: 0x75eb60d
     22705 SB: First Read Addr: 0x14a, Expected LOWER: 0x13566226 UPPER: 0x5ba268b6
Error: "sym_links/calc_sb.svh", 38: calc_tb_pkg: at time 22725000 ps
     22725 SB: Mismatch LOWER data at addr 0x14b, Expected: 0x13566226, Got: 0xa8304b50
Error: "sym_links/calc_sb.svh", 41: calc_tb_pkg: at time 22725000 ps
     22725 SB: Mismatch UPPER data at addr 0x14b, Expected: 0x5ba268b6, Got: 0x55fc42ab
     22725 SB: Second Read Addr: 0x14b, Actual LOWER: 0xa8304b50 UPPER: 0x55fc42ab
Error: "sym_links/calc_sb.svh", 61: calc_tb_pkg: at time 22745000 ps
     22745 SB: Mismatch on WRITE UPPER data at addr 0xbd, Expected: 0x0, Got: 0xfe2c8dfb
     22745 SB: Write Addr: 0xbd, Computed: 0x13566226+0x5ba268b6=0x6ef8cadc, Actual LOWER: 0x6ef8cadc UPPER: 0xfe2c8dfb
[DRIVER] Starting calculation with Read[0x109:0x148] Write[0x12:0x3b] at time 2278500
[DRIVER] Applying reset at time 2278500
[DRIVER] Reset released at time 2282500
     22845 SB: First Read Addr: 0x109, Expected LOWER: 0x0 UPPER: 0x0
Error: "sym_links/calc_sb.svh", 38: calc_tb_pkg: at time 22865000 ps
     22865 SB: Mismatch LOWER data at addr 0x10a, Expected: 0x0, Got: 0xeda71cdb
Error: "sym_links/calc_sb.svh", 41: calc_tb_pkg: at time 22865000 ps
     22865 SB: Mismatch UPPER data at addr 0x10a, Expected: 0x0, Got: 0xe696e8cd
     22865 SB: Second Read Addr: 0x10a, Actual LOWER: 0xeda71cdb UPPER: 0xe696e8cd
Error: "sym_links/calc_sb.svh", 57: calc_tb_pkg: at time 22885000 ps
     22885 SB: Mismatch on WRITE LOWER data at addr 0x12, Expected: 0x0, Got: 0xf8709df0
Error: "sym_links/calc_sb.svh", 61: calc_tb_pkg: at time 22885000 ps
     22885 SB: Mismatch on WRITE UPPER data at addr 0x12, Expected: 0x0, Got: 0xd43e05a8
     22885 SB: Write Addr: 0x12, Computed: 0x0+0x0=0x0, Actual LOWER: 0xf8709df0 UPPER: 0xd43e05a8
     22905 SB: First Read Addr: 0x10b, Expected LOWER: 0x0 UPPER: 0x0
Error: "sym_links/calc_sb.svh", 38: calc_tb_pkg: at time 22925000 ps
     22925 SB: Mismatch LOWER data at addr 0x10c, Expected: 0x0, Got: 0xd14820a2
Error: "sym_links/calc_sb.svh", 41: calc_tb_pkg: at time 22925000 ps
     22925 SB: Mismatch UPPER data at addr 0x10c, Expected: 0x0, Got: 0x5e983dbd
     22925 SB: Second Read Addr: 0x10c, Actual LOWER: 0xd14820a2 UPPER: 0x5e983dbd
Error: "sym_links/calc_sb.svh", 57: calc_tb_pkg: at time 22945000 ps
     22945 SB: Mismatch on WRITE LOWER data at addr 0x13, Expected: 0x0, Got: 0xbb3a7376
Error: "sym_links/calc_sb.svh", 61: calc_tb_pkg: at time 22945000 ps
     22945 SB: Mismatch on WRITE UPPER data at addr 0x13, Expected: 0x0, Got: 0x2fe05e5f
     22945 SB: Write Addr: 0x13, Computed: 0x0+0x0=0x0, Actual LOWER: 0xbb3a7376 UPPER: 0x2fe05e5f
     22965 SB: First Read Addr: 0x10d, Expected LOWER: 0x0 UPPER: 0x0
Error: "sym_links/calc_sb.svh", 38: calc_tb_pkg: at time 22985000 ps
     22985 SB: Mismatch LOWER data at addr 0x10e, Expected: 0x0, Got: 0xa86c5e50
Error: "sym_links/calc_sb.svh", 41: calc_tb_pkg: at time 22985000 ps
     22985 SB: Mismatch UPPER data at addr 0x10e, Expected: 0x0, Got: 0xbd86f47b
     22985 SB: Second Read Addr: 0x10e, Actual LOWER: 0xa86c5e50 UPPER: 0xbd86f47b
Error: "sym_links/calc_sb.svh", 57: calc_tb_pkg: at time 23005000 ps
     23005 SB: Mismatch on WRITE LOWER data at addr 0x14, Expected: 0x0, Got: 0x23932646
Error: "sym_links/calc_sb.svh", 61: calc_tb_pkg: at time 23005000 ps
     23005 SB: Mismatch on WRITE UPPER data at addr 0x14, Expected: 0x0, Got: 0x65f352cb
     23005 SB: Write Addr: 0x14, Computed: 0x0+0x0=0x0, Actual LOWER: 0x23932646 UPPER: 0x65f352cb
     23025 SB: First Read Addr: 0x10f, Expected LOWER: 0x0 UPPER: 0x0
Error: "sym_links/calc_sb.svh", 38: calc_tb_pkg: at time 23045000 ps
     23045 SB: Mismatch LOWER data at addr 0x110, Expected: 0x0, Got: 0x7b7b89f6
Error: "sym_links/calc_sb.svh", 41: calc_tb_pkg: at time 23045000 ps
     23045 SB: Mismatch UPPER data at addr 0x110, Expected: 0x0, Got: 0xae23ce5c
     23045 SB: Second Read Addr: 0x110, Actual LOWER: 0x7b7b89f6 UPPER: 0xae23ce5c
Error: "sym_links/calc_sb.svh", 57: calc_tb_pkg: at time 23065000 ps
     23065 SB: Mismatch on WRITE LOWER data at addr 0x15, Expected: 0x0, Got: 0x4edcdc9d
Error: "sym_links/calc_sb.svh", 61: calc_tb_pkg: at time 23065000 ps
     23065 SB: Mismatch on WRITE UPPER data at addr 0x15, Expected: 0x0, Got: 0x299f5852
     23065 SB: Write Addr: 0x15, Computed: 0x0+0x0=0x0, Actual LOWER: 0x4edcdc9d UPPER: 0x299f5852
     23085 SB: First Read Addr: 0x111, Expected LOWER: 0x0 UPPER: 0x0
Error: "sym_links/calc_sb.svh", 38: calc_tb_pkg: at time 23105000 ps
     23105 SB: Mismatch LOWER data at addr 0x112, Expected: 0x0, Got: 0x644605c8
Error: "sym_links/calc_sb.svh", 41: calc_tb_pkg: at time 23105000 ps
     23105 SB: Mismatch UPPER data at addr 0x112, Expected: 0x0, Got: 0xddd146bb
     23105 SB: Second Read Addr: 0x112, Actual LOWER: 0x644605c8 UPPER: 0xddd146bb
Error: "sym_links/calc_sb.svh", 57: calc_tb_pkg: at time 23125000 ps
     23125 SB: Mismatch on WRITE LOWER data at addr 0x16, Expected: 0x0, Got: 0x4e80469c
Error: "sym_links/calc_sb.svh", 61: calc_tb_pkg: at time 23125000 ps
     23125 SB: Mismatch on WRITE UPPER data at addr 0x16, Expected: 0x0, Got: 0x42174c83
     23125 SB: Write Addr: 0x16, Computed: 0x0+0x0=0x0, Actual LOWER: 0x4e80469c UPPER: 0x42174c83
     23145 SB: First Read Addr: 0x113, Expected LOWER: 0x0 UPPER: 0x0
Error: "sym_links/calc_sb.svh", 38: calc_tb_pkg: at time 23165000 ps
     23165 SB: Mismatch LOWER data at addr 0x114, Expected: 0x0, Got: 0x671030c
Error: "sym_links/calc_sb.svh", 41: calc_tb_pkg: at time 23165000 ps
     23165 SB: Mismatch UPPER data at addr 0x114, Expected: 0x0, Got: 0xe70f98ce
     23165 SB: Second Read Addr: 0x114, Actual LOWER: 0x671030c UPPER: 0xe70f98ce
Error: "sym_links/calc_sb.svh", 57: calc_tb_pkg: at time 23185000 ps
     23185 SB: Mismatch on WRITE LOWER data at addr 0x17, Expected: 0x0, Got: 0x40948281
Error: "sym_links/calc_sb.svh", 61: calc_tb_pkg: at time 23185000 ps
     23185 SB: Mismatch on WRITE UPPER data at addr 0x17, Expected: 0x0, Got: 0xed809bda
     23185 SB: Write Addr: 0x17, Computed: 0x0+0x0=0x0, Actual LOWER: 0x40948281 UPPER: 0xed809bda
     23205 SB: First Read Addr: 0x115, Expected LOWER: 0x0 UPPER: 0x0
Error: "sym_links/calc_sb.svh", 38: calc_tb_pkg: at time 23225000 ps
     23225 SB: Mismatch LOWER data at addr 0x116, Expected: 0x0, Got: 0x5ca26fb9
Error: "sym_links/calc_sb.svh", 41: calc_tb_pkg: at time 23225000 ps
     23225 SB: Mismatch UPPER data at addr 0x116, Expected: 0x0, Got: 0xd9b8c0b3
     23225 SB: Second Read Addr: 0x116, Actual LOWER: 0x5ca26fb9 UPPER: 0xd9b8c0b3
Error: "sym_links/calc_sb.svh", 57: calc_tb_pkg: at time 23245000 ps
     23245 SB: Mismatch on WRITE LOWER data at addr 0x18, Expected: 0x0, Got: 0x17073e2d
Error: "sym_links/calc_sb.svh", 61: calc_tb_pkg: at time 23245000 ps
     23245 SB: Mismatch on WRITE UPPER data at addr 0x18, Expected: 0x0, Got: 0x365b306c
     23245 SB: Write Addr: 0x18, Computed: 0x0+0x0=0x0, Actual LOWER: 0x17073e2d UPPER: 0x365b306c
     23265 SB: First Read Addr: 0x117, Expected LOWER: 0x0 UPPER: 0x0
Error: "sym_links/calc_sb.svh", 38: calc_tb_pkg: at time 23285000 ps
     23285 SB: Mismatch LOWER data at addr 0x118, Expected: 0x0, Got: 0x66cf10c
Error: "sym_links/calc_sb.svh", 41: calc_tb_pkg: at time 23285000 ps
     23285 SB: Mismatch UPPER data at addr 0x118, Expected: 0x0, Got: 0x9cfc7a39
     23285 SB: Second Read Addr: 0x118, Actual LOWER: 0x66cf10c UPPER: 0x9cfc7a39
Error: "sym_links/calc_sb.svh", 57: calc_tb_pkg: at time 23305000 ps
     23305 SB: Mismatch on WRITE LOWER data at addr 0x19, Expected: 0x0, Got: 0x3544a269
Error: "sym_links/calc_sb.svh", 61: calc_tb_pkg: at time 23305000 ps
     23305 SB: Mismatch on WRITE UPPER data at addr 0x19, Expected: 0x0, Got: 0xa3696b45
     23305 SB: Write Addr: 0x19, Computed: 0x0+0x0=0x0, Actual LOWER: 0x3544a269 UPPER: 0xa3696b45
     23325 SB: First Read Addr: 0x119, Expected LOWER: 0x0 UPPER: 0x0
Error: "sym_links/calc_sb.svh", 38: calc_tb_pkg: at time 23345000 ps
     23345 SB: Mismatch LOWER data at addr 0x11a, Expected: 0x0, Got: 0x2fbf905
Error: "sym_links/calc_sb.svh", 41: calc_tb_pkg: at time 23345000 ps
     23345 SB: Mismatch UPPER data at addr 0x11a, Expected: 0x0, Got: 0x271c434e
     23345 SB: Second Read Addr: 0x11a, Actual LOWER: 0x2fbf905 UPPER: 0x271c434e
Error: "sym_links/calc_sb.svh", 57: calc_tb_pkg: at time 23365000 ps
     23365 SB: Mismatch on WRITE LOWER data at addr 0x1a, Expected: 0x0, Got: 0x8c5f5117
Error: "sym_links/calc_sb.svh", 61: calc_tb_pkg: at time 23365000 ps
     23365 SB: Mismatch on WRITE UPPER data at addr 0x1a, Expected: 0x0, Got: 0x2a183c53
     23365 SB: Write Addr: 0x1a, Computed: 0x0+0x0=0x0, Actual LOWER: 0x8c5f5117 UPPER: 0x2a183c53
     23385 SB: First Read Addr: 0x11b, Expected LOWER: 0x0 UPPER: 0x0
Error: "sym_links/calc_sb.svh", 38: calc_tb_pkg: at time 23405000 ps
     23405 SB: Mismatch LOWER data at addr 0x11c, Expected: 0x0, Got: 0x847fb208
Error: "sym_links/calc_sb.svh", 41: calc_tb_pkg: at time 23405000 ps
     23405 SB: Mismatch UPPER data at addr 0x11c, Expected: 0x0, Got: 0x46e7538d
     23405 SB: Second Read Addr: 0x11c, Actual LOWER: 0x847fb208 UPPER: 0x46e7538d
Error: "sym_links/calc_sb.svh", 57: calc_tb_pkg: at time 23425000 ps
     23425 SB: Mismatch on WRITE LOWER data at addr 0x1b, Expected: 0x0, Got: 0x5db87aba
Error: "sym_links/calc_sb.svh", 61: calc_tb_pkg: at time 23425000 ps
     23425 SB: Mismatch on WRITE UPPER data at addr 0x1b, Expected: 0x0, Got: 0xcb670595
     23425 SB: Write Addr: 0x1b, Computed: 0x0+0x0=0x0, Actual LOWER: 0x5db87aba UPPER: 0xcb670595
     23445 SB: First Read Addr: 0x11d, Expected LOWER: 0x0 UPPER: 0x0
Error: "sym_links/calc_sb.svh", 38: calc_tb_pkg: at time 23465000 ps
     23465 SB: Mismatch LOWER data at addr 0x11e, Expected: 0x0, Got: 0x48590990
Error: "sym_links/calc_sb.svh", 41: calc_tb_pkg: at time 23465000 ps
     23465 SB: Mismatch UPPER data at addr 0x11e, Expected: 0x0, Got: 0x7af6abf5
     23465 SB: Second Read Addr: 0x11e, Actual LOWER: 0x48590990 UPPER: 0x7af6abf5
Error: "sym_links/calc_sb.svh", 57: calc_tb_pkg: at time 23485000 ps
     23485 SB: Mismatch on WRITE LOWER data at addr 0x1c, Expected: 0x0, Got: 0x4c27c097
Error: "sym_links/calc_sb.svh", 61: calc_tb_pkg: at time 23485000 ps
     23485 SB: Mismatch on WRITE UPPER data at addr 0x1c, Expected: 0x0, Got: 0xc34fb585
     23485 SB: Write Addr: 0x1c, Computed: 0x0+0x0=0x0, Actual LOWER: 0x4c27c097 UPPER: 0xc34fb585
     23505 SB: First Read Addr: 0x11f, Expected LOWER: 0x0 UPPER: 0x0
Error: "sym_links/calc_sb.svh", 38: calc_tb_pkg: at time 23525000 ps
     23525 SB: Mismatch LOWER data at addr 0x120, Expected: 0x0, Got: 0xa005a640
Error: "sym_links/calc_sb.svh", 41: calc_tb_pkg: at time 23525000 ps
     23525 SB: Mismatch UPPER data at addr 0x120, Expected: 0x0, Got: 0x12a90325
     23525 SB: Second Read Addr: 0x120, Actual LOWER: 0xa005a640 UPPER: 0x12a90325
Error: "sym_links/calc_sb.svh", 57: calc_tb_pkg: at time 23545000 ps
     23545 SB: Mismatch on WRITE LOWER data at addr 0x1d, Expected: 0x0, Got: 0xe3a34dc7
Error: "sym_links/calc_sb.svh", 61: calc_tb_pkg: at time 23545000 ps
     23545 SB: Mismatch on WRITE UPPER data at addr 0x1d, Expected: 0x0, Got: 0xb2aea965
     23545 SB: Write Addr: 0x1d, Computed: 0x0+0x0=0x0, Actual LOWER: 0xe3a34dc7 UPPER: 0xb2aea965
     23565 SB: First Read Addr: 0x121, Expected LOWER: 0x0 UPPER: 0x0
Error: "sym_links/calc_sb.svh", 38: calc_tb_pkg: at time 23585000 ps
     23585 SB: Mismatch LOWER data at addr 0x122, Expected: 0x0, Got: 0x16cbf92d
Error: "sym_links/calc_sb.svh", 41: calc_tb_pkg: at time 23585000 ps
     23585 SB: Mismatch UPPER data at addr 0x122, Expected: 0x0, Got: 0x94ded829
     23585 SB: Second Read Addr: 0x122, Actual LOWER: 0x16cbf92d UPPER: 0x94ded829
Error: "sym_links/calc_sb.svh", 57: calc_tb_pkg: at time 23605000 ps
     23605 SB: Mismatch on WRITE LOWER data at addr 0x1e, Expected: 0x0, Got: 0x3f67c67d
Error: "sym_links/calc_sb.svh", 61: calc_tb_pkg: at time 23605000 ps
     23605 SB: Mismatch on WRITE UPPER data at addr 0x1e, Expected: 0x0, Got: 0xabaad156
     23605 SB: Write Addr: 0x1e, Computed: 0x0+0x0=0x0, Actual LOWER: 0x3f67c67d UPPER: 0xabaad156
     23625 SB: First Read Addr: 0x123, Expected LOWER: 0x0 UPPER: 0x0
Error: "sym_links/calc_sb.svh", 38: calc_tb_pkg: at time 23645000 ps
     23645 SB: Mismatch LOWER data at addr 0x124, Expected: 0x0, Got: 0x60272dc0
Error: "sym_links/calc_sb.svh", 41: calc_tb_pkg: at time 23645000 ps
     23645 SB: Mismatch UPPER data at addr 0x124, Expected: 0x0, Got: 0x28766950
     23645 SB: Second Read Addr: 0x124, Actual LOWER: 0x60272dc0 UPPER: 0x28766950
Error: "sym_links/calc_sb.svh", 57: calc_tb_pkg: at time 23665000 ps
     23665 SB: Mismatch on WRITE LOWER data at addr 0x1f, Expected: 0x0, Got: 0xf6a059ec
Error: "sym_links/calc_sb.svh", 61: calc_tb_pkg: at time 23665000 ps
     23665 SB: Mismatch on WRITE UPPER data at addr 0x1f, Expected: 0x0, Got: 0x889d9710
     23665 SB: Write Addr: 0x1f, Computed: 0x0+0x0=0x0, Actual LOWER: 0xf6a059ec UPPER: 0x889d9710
     23685 SB: First Read Addr: 0x125, Expected LOWER: 0x0 UPPER: 0x0
Error: "sym_links/calc_sb.svh", 38: calc_tb_pkg: at time 23705000 ps
     23705 SB: Mismatch LOWER data at addr 0x126, Expected: 0x0, Got: 0xfaf32ef5
Error: "sym_links/calc_sb.svh", 41: calc_tb_pkg: at time 23705000 ps
     23705 SB: Mismatch UPPER data at addr 0x126, Expected: 0x0, Got: 0x7a87aff5
     23705 SB: Second Read Addr: 0x126, Actual LOWER: 0xfaf32ef5 UPPER: 0x7a87aff5
Error: "sym_links/calc_sb.svh", 57: calc_tb_pkg: at time 23725000 ps
     23725 SB: Mismatch on WRITE LOWER data at addr 0x20, Expected: 0x0, Got: 0xf78ea9ee
Error: "sym_links/calc_sb.svh", 61: calc_tb_pkg: at time 23725000 ps
     23725 SB: Mismatch on WRITE UPPER data at addr 0x20, Expected: 0x0, Got: 0x757adeea
     23725 SB: Write Addr: 0x20, Computed: 0x0+0x0=0x0, Actual LOWER: 0xf78ea9ee UPPER: 0x757adeea
     23745 SB: First Read Addr: 0x127, Expected LOWER: 0x0 UPPER: 0x0
Error: "sym_links/calc_sb.svh", 38: calc_tb_pkg: at time 23765000 ps
     23765 SB: Mismatch LOWER data at addr 0x128, Expected: 0x0, Got: 0xb558a66a
Error: "sym_links/calc_sb.svh", 41: calc_tb_pkg: at time 23765000 ps
     23765 SB: Mismatch UPPER data at addr 0x128, Expected: 0x0, Got: 0x5e6065bc
     23765 SB: Second Read Addr: 0x128, Actual LOWER: 0xb558a66a UPPER: 0x5e6065bc
Error: "sym_links/calc_sb.svh", 57: calc_tb_pkg: at time 23785000 ps
     23785 SB: Mismatch on WRITE LOWER data at addr 0x21, Expected: 0x0, Got: 0x7932def1
Error: "sym_links/calc_sb.svh", 61: calc_tb_pkg: at time 23785000 ps
     23785 SB: Mismatch on WRITE UPPER data at addr 0x21, Expected: 0x0, Got: 0x13b90c26
     23785 SB: Write Addr: 0x21, Computed: 0x0+0x0=0x0, Actual LOWER: 0x7932def1 UPPER: 0x13b90c26
     23805 SB: First Read Addr: 0x129, Expected LOWER: 0x0 UPPER: 0x0
Error: "sym_links/calc_sb.svh", 38: calc_tb_pkg: at time 23825000 ps
     23825 SB: Mismatch LOWER data at addr 0x12a, Expected: 0x0, Got: 0xfd7906fa
Error: "sym_links/calc_sb.svh", 41: calc_tb_pkg: at time 23825000 ps
     23825 SB: Mismatch UPPER data at addr 0x12a, Expected: 0x0, Got: 0x23400b46
     23825 SB: Second Read Addr: 0x12a, Actual LOWER: 0xfd7906fa UPPER: 0x23400b46
Error: "sym_links/calc_sb.svh", 57: calc_tb_pkg: at time 23845000 ps
     23845 SB: Mismatch on WRITE LOWER data at addr 0x22, Expected: 0x0, Got: 0xab73a556
Error: "sym_links/calc_sb.svh", 61: calc_tb_pkg: at time 23845000 ps
     23845 SB: Mismatch on WRITE UPPER data at addr 0x22, Expected: 0x0, Got: 0x20b91240
     23845 SB: Write Addr: 0x22, Computed: 0x0+0x0=0x0, Actual LOWER: 0xab73a556 UPPER: 0x20b91240
     23865 SB: First Read Addr: 0x12b, Expected LOWER: 0x0 UPPER: 0x0
Error: "sym_links/calc_sb.svh", 38: calc_tb_pkg: at time 23885000 ps
     23885 SB: Mismatch LOWER data at addr 0x12c, Expected: 0x0, Got: 0xaada7455
Error: "sym_links/calc_sb.svh", 41: calc_tb_pkg: at time 23885000 ps
     23885 SB: Mismatch UPPER data at addr 0x12c, Expected: 0x0, Got: 0x5bd3dbb7
     23885 SB: Second Read Addr: 0x12c, Actual LOWER: 0xaada7455 UPPER: 0x5bd3dbb7
Error: "sym_links/calc_sb.svh", 57: calc_tb_pkg: at time 23905000 ps
     23905 SB: Mismatch on WRITE LOWER data at addr 0x23, Expected: 0x0, Got: 0x4dc6209a
Error: "sym_links/calc_sb.svh", 61: calc_tb_pkg: at time 23905000 ps
     23905 SB: Mismatch on WRITE UPPER data at addr 0x23, Expected: 0x0, Got: 0x6ae500c
     23905 SB: Write Addr: 0x23, Computed: 0x0+0x0=0x0, Actual LOWER: 0x4dc6209a UPPER: 0x6ae500c
     23925 SB: First Read Addr: 0x12d, Expected LOWER: 0x0 UPPER: 0x0
Error: "sym_links/calc_sb.svh", 38: calc_tb_pkg: at time 23945000 ps
     23945 SB: Mismatch LOWER data at addr 0x12e, Expected: 0x0, Got: 0xac93e059
Error: "sym_links/calc_sb.svh", 41: calc_tb_pkg: at time 23945000 ps
     23945 SB: Mismatch UPPER data at addr 0x12e, Expected: 0x0, Got: 0x9372ce26
     23945 SB: Second Read Addr: 0x12e, Actual LOWER: 0xac93e059 UPPER: 0x9372ce26
Error: "sym_links/calc_sb.svh", 57: calc_tb_pkg: at time 23965000 ps
     23965 SB: Mismatch on WRITE LOWER data at addr 0x24, Expected: 0x0, Got: 0xd455fba8
Error: "sym_links/calc_sb.svh", 61: calc_tb_pkg: at time 23965000 ps
     23965 SB: Mismatch on WRITE UPPER data at addr 0x24, Expected: 0x0, Got: 0x4006ae7f
     23965 SB: Write Addr: 0x24, Computed: 0x0+0x0=0x0, Actual LOWER: 0xd455fba8 UPPER: 0x4006ae7f
     23985 SB: First Read Addr: 0x12f, Expected LOWER: 0x0 UPPER: 0x0
Error: "sym_links/calc_sb.svh", 38: calc_tb_pkg: at time 24005000 ps
     24005 SB: Mismatch LOWER data at addr 0x130, Expected: 0x0, Got: 0xc838f490
Error: "sym_links/calc_sb.svh", 41: calc_tb_pkg: at time 24005000 ps
     24005 SB: Mismatch UPPER data at addr 0x130, Expected: 0x0, Got: 0x2d19a55a
     24005 SB: Second Read Addr: 0x130, Actual LOWER: 0xc838f490 UPPER: 0x2d19a55a
Error: "sym_links/calc_sb.svh", 57: calc_tb_pkg: at time 24025000 ps
     24025 SB: Mismatch on WRITE LOWER data at addr 0x25, Expected: 0x0, Got: 0x43ad5a86
Error: "sym_links/calc_sb.svh", 61: calc_tb_pkg: at time 24025000 ps
     24025 SB: Mismatch on WRITE UPPER data at addr 0x25, Expected: 0x0, Got: 0xf55299ea
     24025 SB: Write Addr: 0x25, Computed: 0x0+0x0=0x0, Actual LOWER: 0x43ad5a86 UPPER: 0xf55299ea
     24045 SB: First Read Addr: 0x131, Expected LOWER: 0x0 UPPER: 0x0
Error: "sym_links/calc_sb.svh", 38: calc_tb_pkg: at time 24065000 ps
     24065 SB: Mismatch LOWER data at addr 0x132, Expected: 0x0, Got: 0x55861fab
Error: "sym_links/calc_sb.svh", 41: calc_tb_pkg: at time 24065000 ps
     24065 SB: Mismatch UPPER data at addr 0x132, Expected: 0x0, Got: 0x6826d9d0
     24065 SB: Second Read Addr: 0x132, Actual LOWER: 0x55861fab UPPER: 0x6826d9d0
Error: "sym_links/calc_sb.svh", 57: calc_tb_pkg: at time 24085000 ps
     24085 SB: Mismatch on WRITE LOWER data at addr 0x26, Expected: 0x0, Got: 0x6adcecd5
Error: "sym_links/calc_sb.svh", 61: calc_tb_pkg: at time 24085000 ps
     24085 SB: Mismatch on WRITE UPPER data at addr 0x26, Expected: 0x0, Got: 0xbdacf97b
     24085 SB: Write Addr: 0x26, Computed: 0x0+0x0=0x0, Actual LOWER: 0x6adcecd5 UPPER: 0xbdacf97b
     24105 SB: First Read Addr: 0x133, Expected LOWER: 0x0 UPPER: 0x0
Error: "sym_links/calc_sb.svh", 38: calc_tb_pkg: at time 24125000 ps
     24125 SB: Mismatch LOWER data at addr 0x134, Expected: 0x0, Got: 0xa2cc8845
Error: "sym_links/calc_sb.svh", 41: calc_tb_pkg: at time 24125000 ps
     24125 SB: Mismatch UPPER data at addr 0x134, Expected: 0x0, Got: 0x46d6a78d
     24125 SB: Second Read Addr: 0x134, Actual LOWER: 0xa2cc8845 UPPER: 0x46d6a78d
Error: "sym_links/calc_sb.svh", 57: calc_tb_pkg: at time 24145000 ps
     24145 SB: Mismatch on WRITE LOWER data at addr 0x27, Expected: 0x0, Got: 0xa423d347
Error: "sym_links/calc_sb.svh", 61: calc_tb_pkg: at time 24145000 ps
     24145 SB: Mismatch on WRITE UPPER data at addr 0x27, Expected: 0x0, Got: 0xe9a32fd2
     24145 SB: Write Addr: 0x27, Computed: 0x0+0x0=0x0, Actual LOWER: 0xa423d347 UPPER: 0xe9a32fd2
     24165 SB: First Read Addr: 0x135, Expected LOWER: 0x0 UPPER: 0x0
Error: "sym_links/calc_sb.svh", 38: calc_tb_pkg: at time 24185000 ps
     24185 SB: Mismatch LOWER data at addr 0x136, Expected: 0x0, Got: 0x6e1e1fdc
Error: "sym_links/calc_sb.svh", 41: calc_tb_pkg: at time 24185000 ps
     24185 SB: Mismatch UPPER data at addr 0x136, Expected: 0x0, Got: 0xd27f0aa4
     24185 SB: Second Read Addr: 0x136, Actual LOWER: 0x6e1e1fdc UPPER: 0xd27f0aa4
Error: "sym_links/calc_sb.svh", 57: calc_tb_pkg: at time 24205000 ps
     24205 SB: Mismatch on WRITE LOWER data at addr 0x28, Expected: 0x0, Got: 0xc417b587
Error: "sym_links/calc_sb.svh", 61: calc_tb_pkg: at time 24205000 ps
     24205 SB: Mismatch on WRITE UPPER data at addr 0x28, Expected: 0x0, Got: 0x409d2a80
     24205 SB: Write Addr: 0x28, Computed: 0x0+0x0=0x0, Actual LOWER: 0xc417b587 UPPER: 0x409d2a80
     24225 SB: First Read Addr: 0x137, Expected LOWER: 0x0 UPPER: 0x0
Error: "sym_links/calc_sb.svh", 38: calc_tb_pkg: at time 24245000 ps
     24245 SB: Mismatch LOWER data at addr 0x138, Expected: 0x0, Got: 0x9f398e3e
Error: "sym_links/calc_sb.svh", 41: calc_tb_pkg: at time 24245000 ps
     24245 SB: Mismatch UPPER data at addr 0x138, Expected: 0x0, Got: 0xf98bc0f3
     24245 SB: Second Read Addr: 0x138, Actual LOWER: 0x9f398e3e UPPER: 0xf98bc0f3
Error: "sym_links/calc_sb.svh", 57: calc_tb_pkg: at time 24265000 ps
     24265 SB: Mismatch on WRITE LOWER data at addr 0x29, Expected: 0x0, Got: 0x5f4cc0be
Error: "sym_links/calc_sb.svh", 61: calc_tb_pkg: at time 24265000 ps
     24265 SB: Mismatch on WRITE UPPER data at addr 0x29, Expected: 0x0, Got: 0x98c54f31
     24265 SB: Write Addr: 0x29, Computed: 0x0+0x0=0x0, Actual LOWER: 0x5f4cc0be UPPER: 0x98c54f31
     24285 SB: First Read Addr: 0x139, Expected LOWER: 0x0 UPPER: 0x0
Error: "sym_links/calc_sb.svh", 38: calc_tb_pkg: at time 24305000 ps
     24305 SB: Mismatch LOWER data at addr 0x13a, Expected: 0x0, Got: 0x2e36435c
Error: "sym_links/calc_sb.svh", 41: calc_tb_pkg: at time 24305000 ps
     24305 SB: Mismatch UPPER data at addr 0x13a, Expected: 0x0, Got: 0x33a4506
     24305 SB: Second Read Addr: 0x13a, Actual LOWER: 0x2e36435c UPPER: 0x33a4506
Error: "sym_links/calc_sb.svh", 57: calc_tb_pkg: at time 24325000 ps
     24325 SB: Mismatch on WRITE LOWER data at addr 0x2a, Expected: 0x0, Got: 0xe7d981c
Error: "sym_links/calc_sb.svh", 61: calc_tb_pkg: at time 24325000 ps
     24325 SB: Mismatch on WRITE UPPER data at addr 0x2a, Expected: 0x0, Got: 0x31708862
     24325 SB: Write Addr: 0x2a, Computed: 0x0+0x0=0x0, Actual LOWER: 0xe7d981c UPPER: 0x31708862
     24345 SB: First Read Addr: 0x13b, Expected LOWER: 0x0 UPPER: 0x0
Error: "sym_links/calc_sb.svh", 38: calc_tb_pkg: at time 24365000 ps
     24365 SB: Mismatch LOWER data at addr 0x13c, Expected: 0x0, Got: 0xe2f066c5
Error: "sym_links/calc_sb.svh", 41: calc_tb_pkg: at time 24365000 ps
     24365 SB: Mismatch UPPER data at addr 0x13c, Expected: 0x0, Got: 0x5515d1aa
     24365 SB: Second Read Addr: 0x13c, Actual LOWER: 0xe2f066c5 UPPER: 0x5515d1aa
Error: "sym_links/calc_sb.svh", 57: calc_tb_pkg: at time 24385000 ps
     24385 SB: Mismatch on WRITE LOWER data at addr 0x2b, Expected: 0x0, Got: 0xd93369b2
Error: "sym_links/calc_sb.svh", 61: calc_tb_pkg: at time 24385000 ps
     24385 SB: Mismatch on WRITE UPPER data at addr 0x2b, Expected: 0x0, Got: 0x3806386f
     24385 SB: Write Addr: 0x2b, Computed: 0x0+0x0=0x0, Actual LOWER: 0xd93369b2 UPPER: 0x3806386f
     24405 SB: First Read Addr: 0x13d, Expected LOWER: 0x0 UPPER: 0x0
Error: "sym_links/calc_sb.svh", 38: calc_tb_pkg: at time 24425000 ps
     24425 SB: Mismatch LOWER data at addr 0x13e, Expected: 0x0, Got: 0x5934e9b2
Error: "sym_links/calc_sb.svh", 41: calc_tb_pkg: at time 24425000 ps
     24425 SB: Mismatch UPPER data at addr 0x13e, Expected: 0x0, Got: 0x633630c
     24425 SB: Second Read Addr: 0x13e, Actual LOWER: 0x5934e9b2 UPPER: 0x633630c
Error: "sym_links/calc_sb.svh", 57: calc_tb_pkg: at time 24445000 ps
     24445 SB: Mismatch on WRITE LOWER data at addr 0x2c, Expected: 0x0, Got: 0x6eedd8dd
Error: "sym_links/calc_sb.svh", 61: calc_tb_pkg: at time 24445000 ps
     24445 SB: Mismatch on WRITE UPPER data at addr 0x2c, Expected: 0x0, Got: 0x5f684cbe
     24445 SB: Write Addr: 0x2c, Computed: 0x0+0x0=0x0, Actual LOWER: 0x6eedd8dd UPPER: 0x5f684cbe
     24465 SB: First Read Addr: 0x13f, Expected LOWER: 0xafad455f UPPER: 0x46d4ea8c
Error: "sym_links/calc_sb.svh", 38: calc_tb_pkg: at time 24485000 ps
     24485 SB: Mismatch LOWER data at addr 0x140, Expected: 0xafad455f, Got: 0x2df6ce5b
Error: "sym_links/calc_sb.svh", 41: calc_tb_pkg: at time 24485000 ps
     24485 SB: Mismatch UPPER data at addr 0x140, Expected: 0x46d4ea8c, Got: 0x440a7a87
     24485 SB: Second Read Addr: 0x140, Actual LOWER: 0x2df6ce5b UPPER: 0x440a7a87
Error: "sym_links/calc_sb.svh", 61: calc_tb_pkg: at time 24505000 ps
     24505 SB: Mismatch on WRITE UPPER data at addr 0x2d, Expected: 0x0, Got: 0x720148e2
     24505 SB: Write Addr: 0x2d, Computed: 0xafad455f+0x46d4ea8c=0xf6822feb, Actual LOWER: 0xf6822feb UPPER: 0x720148e2
     24525 SB: First Read Addr: 0x141, Expected LOWER: 0x6fdadedf UPPER: 0xafe9415
Error: "sym_links/calc_sb.svh", 38: calc_tb_pkg: at time 24545000 ps
     24545 SB: Mismatch LOWER data at addr 0x142, Expected: 0x6fdadedf, Got: 0x711a1ee1
Error: "sym_links/calc_sb.svh", 41: calc_tb_pkg: at time 24545000 ps
     24545 SB: Mismatch UPPER data at addr 0x142, Expected: 0xafe9415, Got: 0x7afc22f5
     24545 SB: Second Read Addr: 0x142, Actual LOWER: 0x711a1ee1 UPPER: 0x7afc22f5
Error: "sym_links/calc_sb.svh", 61: calc_tb_pkg: at time 24565000 ps
     24565 SB: Mismatch on WRITE UPPER data at addr 0x2e, Expected: 0x0, Got: 0xec1641d6
     24565 SB: Write Addr: 0x2e, Computed: 0x6fdadedf+0xafe9415=0x7ad972f4, Actual LOWER: 0x7ad972f4 UPPER: 0xec1641d6
     24585 SB: First Read Addr: 0x143, Expected LOWER: 0x3ba3b476 UPPER: 0x27c08c4e
Error: "sym_links/calc_sb.svh", 38: calc_tb_pkg: at time 24605000 ps
     24605 SB: Mismatch LOWER data at addr 0x144, Expected: 0x3ba3b476, Got: 0x86bd490d
Error: "sym_links/calc_sb.svh", 41: calc_tb_pkg: at time 24605000 ps
     24605 SB: Mismatch UPPER data at addr 0x144, Expected: 0x27c08c4e, Got: 0x46e3b48d
     24605 SB: Second Read Addr: 0x144, Actual LOWER: 0x86bd490d UPPER: 0x46e3b48d
Error: "sym_links/calc_sb.svh", 61: calc_tb_pkg: at time 24625000 ps
     24625 SB: Mismatch on WRITE UPPER data at addr 0x2f, Expected: 0x0, Got: 0xcda0fd9a
     24625 SB: Write Addr: 0x2f, Computed: 0x3ba3b476+0x27c08c4e=0x636440c4, Actual LOWER: 0x636440c4 UPPER: 0xcda0fd9a
     24645 SB: First Read Addr: 0x145, Expected LOWER: 0xacab0158 UPPER: 0x77c00aef
Error: "sym_links/calc_sb.svh", 38: calc_tb_pkg: at time 24665000 ps
     24665 SB: Mismatch LOWER data at addr 0x146, Expected: 0xacab0158, Got: 0x9ed78f3d
Error: "sym_links/calc_sb.svh", 41: calc_tb_pkg: at time 24665000 ps
     24665 SB: Mismatch UPPER data at addr 0x146, Expected: 0x77c00aef, Got: 0x4dda729a
     24665 SB: Second Read Addr: 0x146, Actual LOWER: 0x9ed78f3d UPPER: 0x4dda729a
Error: "sym_links/calc_sb.svh", 61: calc_tb_pkg: at time 24685000 ps
     24685 SB: Mismatch on WRITE UPPER data at addr 0x30, Expected: 0x0, Got: 0xecb201d7
     24685 SB: Write Addr: 0x30, Computed: 0xacab0158+0x77c00aef=0x246b0c47, Actual LOWER: 0x246b0c47 UPPER: 0xecb201d7
     24705 SB: First Read Addr: 0x147, Expected LOWER: 0x7c0c00 UPPER: 0x5ca520b
Error: "sym_links/calc_sb.svh", 38: calc_tb_pkg: at time 24725000 ps
     24725 SB: Mismatch LOWER data at addr 0x148, Expected: 0x7c0c00, Got: 0xfc82a1e
Error: "sym_links/calc_sb.svh", 41: calc_tb_pkg: at time 24725000 ps
     24725 SB: Mismatch UPPER data at addr 0x148, Expected: 0x5ca520b, Got: 0x4ca19898
     24725 SB: Second Read Addr: 0x148, Actual LOWER: 0xfc82a1e UPPER: 0x4ca19898
Error: "sym_links/calc_sb.svh", 61: calc_tb_pkg: at time 24745000 ps
     24745 SB: Mismatch on WRITE UPPER data at addr 0x31, Expected: 0x0, Got: 0x5c69c2b6
     24745 SB: Write Addr: 0x31, Computed: 0x7c0c00+0x5ca520b=0x6465e0b, Actual LOWER: 0x6465e0b UPPER: 0x5c69c2b6
[DRIVER] Starting calculation with Read[0xd7:0x117] Write[0xa2:0xcb] at time 2477500
[DRIVER] Applying reset at time 2477500
[DRIVER] Reset released at time 2481500
     24835 SB: First Read Addr: 0xd7, Expected LOWER: 0x0 UPPER: 0x0
Error: "sym_links/calc_sb.svh", 38: calc_tb_pkg: at time 24855000 ps
     24855 SB: Mismatch LOWER data at addr 0xd8, Expected: 0x0, Got: 0xe471f8c8
Error: "sym_links/calc_sb.svh", 41: calc_tb_pkg: at time 24855000 ps
     24855 SB: Mismatch UPPER data at addr 0xd8, Expected: 0x0, Got: 0xaed72e5d
     24855 SB: Second Read Addr: 0xd8, Actual LOWER: 0xe471f8c8 UPPER: 0xaed72e5d
Error: "sym_links/calc_sb.svh", 57: calc_tb_pkg: at time 24875000 ps
     24875 SB: Mismatch on WRITE LOWER data at addr 0xa2, Expected: 0x0, Got: 0x6ffe40d
Error: "sym_links/calc_sb.svh", 61: calc_tb_pkg: at time 24875000 ps
     24875 SB: Mismatch on WRITE UPPER data at addr 0xa2, Expected: 0x0, Got: 0x93492725
     24875 SB: Write Addr: 0xa2, Computed: 0x0+0x0=0x0, Actual LOWER: 0x6ffe40d UPPER: 0x93492725
     24895 SB: First Read Addr: 0xd9, Expected LOWER: 0x0 UPPER: 0x0
Error: "sym_links/calc_sb.svh", 38: calc_tb_pkg: at time 24915000 ps
     24915 SB: Mismatch LOWER data at addr 0xda, Expected: 0x0, Got: 0x95a9a82b
Error: "sym_links/calc_sb.svh", 41: calc_tb_pkg: at time 24915000 ps
     24915 SB: Mismatch UPPER data at addr 0xda, Expected: 0x0, Got: 0x1c8d7f39
     24915 SB: Second Read Addr: 0xda, Actual LOWER: 0x95a9a82b UPPER: 0x1c8d7f39
Error: "sym_links/calc_sb.svh", 57: calc_tb_pkg: at time 24935000 ps
     24935 SB: Mismatch on WRITE LOWER data at addr 0xa3, Expected: 0x0, Got: 0x5f6646be
Error: "sym_links/calc_sb.svh", 61: calc_tb_pkg: at time 24935000 ps
     24935 SB: Mismatch on WRITE UPPER data at addr 0xa3, Expected: 0x0, Got: 0xb2372764
     24935 SB: Write Addr: 0xa3, Computed: 0x0+0x0=0x0, Actual LOWER: 0x5f6646be UPPER: 0xb2372764
     24955 SB: First Read Addr: 0xdb, Expected LOWER: 0x0 UPPER: 0x0
Error: "sym_links/calc_sb.svh", 38: calc_tb_pkg: at time 24975000 ps
     24975 SB: Mismatch LOWER data at addr 0xdc, Expected: 0x0, Got: 0x2c848959
Error: "sym_links/calc_sb.svh", 41: calc_tb_pkg: at time 24975000 ps
     24975 SB: Mismatch UPPER data at addr 0xdc, Expected: 0x0, Got: 0xe82b96d0
     24975 SB: Second Read Addr: 0xdc, Actual LOWER: 0x2c848959 UPPER: 0xe82b96d0
Error: "sym_links/calc_sb.svh", 57: calc_tb_pkg: at time 24995000 ps
     24995 SB: Mismatch on WRITE LOWER data at addr 0xa4, Expected: 0x0, Got: 0x32fe1c64
Error: "sym_links/calc_sb.svh", 61: calc_tb_pkg: at time 24995000 ps
     24995 SB: Mismatch on WRITE UPPER data at addr 0xa4, Expected: 0x0, Got: 0x14b02029
     24995 SB: Write Addr: 0xa4, Computed: 0x0+0x0=0x0, Actual LOWER: 0x32fe1c64 UPPER: 0x14b02029
     25015 SB: First Read Addr: 0xdd, Expected LOWER: 0x0 UPPER: 0x0
Error: "sym_links/calc_sb.svh", 38: calc_tb_pkg: at time 25035000 ps
     25035 SB: Mismatch LOWER data at addr 0xde, Expected: 0x0, Got: 0x6d8b87db
Error: "sym_links/calc_sb.svh", 41: calc_tb_pkg: at time 25035000 ps
     25035 SB: Mismatch UPPER data at addr 0xde, Expected: 0x0, Got: 0x535277a6
     25035 SB: Second Read Addr: 0xde, Actual LOWER: 0x6d8b87db UPPER: 0x535277a6
Error: "sym_links/calc_sb.svh", 57: calc_tb_pkg: at time 25055000 ps
     25055 SB: Mismatch on WRITE LOWER data at addr 0xa5, Expected: 0x0, Got: 0x34f1405
Error: "sym_links/calc_sb.svh", 61: calc_tb_pkg: at time 25055000 ps
     25055 SB: Mismatch on WRITE UPPER data at addr 0xa5, Expected: 0x0, Got: 0xc0ddff81
     25055 SB: Write Addr: 0xa5, Computed: 0x0+0x0=0x0, Actual LOWER: 0x34f1405 UPPER: 0xc0ddff81
     25075 SB: First Read Addr: 0xdf, Expected LOWER: 0x0 UPPER: 0x0
Error: "sym_links/calc_sb.svh", 38: calc_tb_pkg: at time 25095000 ps
     25095 SB: Mismatch LOWER data at addr 0xe0, Expected: 0x0, Got: 0x87e44c0f
Error: "sym_links/calc_sb.svh", 41: calc_tb_pkg: at time 25095000 ps
     25095 SB: Mismatch UPPER data at addr 0xe0, Expected: 0x0, Got: 0xb4e8d669
     25095 SB: Second Read Addr: 0xe0, Actual LOWER: 0x87e44c0f UPPER: 0xb4e8d669
Error: "sym_links/calc_sb.svh", 57: calc_tb_pkg: at time 25115000 ps
     25115 SB: Mismatch on WRITE LOWER data at addr 0xa6, Expected: 0x0, Got: 0xddff4fbb
Error: "sym_links/calc_sb.svh", 61: calc_tb_pkg: at time 25115000 ps
     25115 SB: Mismatch on WRITE UPPER data at addr 0xa6, Expected: 0x0, Got: 0x3ccd2278
     25115 SB: Write Addr: 0xa6, Computed: 0x0+0x0=0x0, Actual LOWER: 0xddff4fbb UPPER: 0x3ccd2278
     25135 SB: First Read Addr: 0xe1, Expected LOWER: 0x0 UPPER: 0x0
Error: "sym_links/calc_sb.svh", 38: calc_tb_pkg: at time 25155000 ps
     25155 SB: Mismatch LOWER data at addr 0xe2, Expected: 0x0, Got: 0x62fd49c5
Error: "sym_links/calc_sb.svh", 41: calc_tb_pkg: at time 25155000 ps
     25155 SB: Mismatch UPPER data at addr 0xe2, Expected: 0x0, Got: 0x67d735cf
     25155 SB: Second Read Addr: 0xe2, Actual LOWER: 0x62fd49c5 UPPER: 0x67d735cf
Error: "sym_links/calc_sb.svh", 57: calc_tb_pkg: at time 25175000 ps
     25175 SB: Mismatch on WRITE LOWER data at addr 0xa7, Expected: 0x0, Got: 0xb2fb7b65
Error: "sym_links/calc_sb.svh", 61: calc_tb_pkg: at time 25175000 ps
     25175 SB: Mismatch on WRITE UPPER data at addr 0xa7, Expected: 0x0, Got: 0xcad47f94
     25175 SB: Write Addr: 0xa7, Computed: 0x0+0x0=0x0, Actual LOWER: 0xb2fb7b65 UPPER: 0xcad47f94
     25195 SB: First Read Addr: 0xe3, Expected LOWER: 0x0 UPPER: 0x0
Error: "sym_links/calc_sb.svh", 38: calc_tb_pkg: at time 25215000 ps
     25215 SB: Mismatch LOWER data at addr 0xe4, Expected: 0x0, Got: 0xb4f9a469
Error: "sym_links/calc_sb.svh", 41: calc_tb_pkg: at time 25215000 ps
     25215 SB: Mismatch UPPER data at addr 0xe4, Expected: 0x0, Got: 0x3b83cd77
     25215 SB: Second Read Addr: 0xe4, Actual LOWER: 0xb4f9a469 UPPER: 0x3b83cd77
Error: "sym_links/calc_sb.svh", 57: calc_tb_pkg: at time 25235000 ps
     25235 SB: Mismatch on WRITE LOWER data at addr 0xa8, Expected: 0x0, Got: 0xf11ebde1
Error: "sym_links/calc_sb.svh", 61: calc_tb_pkg: at time 25235000 ps
     25235 SB: Mismatch on WRITE UPPER data at addr 0xa8, Expected: 0x0, Got: 0xf07d71e0
     25235 SB: Write Addr: 0xa8, Computed: 0x0+0x0=0x0, Actual LOWER: 0xf11ebde1 UPPER: 0xf07d71e0
     25255 SB: First Read Addr: 0xe5, Expected LOWER: 0x0 UPPER: 0x0
Error: "sym_links/calc_sb.svh", 38: calc_tb_pkg: at time 25275000 ps
     25275 SB: Mismatch LOWER data at addr 0xe6, Expected: 0x0, Got: 0x4ddd4d9b
Error: "sym_links/calc_sb.svh", 41: calc_tb_pkg: at time 25275000 ps
     25275 SB: Mismatch UPPER data at addr 0xe6, Expected: 0x0, Got: 0xe20e9ac4
     25275 SB: Second Read Addr: 0xe6, Actual LOWER: 0x4ddd4d9b UPPER: 0xe20e9ac4
Error: "sym_links/calc_sb.svh", 57: calc_tb_pkg: at time 25295000 ps
     25295 SB: Mismatch on WRITE LOWER data at addr 0xa9, Expected: 0x0, Got: 0x115abe22
Error: "sym_links/calc_sb.svh", 61: calc_tb_pkg: at time 25295000 ps
     25295 SB: Mismatch on WRITE UPPER data at addr 0xa9, Expected: 0x0, Got: 0x2febe85f
     25295 SB: Write Addr: 0xa9, Computed: 0x0+0x0=0x0, Actual LOWER: 0x115abe22 UPPER: 0x2febe85f
     25315 SB: First Read Addr: 0xe7, Expected LOWER: 0x0 UPPER: 0x0
Error: "sym_links/calc_sb.svh", 38: calc_tb_pkg: at time 25335000 ps
     25335 SB: Mismatch LOWER data at addr 0xe8, Expected: 0x0, Got: 0xc378ee86
Error: "sym_links/calc_sb.svh", 41: calc_tb_pkg: at time 25335000 ps
     25335 SB: Mismatch UPPER data at addr 0xe8, Expected: 0x0, Got: 0x984d5a30
     25335 SB: Second Read Addr: 0xe8, Actual LOWER: 0xc378ee86 UPPER: 0x984d5a30
Error: "sym_links/calc_sb.svh", 57: calc_tb_pkg: at time 25355000 ps
     25355 SB: Mismatch on WRITE LOWER data at addr 0xaa, Expected: 0x0, Got: 0x385fa46f
Error: "sym_links/calc_sb.svh", 61: calc_tb_pkg: at time 25355000 ps
     25355 SB: Mismatch on WRITE UPPER data at addr 0xaa, Expected: 0x0, Got: 0x5bc648b6
     25355 SB: Write Addr: 0xaa, Computed: 0x0+0x0=0x0, Actual LOWER: 0x385fa46f UPPER: 0x5bc648b6
     25375 SB: First Read Addr: 0xe9, Expected LOWER: 0x0 UPPER: 0x0
Error: "sym_links/calc_sb.svh", 38: calc_tb_pkg: at time 25395000 ps
     25395 SB: Mismatch LOWER data at addr 0xea, Expected: 0x0, Got: 0x6a15f5d4
Error: "sym_links/calc_sb.svh", 41: calc_tb_pkg: at time 25395000 ps
     25395 SB: Mismatch UPPER data at addr 0xea, Expected: 0x0, Got: 0x3878707
     25395 SB: Second Read Addr: 0xea, Actual LOWER: 0x6a15f5d4 UPPER: 0x3878707
Error: "sym_links/calc_sb.svh", 57: calc_tb_pkg: at time 25415000 ps
     25415 SB: Mismatch on WRITE LOWER data at addr 0xab, Expected: 0x0, Got: 0x96c41b2c
Error: "sym_links/calc_sb.svh", 61: calc_tb_pkg: at time 25415000 ps
     25415 SB: Mismatch on WRITE UPPER data at addr 0xab, Expected: 0x0, Got: 0x6d9d7cdb
     25415 SB: Write Addr: 0xab, Computed: 0x0+0x0=0x0, Actual LOWER: 0x96c41b2c UPPER: 0x6d9d7cdb
     25435 SB: First Read Addr: 0xeb, Expected LOWER: 0x0 UPPER: 0x0
Error: "sym_links/calc_sb.svh", 38: calc_tb_pkg: at time 25455000 ps
     25455 SB: Mismatch LOWER data at addr 0xec, Expected: 0x0, Got: 0x45e28b8b
Error: "sym_links/calc_sb.svh", 41: calc_tb_pkg: at time 25455000 ps
     25455 SB: Mismatch UPPER data at addr 0xec, Expected: 0x0, Got: 0xf25f01
     25455 SB: Second Read Addr: 0xec, Actual LOWER: 0x45e28b8b UPPER: 0xf25f01
Error: "sym_links/calc_sb.svh", 57: calc_tb_pkg: at time 25475000 ps
     25475 SB: Mismatch on WRITE LOWER data at addr 0xac, Expected: 0x0, Got: 0xafad455f
Error: "sym_links/calc_sb.svh", 61: calc_tb_pkg: at time 25475000 ps
     25475 SB: Mismatch on WRITE UPPER data at addr 0xac, Expected: 0x0, Got: 0x46d4ea8c
     25475 SB: Write Addr: 0xac, Computed: 0x0+0x0=0x0, Actual LOWER: 0xafad455f UPPER: 0x46d4ea8c
     25495 SB: First Read Addr: 0xed, Expected LOWER: 0x0 UPPER: 0x0
Error: "sym_links/calc_sb.svh", 38: calc_tb_pkg: at time 25515000 ps
     25515 SB: Mismatch LOWER data at addr 0xee, Expected: 0x0, Got: 0x611d9fc2
Error: "sym_links/calc_sb.svh", 41: calc_tb_pkg: at time 25515000 ps
     25515 SB: Mismatch UPPER data at addr 0xee, Expected: 0x0, Got: 0xe2ecdac5
     25515 SB: Second Read Addr: 0xee, Actual LOWER: 0x611d9fc2 UPPER: 0xe2ecdac5
Error: "sym_links/calc_sb.svh", 57: calc_tb_pkg: at time 25535000 ps
     25535 SB: Mismatch on WRITE LOWER data at addr 0xad, Expected: 0x0, Got: 0x2df6ce5b
Error: "sym_links/calc_sb.svh", 61: calc_tb_pkg: at time 25535000 ps
     25535 SB: Mismatch on WRITE UPPER data at addr 0xad, Expected: 0x0, Got: 0x440a7a87
     25535 SB: Write Addr: 0xad, Computed: 0x0+0x0=0x0, Actual LOWER: 0x2df6ce5b UPPER: 0x440a7a87
     25555 SB: First Read Addr: 0xef, Expected LOWER: 0x0 UPPER: 0x0
Error: "sym_links/calc_sb.svh", 38: calc_tb_pkg: at time 25575000 ps
     25575 SB: Mismatch LOWER data at addr 0xf0, Expected: 0x0, Got: 0xb302da66
Error: "sym_links/calc_sb.svh", 41: calc_tb_pkg: at time 25575000 ps
     25575 SB: Mismatch UPPER data at addr 0xf0, Expected: 0x0, Got: 0x57fbb9af
     25575 SB: Second Read Addr: 0xf0, Actual LOWER: 0xb302da66 UPPER: 0x57fbb9af
Error: "sym_links/calc_sb.svh", 57: calc_tb_pkg: at time 25595000 ps
     25595 SB: Mismatch on WRITE LOWER data at addr 0xae, Expected: 0x0, Got: 0x6fdadedf
Error: "sym_links/calc_sb.svh", 61: calc_tb_pkg: at time 25595000 ps
     25595 SB: Mismatch on WRITE UPPER data at addr 0xae, Expected: 0x0, Got: 0xafe9415
     25595 SB: Write Addr: 0xae, Computed: 0x0+0x0=0x0, Actual LOWER: 0x6fdadedf UPPER: 0xafe9415
     25615 SB: First Read Addr: 0xf1, Expected LOWER: 0x0 UPPER: 0x0
Error: "sym_links/calc_sb.svh", 38: calc_tb_pkg: at time 25635000 ps
     25635 SB: Mismatch LOWER data at addr 0xf2, Expected: 0x0, Got: 0x8376ac06
Error: "sym_links/calc_sb.svh", 41: calc_tb_pkg: at time 25635000 ps
     25635 SB: Mismatch UPPER data at addr 0xf2, Expected: 0x0, Got: 0xf78576ef
     25635 SB: Second Read Addr: 0xf2, Actual LOWER: 0x8376ac06 UPPER: 0xf78576ef
Error: "sym_links/calc_sb.svh", 57: calc_tb_pkg: at time 25655000 ps
     25655 SB: Mismatch on WRITE LOWER data at addr 0xaf, Expected: 0x0, Got: 0x711a1ee1
Error: "sym_links/calc_sb.svh", 61: calc_tb_pkg: at time 25655000 ps
     25655 SB: Mismatch on WRITE UPPER data at addr 0xaf, Expected: 0x0, Got: 0x7afc22f5
     25655 SB: Write Addr: 0xaf, Computed: 0x0+0x0=0x0, Actual LOWER: 0x711a1ee1 UPPER: 0x7afc22f5
     25675 SB: First Read Addr: 0xf3, Expected LOWER: 0x0 UPPER: 0x0
Error: "sym_links/calc_sb.svh", 38: calc_tb_pkg: at time 25695000 ps
     25695 SB: Mismatch LOWER data at addr 0xf4, Expected: 0x0, Got: 0xf7723eee
Error: "sym_links/calc_sb.svh", 41: calc_tb_pkg: at time 25695000 ps
     25695 SB: Mismatch UPPER data at addr 0xf4, Expected: 0x0, Got: 0x304e4d60
     25695 SB: Second Read Addr: 0xf4, Actual LOWER: 0xf7723eee UPPER: 0x304e4d60
Error: "sym_links/calc_sb.svh", 57: calc_tb_pkg: at time 25715000 ps
     25715 SB: Mismatch on WRITE LOWER data at addr 0xb0, Expected: 0x0, Got: 0x3ba3b476
Error: "sym_links/calc_sb.svh", 61: calc_tb_pkg: at time 25715000 ps
     25715 SB: Mismatch on WRITE UPPER data at addr 0xb0, Expected: 0x0, Got: 0x27c08c4e
     25715 SB: Write Addr: 0xb0, Computed: 0x0+0x0=0x0, Actual LOWER: 0x3ba3b476 UPPER: 0x27c08c4e
     25735 SB: First Read Addr: 0xf5, Expected LOWER: 0x0 UPPER: 0x0
Error: "sym_links/calc_sb.svh", 38: calc_tb_pkg: at time 25755000 ps
     25755 SB: Mismatch LOWER data at addr 0xf6, Expected: 0x0, Got: 0x322f7d64
Error: "sym_links/calc_sb.svh", 41: calc_tb_pkg: at time 25755000 ps
     25755 SB: Mismatch UPPER data at addr 0xf6, Expected: 0x0, Got: 0x14b43729
     25755 SB: Second Read Addr: 0xf6, Actual LOWER: 0x322f7d64 UPPER: 0x14b43729
Error: "sym_links/calc_sb.svh", 57: calc_tb_pkg: at time 25775000 ps
     25775 SB: Mismatch on WRITE LOWER data at addr 0xb1, Expected: 0x0, Got: 0x86bd490d
Error: "sym_links/calc_sb.svh", 61: calc_tb_pkg: at time 25775000 ps
     25775 SB: Mismatch on WRITE UPPER data at addr 0xb1, Expected: 0x0, Got: 0x46e3b48d
     25775 SB: Write Addr: 0xb1, Computed: 0x0+0x0=0x0, Actual LOWER: 0x86bd490d UPPER: 0x46e3b48d
     25795 SB: First Read Addr: 0xf7, Expected LOWER: 0x0 UPPER: 0x0
Error: "sym_links/calc_sb.svh", 38: calc_tb_pkg: at time 25815000 ps
     25815 SB: Mismatch LOWER data at addr 0xf8, Expected: 0x0, Got: 0x3715156e
Error: "sym_links/calc_sb.svh", 41: calc_tb_pkg: at time 25815000 ps
     25815 SB: Mismatch UPPER data at addr 0xf8, Expected: 0x0, Got: 0x40aaf581
     25815 SB: Second Read Addr: 0xf8, Actual LOWER: 0x3715156e UPPER: 0x40aaf581
Error: "sym_links/calc_sb.svh", 57: calc_tb_pkg: at time 25835000 ps
     25835 SB: Mismatch on WRITE LOWER data at addr 0xb2, Expected: 0x0, Got: 0xacab0158
Error: "sym_links/calc_sb.svh", 61: calc_tb_pkg: at time 25835000 ps
     25835 SB: Mismatch on WRITE UPPER data at addr 0xb2, Expected: 0x0, Got: 0x77c00aef
     25835 SB: Write Addr: 0xb2, Computed: 0x0+0x0=0x0, Actual LOWER: 0xacab0158 UPPER: 0x77c00aef
     25855 SB: First Read Addr: 0xf9, Expected LOWER: 0x0 UPPER: 0x0
Error: "sym_links/calc_sb.svh", 38: calc_tb_pkg: at time 25875000 ps
     25875 SB: Mismatch LOWER data at addr 0xfa, Expected: 0x0, Got: 0x786271f0
Error: "sym_links/calc_sb.svh", 41: calc_tb_pkg: at time 25875000 ps
     25875 SB: Mismatch UPPER data at addr 0xfa, Expected: 0x0, Got: 0xd57800aa
     25875 SB: Second Read Addr: 0xfa, Actual LOWER: 0x786271f0 UPPER: 0xd57800aa
Error: "sym_links/calc_sb.svh", 57: calc_tb_pkg: at time 25895000 ps
     25895 SB: Mismatch on WRITE LOWER data at addr 0xb3, Expected: 0x0, Got: 0x9ed78f3d
Error: "sym_links/calc_sb.svh", 61: calc_tb_pkg: at time 25895000 ps
     25895 SB: Mismatch on WRITE UPPER data at addr 0xb3, Expected: 0x0, Got: 0x4dda729a
     25895 SB: Write Addr: 0xb3, Computed: 0x0+0x0=0x0, Actual LOWER: 0x9ed78f3d UPPER: 0x4dda729a
     25915 SB: First Read Addr: 0xfb, Expected LOWER: 0x0 UPPER: 0x0
Error: "sym_links/calc_sb.svh", 38: calc_tb_pkg: at time 25935000 ps
     25935 SB: Mismatch LOWER data at addr 0xfc, Expected: 0x0, Got: 0xbe9bbc7d
Error: "sym_links/calc_sb.svh", 41: calc_tb_pkg: at time 25935000 ps
     25935 SB: Mismatch UPPER data at addr 0xfc, Expected: 0x0, Got: 0x472e958e
     25935 SB: Second Read Addr: 0xfc, Actual LOWER: 0xbe9bbc7d UPPER: 0x472e958e
Error: "sym_links/calc_sb.svh", 57: calc_tb_pkg: at time 25955000 ps
     25955 SB: Mismatch on WRITE LOWER data at addr 0xb4, Expected: 0x0, Got: 0x7c0c00
Error: "sym_links/calc_sb.svh", 61: calc_tb_pkg: at time 25955000 ps
     25955 SB: Mismatch on WRITE UPPER data at addr 0xb4, Expected: 0x0, Got: 0x5ca520b
     25955 SB: Write Addr: 0xb4, Computed: 0x0+0x0=0x0, Actual LOWER: 0x7c0c00 UPPER: 0x5ca520b
     25975 SB: First Read Addr: 0xfd, Expected LOWER: 0x0 UPPER: 0x0
Error: "sym_links/calc_sb.svh", 38: calc_tb_pkg: at time 25995000 ps
     25995 SB: Mismatch LOWER data at addr 0xfe, Expected: 0x0, Got: 0xd4b5e6a9
Error: "sym_links/calc_sb.svh", 41: calc_tb_pkg: at time 25995000 ps
     25995 SB: Mismatch UPPER data at addr 0xfe, Expected: 0x0, Got: 0x77ebb1ef
     25995 SB: Second Read Addr: 0xfe, Actual LOWER: 0xd4b5e6a9 UPPER: 0x77ebb1ef
Error: "sym_links/calc_sb.svh", 57: calc_tb_pkg: at time 26015000 ps
     26015 SB: Mismatch on WRITE LOWER data at addr 0xb5, Expected: 0x0, Got: 0xfc82a1e
Error: "sym_links/calc_sb.svh", 61: calc_tb_pkg: at time 26015000 ps
     26015 SB: Mismatch on WRITE UPPER data at addr 0xb5, Expected: 0x0, Got: 0x4ca19898
     26015 SB: Write Addr: 0xb5, Computed: 0x0+0x0=0x0, Actual LOWER: 0xfc82a1e UPPER: 0x4ca19898
     26035 SB: First Read Addr: 0xff, Expected LOWER: 0x0 UPPER: 0x0
Error: "sym_links/calc_sb.svh", 38: calc_tb_pkg: at time 26055000 ps
     26055 SB: Mismatch LOWER data at addr 0x100, Expected: 0x0, Got: 0x25029b4a
Error: "sym_links/calc_sb.svh", 41: calc_tb_pkg: at time 26055000 ps
     26055 SB: Mismatch UPPER data at addr 0x100, Expected: 0x0, Got: 0x5cd20db9
     26055 SB: Second Read Addr: 0x100, Actual LOWER: 0x25029b4a UPPER: 0x5cd20db9
Error: "sym_links/calc_sb.svh", 57: calc_tb_pkg: at time 26075000 ps
     26075 SB: Mismatch on WRITE LOWER data at addr 0xb6, Expected: 0x0, Got: 0x858a0d0a
Error: "sym_links/calc_sb.svh", 61: calc_tb_pkg: at time 26075000 ps
     26075 SB: Mismatch on WRITE UPPER data at addr 0xb6, Expected: 0x0, Got: 0x81d4a903
     26075 SB: Write Addr: 0xb6, Computed: 0x0+0x0=0x0, Actual LOWER: 0x858a0d0a UPPER: 0x81d4a903
     26095 SB: First Read Addr: 0x101, Expected LOWER: 0x0 UPPER: 0x0
Error: "sym_links/calc_sb.svh", 38: calc_tb_pkg: at time 26115000 ps
     26115 SB: Mismatch LOWER data at addr 0x102, Expected: 0x0, Got: 0x32dc4165
Error: "sym_links/calc_sb.svh", 41: calc_tb_pkg: at time 26115000 ps
     26115 SB: Mismatch UPPER data at addr 0x102, Expected: 0x0, Got: 0x28c62751
     26115 SB: Second Read Addr: 0x102, Actual LOWER: 0x32dc4165 UPPER: 0x28c62751
Error: "sym_links/calc_sb.svh", 57: calc_tb_pkg: at time 26135000 ps
     26135 SB: Mismatch on WRITE LOWER data at addr 0xb7, Expected: 0x0, Got: 0x13566226
Error: "sym_links/calc_sb.svh", 61: calc_tb_pkg: at time 26135000 ps
     26135 SB: Mismatch on WRITE UPPER data at addr 0xb7, Expected: 0x0, Got: 0x5ba268b6
     26135 SB: Write Addr: 0xb7, Computed: 0x0+0x0=0x0, Actual LOWER: 0x13566226 UPPER: 0x5ba268b6
     26155 SB: First Read Addr: 0x103, Expected LOWER: 0x0 UPPER: 0x0
Error: "sym_links/calc_sb.svh", 38: calc_tb_pkg: at time 26175000 ps
     26175 SB: Mismatch LOWER data at addr 0x104, Expected: 0x0, Got: 0x9d12083a
Error: "sym_links/calc_sb.svh", 41: calc_tb_pkg: at time 26175000 ps
     26175 SB: Mismatch UPPER data at addr 0x104, Expected: 0x0, Got: 0xb8ea3a71
     26175 SB: Second Read Addr: 0x104, Actual LOWER: 0x9d12083a UPPER: 0xb8ea3a71
Error: "sym_links/calc_sb.svh", 57: calc_tb_pkg: at time 26195000 ps
     26195 SB: Mismatch on WRITE LOWER data at addr 0xb8, Expected: 0x0, Got: 0xa8304b50
Error: "sym_links/calc_sb.svh", 61: calc_tb_pkg: at time 26195000 ps
     26195 SB: Mismatch on WRITE UPPER data at addr 0xb8, Expected: 0x0, Got: 0x55fc42ab
     26195 SB: Write Addr: 0xb8, Computed: 0x0+0x0=0x0, Actual LOWER: 0xa8304b50 UPPER: 0x55fc42ab
     26215 SB: First Read Addr: 0x105, Expected LOWER: 0x0 UPPER: 0x0
Error: "sym_links/calc_sb.svh", 38: calc_tb_pkg: at time 26235000 ps
     26235 SB: Mismatch LOWER data at addr 0x106, Expected: 0x0, Got: 0x1513dd2a
Error: "sym_links/calc_sb.svh", 41: calc_tb_pkg: at time 26235000 ps
     26235 SB: Mismatch UPPER data at addr 0x106, Expected: 0x0, Got: 0xbeda447d
     26235 SB: Second Read Addr: 0x106, Actual LOWER: 0x1513dd2a UPPER: 0xbeda447d
Error: "sym_links/calc_sb.svh", 57: calc_tb_pkg: at time 26255000 ps
     26255 SB: Mismatch on WRITE LOWER data at addr 0xb9, Expected: 0x0, Got: 0x23b17246
Error: "sym_links/calc_sb.svh", 61: calc_tb_pkg: at time 26255000 ps
     26255 SB: Mismatch on WRITE UPPER data at addr 0xb9, Expected: 0x0, Got: 0xd3ee21a7
     26255 SB: Write Addr: 0xb9, Computed: 0x0+0x0=0x0, Actual LOWER: 0x23b17246 UPPER: 0xd3ee21a7
     26275 SB: First Read Addr: 0x107, Expected LOWER: 0x0 UPPER: 0x0
Error: "sym_links/calc_sb.svh", 38: calc_tb_pkg: at time 26295000 ps
     26295 SB: Mismatch LOWER data at addr 0x108, Expected: 0x0, Got: 0x76de6bed
Error: "sym_links/calc_sb.svh", 41: calc_tb_pkg: at time 26295000 ps
     26295 SB: Mismatch UPPER data at addr 0x108, Expected: 0x0, Got: 0xe4a800c9
     26295 SB: Second Read Addr: 0x108, Actual LOWER: 0x76de6bed UPPER: 0xe4a800c9
Error: "sym_links/calc_sb.svh", 57: calc_tb_pkg: at time 26315000 ps
     26315 SB: Mismatch on WRITE LOWER data at addr 0xba, Expected: 0x0, Got: 0x9fb2033e
Error: "sym_links/calc_sb.svh", 61: calc_tb_pkg: at time 26315000 ps
     26315 SB: Mismatch on WRITE UPPER data at addr 0xba, Expected: 0x0, Got: 0x5b866cb6
     26315 SB: Write Addr: 0xba, Computed: 0x0+0x0=0x0, Actual LOWER: 0x9fb2033e UPPER: 0x5b866cb6
     26335 SB: First Read Addr: 0x109, Expected LOWER: 0x0 UPPER: 0x0
Error: "sym_links/calc_sb.svh", 38: calc_tb_pkg: at time 26355000 ps
     26355 SB: Mismatch LOWER data at addr 0x10a, Expected: 0x0, Got: 0xeda71cdb
Error: "sym_links/calc_sb.svh", 41: calc_tb_pkg: at time 26355000 ps
     26355 SB: Mismatch UPPER data at addr 0x10a, Expected: 0x0, Got: 0xe696e8cd
     26355 SB: Second Read Addr: 0x10a, Actual LOWER: 0xeda71cdb UPPER: 0xe696e8cd
Error: "sym_links/calc_sb.svh", 57: calc_tb_pkg: at time 26375000 ps
     26375 SB: Mismatch on WRITE LOWER data at addr 0xbb, Expected: 0x0, Got: 0xf8709df0
Error: "sym_links/calc_sb.svh", 61: calc_tb_pkg: at time 26375000 ps
     26375 SB: Mismatch on WRITE UPPER data at addr 0xbb, Expected: 0x0, Got: 0xd43e05a8
     26375 SB: Write Addr: 0xbb, Computed: 0x0+0x0=0x0, Actual LOWER: 0xf8709df0 UPPER: 0xd43e05a8
     26395 SB: First Read Addr: 0x10b, Expected LOWER: 0x0 UPPER: 0x0
Error: "sym_links/calc_sb.svh", 38: calc_tb_pkg: at time 26415000 ps
     26415 SB: Mismatch LOWER data at addr 0x10c, Expected: 0x0, Got: 0xd14820a2
Error: "sym_links/calc_sb.svh", 41: calc_tb_pkg: at time 26415000 ps
     26415 SB: Mismatch UPPER data at addr 0x10c, Expected: 0x0, Got: 0x5e983dbd
     26415 SB: Second Read Addr: 0x10c, Actual LOWER: 0xd14820a2 UPPER: 0x5e983dbd
Error: "sym_links/calc_sb.svh", 57: calc_tb_pkg: at time 26435000 ps
     26435 SB: Mismatch on WRITE LOWER data at addr 0xbc, Expected: 0x0, Got: 0xbb3a7376
Error: "sym_links/calc_sb.svh", 61: calc_tb_pkg: at time 26435000 ps
     26435 SB: Mismatch on WRITE UPPER data at addr 0xbc, Expected: 0x0, Got: 0x2fe05e5f
     26435 SB: Write Addr: 0xbc, Computed: 0x0+0x0=0x0, Actual LOWER: 0xbb3a7376 UPPER: 0x2fe05e5f
     26455 SB: First Read Addr: 0x10d, Expected LOWER: 0x0 UPPER: 0x0
Error: "sym_links/calc_sb.svh", 38: calc_tb_pkg: at time 26475000 ps
     26475 SB: Mismatch LOWER data at addr 0x10e, Expected: 0x0, Got: 0xa86c5e50
Error: "sym_links/calc_sb.svh", 41: calc_tb_pkg: at time 26475000 ps
     26475 SB: Mismatch UPPER data at addr 0x10e, Expected: 0x0, Got: 0xbd86f47b
     26475 SB: Second Read Addr: 0x10e, Actual LOWER: 0xa86c5e50 UPPER: 0xbd86f47b
Error: "sym_links/calc_sb.svh", 57: calc_tb_pkg: at time 26495000 ps
     26495 SB: Mismatch on WRITE LOWER data at addr 0xbd, Expected: 0x0, Got: 0x23932646
Error: "sym_links/calc_sb.svh", 61: calc_tb_pkg: at time 26495000 ps
     26495 SB: Mismatch on WRITE UPPER data at addr 0xbd, Expected: 0x0, Got: 0x65f352cb
     26495 SB: Write Addr: 0xbd, Computed: 0x0+0x0=0x0, Actual LOWER: 0x23932646 UPPER: 0x65f352cb
     26515 SB: First Read Addr: 0x10f, Expected LOWER: 0x0 UPPER: 0x0
Error: "sym_links/calc_sb.svh", 38: calc_tb_pkg: at time 26535000 ps
     26535 SB: Mismatch LOWER data at addr 0x110, Expected: 0x0, Got: 0x7b7b89f6
Error: "sym_links/calc_sb.svh", 41: calc_tb_pkg: at time 26535000 ps
     26535 SB: Mismatch UPPER data at addr 0x110, Expected: 0x0, Got: 0xae23ce5c
     26535 SB: Second Read Addr: 0x110, Actual LOWER: 0x7b7b89f6 UPPER: 0xae23ce5c
Error: "sym_links/calc_sb.svh", 57: calc_tb_pkg: at time 26555000 ps
     26555 SB: Mismatch on WRITE LOWER data at addr 0xbe, Expected: 0x0, Got: 0x4edcdc9d
Error: "sym_links/calc_sb.svh", 61: calc_tb_pkg: at time 26555000 ps
     26555 SB: Mismatch on WRITE UPPER data at addr 0xbe, Expected: 0x0, Got: 0x299f5852
     26555 SB: Write Addr: 0xbe, Computed: 0x0+0x0=0x0, Actual LOWER: 0x4edcdc9d UPPER: 0x299f5852
     26575 SB: First Read Addr: 0x111, Expected LOWER: 0x0 UPPER: 0x0
Error: "sym_links/calc_sb.svh", 38: calc_tb_pkg: at time 26595000 ps
     26595 SB: Mismatch LOWER data at addr 0x112, Expected: 0x0, Got: 0x644605c8
Error: "sym_links/calc_sb.svh", 41: calc_tb_pkg: at time 26595000 ps
     26595 SB: Mismatch UPPER data at addr 0x112, Expected: 0x0, Got: 0xddd146bb
     26595 SB: Second Read Addr: 0x112, Actual LOWER: 0x644605c8 UPPER: 0xddd146bb
Error: "sym_links/calc_sb.svh", 57: calc_tb_pkg: at time 26615000 ps
     26615 SB: Mismatch on WRITE LOWER data at addr 0xbf, Expected: 0x0, Got: 0x4e80469c
Error: "sym_links/calc_sb.svh", 61: calc_tb_pkg: at time 26615000 ps
     26615 SB: Mismatch on WRITE UPPER data at addr 0xbf, Expected: 0x0, Got: 0x42174c83
     26615 SB: Write Addr: 0xbf, Computed: 0x0+0x0=0x0, Actual LOWER: 0x4e80469c UPPER: 0x42174c83
     26635 SB: First Read Addr: 0x113, Expected LOWER: 0x0 UPPER: 0x0
Error: "sym_links/calc_sb.svh", 38: calc_tb_pkg: at time 26655000 ps
     26655 SB: Mismatch LOWER data at addr 0x114, Expected: 0x0, Got: 0x671030c
Error: "sym_links/calc_sb.svh", 41: calc_tb_pkg: at time 26655000 ps
     26655 SB: Mismatch UPPER data at addr 0x114, Expected: 0x0, Got: 0xe70f98ce
     26655 SB: Second Read Addr: 0x114, Actual LOWER: 0x671030c UPPER: 0xe70f98ce
Error: "sym_links/calc_sb.svh", 57: calc_tb_pkg: at time 26675000 ps
     26675 SB: Mismatch on WRITE LOWER data at addr 0xc0, Expected: 0x0, Got: 0x40948281
Error: "sym_links/calc_sb.svh", 61: calc_tb_pkg: at time 26675000 ps
     26675 SB: Mismatch on WRITE UPPER data at addr 0xc0, Expected: 0x0, Got: 0xed809bda
     26675 SB: Write Addr: 0xc0, Computed: 0x0+0x0=0x0, Actual LOWER: 0x40948281 UPPER: 0xed809bda
     26695 SB: First Read Addr: 0x115, Expected LOWER: 0x0 UPPER: 0x0
Error: "sym_links/calc_sb.svh", 38: calc_tb_pkg: at time 26715000 ps
     26715 SB: Mismatch LOWER data at addr 0x116, Expected: 0x0, Got: 0x5ca26fb9
Error: "sym_links/calc_sb.svh", 41: calc_tb_pkg: at time 26715000 ps
     26715 SB: Mismatch UPPER data at addr 0x116, Expected: 0x0, Got: 0xd9b8c0b3
     26715 SB: Second Read Addr: 0x116, Actual LOWER: 0x5ca26fb9 UPPER: 0xd9b8c0b3
Error: "sym_links/calc_sb.svh", 57: calc_tb_pkg: at time 26735000 ps
     26735 SB: Mismatch on WRITE LOWER data at addr 0xc1, Expected: 0x0, Got: 0x17073e2d
Error: "sym_links/calc_sb.svh", 61: calc_tb_pkg: at time 26735000 ps
     26735 SB: Mismatch on WRITE UPPER data at addr 0xc1, Expected: 0x0, Got: 0x365b306c
     26735 SB: Write Addr: 0xc1, Computed: 0x0+0x0=0x0, Actual LOWER: 0x17073e2d UPPER: 0x365b306c
     26755 SB: First Read Addr: 0x117, Expected LOWER: 0x0 UPPER: 0x0
"sym_links/calc_tb_top.sv", 336: calc_tb_top.VALID_INPUT_ADDRESS: started at 26765000ps failed at 26765000ps
	Offending '((calc_tb_top.calc_if.curr_rd_addr >= calc_tb_top.calc_if.read_start_addr) && (calc_tb_top.calc_if.curr_rd_addr <= calc_tb_top.calc_if.read_end_addr))'
Error: "sym_links/calc_sb.svh", 38: calc_tb_pkg: at time 26775000 ps
     26775 SB: Mismatch LOWER data at addr 0x118, Expected: 0x0, Got: 0x66cf10c
Error: "sym_links/calc_sb.svh", 41: calc_tb_pkg: at time 26775000 ps
     26775 SB: Mismatch UPPER data at addr 0x118, Expected: 0x0, Got: 0x9cfc7a39
     26775 SB: Second Read Addr: 0x118, Actual LOWER: 0x66cf10c UPPER: 0x9cfc7a39
Error: "sym_links/calc_sb.svh", 57: calc_tb_pkg: at time 26795000 ps
     26795 SB: Mismatch on WRITE LOWER data at addr 0xc2, Expected: 0x0, Got: 0x3544a269
Error: "sym_links/calc_sb.svh", 61: calc_tb_pkg: at time 26795000 ps
     26795 SB: Mismatch on WRITE UPPER data at addr 0xc2, Expected: 0x0, Got: 0xa3696b45
     26795 SB: Write Addr: 0xc2, Computed: 0x0+0x0=0x0, Actual LOWER: 0x3544a269 UPPER: 0xa3696b45
[DRIVER] Starting calculation with Read[0x69:0xa3] Write[0xbe:0xe1] at time 2680500
[DRIVER] Applying reset at time 2680500
[DRIVER] Reset released at time 2684500
     26865 SB: First Read Addr: 0x69, Expected LOWER: 0x14b02029 UPPER: 0x34f1405
Error: "sym_links/calc_sb.svh", 38: calc_tb_pkg: at time 26885000 ps
     26885 SB: Mismatch LOWER data at addr 0x6a, Expected: 0x14b02029, Got: 0xc0ddff81
Error: "sym_links/calc_sb.svh", 41: calc_tb_pkg: at time 26885000 ps
     26885 SB: Mismatch UPPER data at addr 0x6a, Expected: 0x34f1405, Got: 0xddff4fbb
     26885 SB: Second Read Addr: 0x6a, Actual LOWER: 0xc0ddff81 UPPER: 0xddff4fbb
Error: "sym_links/calc_sb.svh", 61: calc_tb_pkg: at time 26905000 ps
     26905 SB: Mismatch on WRITE UPPER data at addr 0xbe, Expected: 0x0, Got: 0x9edd4f3c
     26905 SB: Write Addr: 0xbe, Computed: 0x14b02029+0x34f1405=0x17ff342e, Actual LOWER: 0x17ff342e UPPER: 0x9edd4f3c
     26925 SB: First Read Addr: 0x6b, Expected LOWER: 0x3ccd2278 UPPER: 0xb2fb7b65
Error: "sym_links/calc_sb.svh", 38: calc_tb_pkg: at time 26945000 ps
     26945 SB: Mismatch LOWER data at addr 0x6c, Expected: 0x3ccd2278, Got: 0xcad47f94
Error: "sym_links/calc_sb.svh", 41: calc_tb_pkg: at time 26945000 ps
     26945 SB: Mismatch UPPER data at addr 0x6c, Expected: 0xb2fb7b65, Got: 0xf11ebde1
     26945 SB: Second Read Addr: 0x6c, Actual LOWER: 0xcad47f94 UPPER: 0xf11ebde1
Error: "sym_links/calc_sb.svh", 61: calc_tb_pkg: at time 26965000 ps
     26965 SB: Mismatch on WRITE UPPER data at addr 0xbf, Expected: 0x0, Got: 0xbbf33d75
     26965 SB: Write Addr: 0xbf, Computed: 0x3ccd2278+0xb2fb7b65=0xefc89ddd, Actual LOWER: 0xefc89ddd UPPER: 0xbbf33d75
     26985 SB: First Read Addr: 0x6d, Expected LOWER: 0xf07d71e0 UPPER: 0x115abe22
Error: "sym_links/calc_sb.svh", 38: calc_tb_pkg: at time 27005000 ps
     27005 SB: Mismatch LOWER data at addr 0x6e, Expected: 0xf07d71e0, Got: 0x2febe85f
Error: "sym_links/calc_sb.svh", 41: calc_tb_pkg: at time 27005000 ps
     27005 SB: Mismatch UPPER data at addr 0x6e, Expected: 0x115abe22, Got: 0x385fa46f
     27005 SB: Second Read Addr: 0x6e, Actual LOWER: 0x2febe85f UPPER: 0x385fa46f
Error: "sym_links/calc_sb.svh", 61: calc_tb_pkg: at time 27025000 ps
     27025 SB: Mismatch on WRITE UPPER data at addr 0xc0, Expected: 0x0, Got: 0x684b8cce
     27025 SB: Write Addr: 0xc0, Computed: 0xf07d71e0+0x115abe22=0x1d83002, Actual LOWER: 0x1d83002 UPPER: 0x684b8cce
     27045 SB: First Read Addr: 0x6f, Expected LOWER: 0x5bc648b6 UPPER: 0x96c41b2c
Error: "sym_links/calc_sb.svh", 38: calc_tb_pkg: at time 27065000 ps
     27065 SB: Mismatch LOWER data at addr 0x70, Expected: 0x5bc648b6, Got: 0x6d9d7cdb
Error: "sym_links/calc_sb.svh", 41: calc_tb_pkg: at time 27065000 ps
     27065 SB: Mismatch UPPER data at addr 0x70, Expected: 0x96c41b2c, Got: 0xafad455f
     27065 SB: Second Read Addr: 0x70, Actual LOWER: 0x6d9d7cdb UPPER: 0xafad455f
Error: "sym_links/calc_sb.svh", 61: calc_tb_pkg: at time 27085000 ps
     27085 SB: Mismatch on WRITE UPPER data at addr 0xc1, Expected: 0x0, Got: 0x1d4ac23a
     27085 SB: Write Addr: 0xc1, Computed: 0x5bc648b6+0x96c41b2c=0xf28a63e2, Actual LOWER: 0xf28a63e2 UPPER: 0x1d4ac23a
     27105 SB: First Read Addr: 0x71, Expected LOWER: 0x46d4ea8c UPPER: 0x2df6ce5b
Error: "sym_links/calc_sb.svh", 38: calc_tb_pkg: at time 27125000 ps
     27125 SB: Mismatch LOWER data at addr 0x72, Expected: 0x46d4ea8c, Got: 0x440a7a87
Error: "sym_links/calc_sb.svh", 41: calc_tb_pkg: at time 27125000 ps
     27125 SB: Mismatch UPPER data at addr 0x72, Expected: 0x2df6ce5b, Got: 0x6fdadedf
     27125 SB: Second Read Addr: 0x72, Actual LOWER: 0x440a7a87 UPPER: 0x6fdadedf
Error: "sym_links/calc_sb.svh", 61: calc_tb_pkg: at time 27145000 ps
     27145 SB: Mismatch on WRITE UPPER data at addr 0xc2, Expected: 0x0, Got: 0xb3e55966
     27145 SB: Write Addr: 0xc2, Computed: 0x46d4ea8c+0x2df6ce5b=0x74cbb8e7, Actual LOWER: 0x74cbb8e7 UPPER: 0xb3e55966
     27165 SB: First Read Addr: 0x73, Expected LOWER: 0xafe9415 UPPER: 0x711a1ee1
Error: "sym_links/calc_sb.svh", 38: calc_tb_pkg: at time 27185000 ps
     27185 SB: Mismatch LOWER data at addr 0x74, Expected: 0xafe9415, Got: 0x7afc22f5
Error: "sym_links/calc_sb.svh", 41: calc_tb_pkg: at time 27185000 ps
     27185 SB: Mismatch UPPER data at addr 0x74, Expected: 0x711a1ee1, Got: 0x3ba3b476
     27185 SB: Second Read Addr: 0x74, Actual LOWER: 0x7afc22f5 UPPER: 0x3ba3b476
Error: "sym_links/calc_sb.svh", 61: calc_tb_pkg: at time 27205000 ps
     27205 SB: Mismatch on WRITE UPPER data at addr 0xc3, Expected: 0x0, Got: 0xb69fd76b
     27205 SB: Write Addr: 0xc3, Computed: 0xafe9415+0x711a1ee1=0x7c18b2f6, Actual LOWER: 0x7c18b2f6 UPPER: 0xb69fd76b
     27225 SB: First Read Addr: 0x75, Expected LOWER: 0x27c08c4e UPPER: 0x86bd490d
Error: "sym_links/calc_sb.svh", 38: calc_tb_pkg: at time 27245000 ps
     27245 SB: Mismatch LOWER data at addr 0x76, Expected: 0x27c08c4e, Got: 0x46e3b48d
Error: "sym_links/calc_sb.svh", 41: calc_tb_pkg: at time 27245000 ps
     27245 SB: Mismatch UPPER data at addr 0x76, Expected: 0x86bd490d, Got: 0xacab0158
     27245 SB: Second Read Addr: 0x76, Actual LOWER: 0x46e3b48d UPPER: 0xacab0158
Error: "sym_links/calc_sb.svh", 61: calc_tb_pkg: at time 27265000 ps
     27265 SB: Mismatch on WRITE UPPER data at addr 0xc4, Expected: 0x0, Got: 0xf38eb5e5
     27265 SB: Write Addr: 0xc4, Computed: 0x27c08c4e+0x86bd490d=0xae7dd55b, Actual LOWER: 0xae7dd55b UPPER: 0xf38eb5e5
     27285 SB: First Read Addr: 0x77, Expected LOWER: 0x77c00aef UPPER: 0x9ed78f3d
Error: "sym_links/calc_sb.svh", 38: calc_tb_pkg: at time 27305000 ps
     27305 SB: Mismatch LOWER data at addr 0x78, Expected: 0x77c00aef, Got: 0x4dda729a
Error: "sym_links/calc_sb.svh", 41: calc_tb_pkg: at time 27305000 ps
     27305 SB: Mismatch UPPER data at addr 0x78, Expected: 0x9ed78f3d, Got: 0x7c0c00
     27305 SB: Second Read Addr: 0x78, Actual LOWER: 0x4dda729a UPPER: 0x7c0c00
Error: "sym_links/calc_sb.svh", 61: calc_tb_pkg: at time 27325000 ps
     27325 SB: Mismatch on WRITE UPPER data at addr 0xc5, Expected: 0x0, Got: 0x4e567e9a
     27325 SB: Write Addr: 0xc5, Computed: 0x77c00aef+0x9ed78f3d=0x16979a2c, Actual LOWER: 0x16979a2c UPPER: 0x4e567e9a
     27345 SB: First Read Addr: 0x79, Expected LOWER: 0x5ca520b UPPER: 0xfc82a1e
Error: "sym_links/calc_sb.svh", 38: calc_tb_pkg: at time 27365000 ps
     27365 SB: Mismatch LOWER data at addr 0x7a, Expected: 0x5ca520b, Got: 0x6543cfca
Error: "sym_links/calc_sb.svh", 41: calc_tb_pkg: at time 27365000 ps
     27365 SB: Mismatch UPPER data at addr 0x7a, Expected: 0xfc82a1e, Got: 0x54a879a9
     27365 SB: Second Read Addr: 0x7a, Actual LOWER: 0x6543cfca UPPER: 0x54a879a9
Error: "sym_links/calc_sb.svh", 61: calc_tb_pkg: at time 27385000 ps
     27385 SB: Mismatch on WRITE UPPER data at addr 0xc6, Expected: 0x0, Got: 0xb9ec4973
     27385 SB: Write Addr: 0xc6, Computed: 0x5ca520b+0xfc82a1e=0x15927c29, Actual LOWER: 0x15927c29 UPPER: 0xb9ec4973
     27405 SB: First Read Addr: 0x7b, Expected LOWER: 0x0 UPPER: 0x0
Error: "sym_links/calc_sb.svh", 38: calc_tb_pkg: at time 27425000 ps
     27425 SB: Mismatch LOWER data at addr 0x7c, Expected: 0x0, Got: 0xfd8b6afb
Error: "sym_links/calc_sb.svh", 41: calc_tb_pkg: at time 27425000 ps
     27425 SB: Mismatch UPPER data at addr 0x7c, Expected: 0x0, Got: 0x85e51e0b
     27425 SB: Second Read Addr: 0x7c, Actual LOWER: 0xfd8b6afb UPPER: 0x85e51e0b
Error: "sym_links/calc_sb.svh", 57: calc_tb_pkg: at time 27445000 ps
     27445 SB: Mismatch on WRITE LOWER data at addr 0xc7, Expected: 0x0, Got: 0x17fb522f
Error: "sym_links/calc_sb.svh", 61: calc_tb_pkg: at time 27445000 ps
     27445 SB: Mismatch on WRITE UPPER data at addr 0xc7, Expected: 0x0, Got: 0x83708906
     27445 SB: Write Addr: 0xc7, Computed: 0x0+0x0=0x0, Actual LOWER: 0x17fb522f UPPER: 0x83708906
     27465 SB: First Read Addr: 0x7d, Expected LOWER: 0x0 UPPER: 0x0
Error: "sym_links/calc_sb.svh", 38: calc_tb_pkg: at time 27485000 ps
     27485 SB: Mismatch LOWER data at addr 0x7e, Expected: 0x0, Got: 0x1b60e536
Error: "sym_links/calc_sb.svh", 41: calc_tb_pkg: at time 27485000 ps
     27485 SB: Mismatch UPPER data at addr 0x7e, Expected: 0x0, Got: 0xbab14875
     27485 SB: Second Read Addr: 0x7e, Actual LOWER: 0x1b60e536 UPPER: 0xbab14875
Error: "sym_links/calc_sb.svh", 57: calc_tb_pkg: at time 27505000 ps
     27505 SB: Mismatch on WRITE LOWER data at addr 0xc8, Expected: 0x0, Got: 0x5c4aceb8
Error: "sym_links/calc_sb.svh", 61: calc_tb_pkg: at time 27505000 ps
     27505 SB: Mismatch on WRITE UPPER data at addr 0xc8, Expected: 0x0, Got: 0xd6122dab
     27505 SB: Write Addr: 0xc8, Computed: 0x0+0x0=0x0, Actual LOWER: 0x5c4aceb8 UPPER: 0xd6122dab
     27525 SB: First Read Addr: 0x7f, Expected LOWER: 0x0 UPPER: 0x0
Error: "sym_links/calc_sb.svh", 38: calc_tb_pkg: at time 27545000 ps
     27545 SB: Mismatch LOWER data at addr 0x80, Expected: 0x0, Got: 0x4465e788
Error: "sym_links/calc_sb.svh", 41: calc_tb_pkg: at time 27545000 ps
     27545 SB: Mismatch UPPER data at addr 0x80, Expected: 0x0, Got: 0xd73fb4ae
     27545 SB: Second Read Addr: 0x80, Actual LOWER: 0x4465e788 UPPER: 0xd73fb4ae
Error: "sym_links/calc_sb.svh", 57: calc_tb_pkg: at time 27565000 ps
     27565 SB: Mismatch on WRITE LOWER data at addr 0xc9, Expected: 0x0, Got: 0xfdb615fa
Error: "sym_links/calc_sb.svh", 61: calc_tb_pkg: at time 27565000 ps
     27565 SB: Mismatch on WRITE UPPER data at addr 0xc9, Expected: 0x0, Got: 0x1ba59c36
     27565 SB: Write Addr: 0xc9, Computed: 0x0+0x0=0x0, Actual LOWER: 0xfdb615fa UPPER: 0x1ba59c36
     27585 SB: First Read Addr: 0x81, Expected LOWER: 0x0 UPPER: 0x0
Error: "sym_links/calc_sb.svh", 38: calc_tb_pkg: at time 27605000 ps
     27605 SB: Mismatch LOWER data at addr 0x82, Expected: 0x0, Got: 0x1444df28
Error: "sym_links/calc_sb.svh", 41: calc_tb_pkg: at time 27605000 ps
     27605 SB: Mismatch UPPER data at addr 0x82, Expected: 0x0, Got: 0x9684e02d
     27605 SB: Second Read Addr: 0x82, Actual LOWER: 0x1444df28 UPPER: 0x9684e02d
Error: "sym_links/calc_sb.svh", 57: calc_tb_pkg: at time 27625000 ps
     27625 SB: Mismatch on WRITE LOWER data at addr 0xca, Expected: 0x0, Got: 0x9731c72d
Error: "sym_links/calc_sb.svh", 61: calc_tb_pkg: at time 27625000 ps
     27625 SB: Mismatch on WRITE UPPER data at addr 0xca, Expected: 0x0, Got: 0xaac9bf55
     27625 SB: Write Addr: 0xca, Computed: 0x0+0x0=0x0, Actual LOWER: 0x9731c72d UPPER: 0xaac9bf55
     27645 SB: First Read Addr: 0x83, Expected LOWER: 0x0 UPPER: 0x0
Error: "sym_links/calc_sb.svh", 38: calc_tb_pkg: at time 27665000 ps
     27665 SB: Mismatch LOWER data at addr 0x84, Expected: 0x0, Got: 0x8f1cf61e
Error: "sym_links/calc_sb.svh", 41: calc_tb_pkg: at time 27665000 ps
     27665 SB: Mismatch UPPER data at addr 0x84, Expected: 0x0, Got: 0x6b3050d
     27665 SB: Second Read Addr: 0x84, Actual LOWER: 0x8f1cf61e UPPER: 0x6b3050d
Error: "sym_links/calc_sb.svh", 57: calc_tb_pkg: at time 27685000 ps
     27685 SB: Mismatch on WRITE LOWER data at addr 0xcb, Expected: 0x0, Got: 0x721100d
Error: "sym_links/calc_sb.svh", 61: calc_tb_pkg: at time 27685000 ps
     27685 SB: Mismatch on WRITE UPPER data at addr 0xcb, Expected: 0x0, Got: 0x95cffb2b
     27685 SB: Write Addr: 0xcb, Computed: 0x0+0x0=0x0, Actual LOWER: 0x721100d UPPER: 0x95cffb2b
     27705 SB: First Read Addr: 0x85, Expected LOWER: 0x0 UPPER: 0x0
Error: "sym_links/calc_sb.svh", 38: calc_tb_pkg: at time 27725000 ps
     27725 SB: Mismatch LOWER data at addr 0x86, Expected: 0x0, Got: 0x68ae1bd1
Error: "sym_links/calc_sb.svh", 41: calc_tb_pkg: at time 27725000 ps
     27725 SB: Mismatch UPPER data at addr 0x86, Expected: 0x0, Got: 0xc3761c86
     27725 SB: Second Read Addr: 0x86, Actual LOWER: 0x68ae1bd1 UPPER: 0xc3761c86
Error: "sym_links/calc_sb.svh", 57: calc_tb_pkg: at time 27745000 ps
     27745 SB: Mismatch on WRITE LOWER data at addr 0xcc, Expected: 0x0, Got: 0x827d9b04
Error: "sym_links/calc_sb.svh", 61: calc_tb_pkg: at time 27745000 ps
     27745 SB: Mismatch on WRITE UPPER data at addr 0xcc, Expected: 0x0, Got: 0x2c243857
     27745 SB: Write Addr: 0xcc, Computed: 0x0+0x0=0x0, Actual LOWER: 0x827d9b04 UPPER: 0x2c243857
     27765 SB: First Read Addr: 0x87, Expected LOWER: 0x0 UPPER: 0x0
Error: "sym_links/calc_sb.svh", 38: calc_tb_pkg: at time 27785000 ps
     27785 SB: Mismatch LOWER data at addr 0x88, Expected: 0x0, Got: 0x6c44f9d8
Error: "sym_links/calc_sb.svh", 41: calc_tb_pkg: at time 27785000 ps
     27785 SB: Mismatch UPPER data at addr 0x88, Expected: 0x0, Got: 0x29efe953
     27785 SB: Second Read Addr: 0x88, Actual LOWER: 0x6c44f9d8 UPPER: 0x29efe953
Error: "sym_links/calc_sb.svh", 57: calc_tb_pkg: at time 27805000 ps
     27805 SB: Mismatch on WRITE LOWER data at addr 0xcd, Expected: 0x0, Got: 0x3e7f887c
Error: "sym_links/calc_sb.svh", 61: calc_tb_pkg: at time 27805000 ps
     27805 SB: Mismatch on WRITE UPPER data at addr 0xcd, Expected: 0x0, Got: 0x9634e32b
     27805 SB: Write Addr: 0xcd, Computed: 0x0+0x0=0x0, Actual LOWER: 0x3e7f887c UPPER: 0x9634e32b
     27825 SB: First Read Addr: 0x89, Expected LOWER: 0x0 UPPER: 0x0
Error: "sym_links/calc_sb.svh", 38: calc_tb_pkg: at time 27845000 ps
     27845 SB: Mismatch LOWER data at addr 0x8a, Expected: 0x0, Got: 0xf166fae2
Error: "sym_links/calc_sb.svh", 41: calc_tb_pkg: at time 27845000 ps
     27845 SB: Mismatch UPPER data at addr 0x8a, Expected: 0x0, Got: 0x8273e204
     27845 SB: Second Read Addr: 0x8a, Actual LOWER: 0xf166fae2 UPPER: 0x8273e204
Error: "sym_links/calc_sb.svh", 57: calc_tb_pkg: at time 27865000 ps
     27865 SB: Mismatch on WRITE LOWER data at addr 0xce, Expected: 0x0, Got: 0x58c584b1
Error: "sym_links/calc_sb.svh", 61: calc_tb_pkg: at time 27865000 ps
     27865 SB: Mismatch on WRITE UPPER data at addr 0xce, Expected: 0x0, Got: 0x73dadce6
     27865 SB: Write Addr: 0xce, Computed: 0x0+0x0=0x0, Actual LOWER: 0x58c584b1 UPPER: 0x73dadce6
     27885 SB: First Read Addr: 0x8b, Expected LOWER: 0x0 UPPER: 0x0
Error: "sym_links/calc_sb.svh", 38: calc_tb_pkg: at time 27905000 ps
     27905 SB: Mismatch LOWER data at addr 0x8c, Expected: 0x0, Got: 0x93e4d12
Error: "sym_links/calc_sb.svh", 41: calc_tb_pkg: at time 27905000 ps
     27905 SB: Mismatch UPPER data at addr 0x8c, Expected: 0x0, Got: 0xdc0344b8
     27905 SB: Second Read Addr: 0x8c, Actual LOWER: 0x93e4d12 UPPER: 0xdc0344b8
Error: "sym_links/calc_sb.svh", 57: calc_tb_pkg: at time 27925000 ps
     27925 SB: Mismatch on WRITE LOWER data at addr 0xcf, Expected: 0x0, Got: 0x25fcb84b
Error: "sym_links/calc_sb.svh", 61: calc_tb_pkg: at time 27925000 ps
     27925 SB: Mismatch on WRITE UPPER data at addr 0xcf, Expected: 0x0, Got: 0xe54191ca
     27925 SB: Write Addr: 0xcf, Computed: 0x0+0x0=0x0, Actual LOWER: 0x25fcb84b UPPER: 0xe54191ca
     27945 SB: First Read Addr: 0x8d, Expected LOWER: 0x0 UPPER: 0x0
Error: "sym_links/calc_sb.svh", 38: calc_tb_pkg: at time 27965000 ps
     27965 SB: Mismatch LOWER data at addr 0x8e, Expected: 0x0, Got: 0xd0c5dca1
Error: "sym_links/calc_sb.svh", 41: calc_tb_pkg: at time 27965000 ps
     27965 SB: Mismatch UPPER data at addr 0x8e, Expected: 0x0, Got: 0x15890f2b
     27965 SB: Second Read Addr: 0x8e, Actual LOWER: 0xd0c5dca1 UPPER: 0x15890f2b
Error: "sym_links/calc_sb.svh", 57: calc_tb_pkg: at time 27985000 ps
     27985 SB: Mismatch on WRITE LOWER data at addr 0xd0, Expected: 0x0, Got: 0x8f08c91e
Error: "sym_links/calc_sb.svh", 61: calc_tb_pkg: at time 27985000 ps
     27985 SB: Mismatch on WRITE UPPER data at addr 0xd0, Expected: 0x0, Got: 0xe64eebcc
     27985 SB: Write Addr: 0xd0, Computed: 0x0+0x0=0x0, Actual LOWER: 0x8f08c91e UPPER: 0xe64eebcc
     28005 SB: First Read Addr: 0x8f, Expected LOWER: 0x0 UPPER: 0x0
Error: "sym_links/calc_sb.svh", 38: calc_tb_pkg: at time 28025000 ps
     28025 SB: Mismatch LOWER data at addr 0x90, Expected: 0x0, Got: 0x13b55527
Error: "sym_links/calc_sb.svh", 41: calc_tb_pkg: at time 28025000 ps
     28025 SB: Mismatch UPPER data at addr 0x90, Expected: 0x0, Got: 0x50d5f9a1
     28025 SB: Second Read Addr: 0x90, Actual LOWER: 0x13b55527 UPPER: 0x50d5f9a1
Error: "sym_links/calc_sb.svh", 57: calc_tb_pkg: at time 28045000 ps
     28045 SB: Mismatch on WRITE LOWER data at addr 0xd1, Expected: 0x0, Got: 0xa4abe349
Error: "sym_links/calc_sb.svh", 61: calc_tb_pkg: at time 28045000 ps
     28045 SB: Mismatch on WRITE UPPER data at addr 0xd1, Expected: 0x0, Got: 0x648b4ec8
     28045 SB: Write Addr: 0xd1, Computed: 0x0+0x0=0x0, Actual LOWER: 0xa4abe349 UPPER: 0x648b4ec8
     28065 SB: First Read Addr: 0x91, Expected LOWER: 0x0 UPPER: 0x0
Error: "sym_links/calc_sb.svh", 38: calc_tb_pkg: at time 28085000 ps
     28085 SB: Mismatch LOWER data at addr 0x92, Expected: 0x0, Got: 0x2c2d2358
Error: "sym_links/calc_sb.svh", 41: calc_tb_pkg: at time 28085000 ps
     28085 SB: Mismatch UPPER data at addr 0x92, Expected: 0x0, Got: 0xcb5c8096
     28085 SB: Second Read Addr: 0x92, Actual LOWER: 0x2c2d2358 UPPER: 0xcb5c8096
Error: "sym_links/calc_sb.svh", 57: calc_tb_pkg: at time 28105000 ps
     28105 SB: Mismatch on WRITE LOWER data at addr 0xd2, Expected: 0x0, Got: 0x11aea823
Error: "sym_links/calc_sb.svh", 61: calc_tb_pkg: at time 28105000 ps
     28105 SB: Mismatch on WRITE UPPER data at addr 0xd2, Expected: 0x0, Got: 0xf789a3ee
     28105 SB: Write Addr: 0xd2, Computed: 0x0+0x0=0x0, Actual LOWER: 0x11aea823 UPPER: 0xf789a3ee
     28125 SB: First Read Addr: 0x93, Expected LOWER: 0x0 UPPER: 0x0
Error: "sym_links/calc_sb.svh", 38: calc_tb_pkg: at time 28145000 ps
     28145 SB: Mismatch LOWER data at addr 0x94, Expected: 0x0, Got: 0xcb227096
Error: "sym_links/calc_sb.svh", 41: calc_tb_pkg: at time 28145000 ps
     28145 SB: Mismatch UPPER data at addr 0x94, Expected: 0x0, Got: 0xd8ace2b1
     28145 SB: Second Read Addr: 0x94, Actual LOWER: 0xcb227096 UPPER: 0xd8ace2b1
Error: "sym_links/calc_sb.svh", 57: calc_tb_pkg: at time 28165000 ps
     28165 SB: Mismatch on WRITE LOWER data at addr 0xd3, Expected: 0x0, Got: 0x93884726
Error: "sym_links/calc_sb.svh", 61: calc_tb_pkg: at time 28165000 ps
     28165 SB: Mismatch on WRITE UPPER data at addr 0xd3, Expected: 0x0, Got: 0xa3cf5347
     28165 SB: Write Addr: 0xd3, Computed: 0x0+0x0=0x0, Actual LOWER: 0x93884726 UPPER: 0xa3cf5347
     28185 SB: First Read Addr: 0x95, Expected LOWER: 0x0 UPPER: 0x0
Error: "sym_links/calc_sb.svh", 38: calc_tb_pkg: at time 28205000 ps
     28205 SB: Mismatch LOWER data at addr 0x96, Expected: 0x0, Got: 0x158b2b2b
Error: "sym_links/calc_sb.svh", 41: calc_tb_pkg: at time 28205000 ps
     28205 SB: Mismatch UPPER data at addr 0x96, Expected: 0x0, Got: 0x7ab11bf5
     28205 SB: Second Read Addr: 0x96, Actual LOWER: 0x158b2b2b UPPER: 0x7ab11bf5
Error: "sym_links/calc_sb.svh", 57: calc_tb_pkg: at time 28225000 ps
     28225 SB: Mismatch on WRITE LOWER data at addr 0xd4, Expected: 0x0, Got: 0x21866442
Error: "sym_links/calc_sb.svh", 61: calc_tb_pkg: at time 28225000 ps
     28225 SB: Mismatch on WRITE UPPER data at addr 0xd4, Expected: 0x0, Got: 0x903c4720
     28225 SB: Write Addr: 0xd4, Computed: 0x0+0x0=0x0, Actual LOWER: 0x21866442 UPPER: 0x903c4720
     28245 SB: First Read Addr: 0x97, Expected LOWER: 0x0 UPPER: 0x0
Error: "sym_links/calc_sb.svh", 38: calc_tb_pkg: at time 28265000 ps
     28265 SB: Mismatch LOWER data at addr 0x98, Expected: 0x0, Got: 0x4249ff84
Error: "sym_links/calc_sb.svh", 41: calc_tb_pkg: at time 28265000 ps
     28265 SB: Mismatch UPPER data at addr 0x98, Expected: 0x0, Got: 0xd3a8e4a7
     28265 SB: Second Read Addr: 0x98, Actual LOWER: 0x4249ff84 UPPER: 0xd3a8e4a7
Error: "sym_links/calc_sb.svh", 57: calc_tb_pkg: at time 28285000 ps
     28285 SB: Mismatch on WRITE LOWER data at addr 0xd5, Expected: 0x0, Got: 0xea7525d4
Error: "sym_links/calc_sb.svh", 61: calc_tb_pkg: at time 28285000 ps
     28285 SB: Mismatch on WRITE UPPER data at addr 0xd5, Expected: 0x0, Got: 0x15f2e42b
     28285 SB: Write Addr: 0xd5, Computed: 0x0+0x0=0x0, Actual LOWER: 0xea7525d4 UPPER: 0x15f2e42b
     28305 SB: First Read Addr: 0x99, Expected LOWER: 0x0 UPPER: 0x0
Error: "sym_links/calc_sb.svh", 38: calc_tb_pkg: at time 28325000 ps
     28325 SB: Mismatch LOWER data at addr 0x9a, Expected: 0x0, Got: 0xa4da5649
Error: "sym_links/calc_sb.svh", 41: calc_tb_pkg: at time 28325000 ps
     28325 SB: Mismatch UPPER data at addr 0x9a, Expected: 0x0, Got: 0x6de5bbdb
     28325 SB: Second Read Addr: 0x9a, Actual LOWER: 0xa4da5649 UPPER: 0x6de5bbdb
Error: "sym_links/calc_sb.svh", 57: calc_tb_pkg: at time 28345000 ps
     28345 SB: Mismatch on WRITE LOWER data at addr 0xd6, Expected: 0x0, Got: 0xd0c737a0
Error: "sym_links/calc_sb.svh", 61: calc_tb_pkg: at time 28345000 ps
     28345 SB: Mismatch on WRITE UPPER data at addr 0xd6, Expected: 0x0, Got: 0x12c01224
     28345 SB: Write Addr: 0xd6, Computed: 0x0+0x0=0x0, Actual LOWER: 0xd0c737a0 UPPER: 0x12c01224
     28365 SB: First Read Addr: 0x9b, Expected LOWER: 0x0 UPPER: 0x0
Error: "sym_links/calc_sb.svh", 38: calc_tb_pkg: at time 28385000 ps
     28385 SB: Mismatch LOWER data at addr 0x9c, Expected: 0x0, Got: 0xd0bc5ea1
Error: "sym_links/calc_sb.svh", 41: calc_tb_pkg: at time 28385000 ps
     28385 SB: Mismatch UPPER data at addr 0x9c, Expected: 0x0, Got: 0x1546dd2a
     28385 SB: Second Read Addr: 0x9c, Actual LOWER: 0xd0bc5ea1 UPPER: 0x1546dd2a
Error: "sym_links/calc_sb.svh", 57: calc_tb_pkg: at time 28405000 ps
     28405 SB: Mismatch on WRITE LOWER data at addr 0xd7, Expected: 0x0, Got: 0x8d3dc11a
Error: "sym_links/calc_sb.svh", 61: calc_tb_pkg: at time 28405000 ps
     28405 SB: Mismatch on WRITE UPPER data at addr 0xd7, Expected: 0x0, Got: 0xe6033bcb
     28405 SB: Write Addr: 0xd7, Computed: 0x0+0x0=0x0, Actual LOWER: 0x8d3dc11a UPPER: 0xe6033bcb
     28425 SB: First Read Addr: 0x9d, Expected LOWER: 0x0 UPPER: 0x0
Error: "sym_links/calc_sb.svh", 38: calc_tb_pkg: at time 28445000 ps
     28445 SB: Mismatch LOWER data at addr 0x9e, Expected: 0x0, Got: 0x41a10583
Error: "sym_links/calc_sb.svh", 41: calc_tb_pkg: at time 28445000 ps
     28445 SB: Mismatch UPPER data at addr 0x9e, Expected: 0x0, Got: 0xbe75427c
     28445 SB: Second Read Addr: 0x9e, Actual LOWER: 0x41a10583 UPPER: 0xbe75427c
Error: "sym_links/calc_sb.svh", 57: calc_tb_pkg: at time 28465000 ps
     28465 SB: Mismatch on WRITE LOWER data at addr 0xd8, Expected: 0x0, Got: 0x2010663f
Error: "sym_links/calc_sb.svh", 61: calc_tb_pkg: at time 28465000 ps
     28465 SB: Mismatch on WRITE UPPER data at addr 0xd8, Expected: 0x0, Got: 0x1647ff
     28465 SB: Write Addr: 0xd8, Computed: 0x0+0x0=0x0, Actual LOWER: 0x2010663f UPPER: 0x1647ff
     28485 SB: First Read Addr: 0x9f, Expected LOWER: 0x0 UPPER: 0x0
Error: "sym_links/calc_sb.svh", 38: calc_tb_pkg: at time 28505000 ps
     28505 SB: Mismatch LOWER data at addr 0xa0, Expected: 0x0, Got: 0xb455f268
Error: "sym_links/calc_sb.svh", 41: calc_tb_pkg: at time 28505000 ps
     28505 SB: Mismatch UPPER data at addr 0xa0, Expected: 0x0, Got: 0xb7dfaa6f
     28505 SB: Second Read Addr: 0xa0, Actual LOWER: 0xb455f268 UPPER: 0xb7dfaa6f
Error: "sym_links/calc_sb.svh", 57: calc_tb_pkg: at time 28525000 ps
     28525 SB: Mismatch on WRITE LOWER data at addr 0xd9, Expected: 0x0, Got: 0xb8955170
Error: "sym_links/calc_sb.svh", 61: calc_tb_pkg: at time 28525000 ps
     28525 SB: Mismatch on WRITE UPPER data at addr 0xd9, Expected: 0x0, Got: 0x6c359cd7
     28525 SB: Write Addr: 0xd9, Computed: 0x0+0x0=0x0, Actual LOWER: 0xb8955170 UPPER: 0x6c359cd7
     28545 SB: First Read Addr: 0xa1, Expected LOWER: 0x0 UPPER: 0x0
Error: "sym_links/calc_sb.svh", 38: calc_tb_pkg: at time 28565000 ps
     28565 SB: Mismatch LOWER data at addr 0xa2, Expected: 0x0, Got: 0x6ffe40d
Error: "sym_links/calc_sb.svh", 41: calc_tb_pkg: at time 28565000 ps
     28565 SB: Mismatch UPPER data at addr 0xa2, Expected: 0x0, Got: 0x93492725
     28565 SB: Second Read Addr: 0xa2, Actual LOWER: 0x6ffe40d UPPER: 0x93492725
Error: "sym_links/calc_sb.svh", 57: calc_tb_pkg: at time 28585000 ps
     28585 SB: Mismatch on WRITE LOWER data at addr 0xda, Expected: 0x0, Got: 0xbb692f76
Error: "sym_links/calc_sb.svh", 61: calc_tb_pkg: at time 28585000 ps
     28585 SB: Mismatch on WRITE UPPER data at addr 0xda, Expected: 0x0, Got: 0x9a490b32
     28585 SB: Write Addr: 0xda, Computed: 0x0+0x0=0x0, Actual LOWER: 0xbb692f76 UPPER: 0x9a490b32
     28605 SB: First Read Addr: 0xa3, Expected LOWER: 0x5f6646be UPPER: 0xb2372764
"sym_links/calc_tb_top.sv", 336: calc_tb_top.VALID_INPUT_ADDRESS: started at 28615000ps failed at 28615000ps
	Offending '((calc_tb_top.calc_if.curr_rd_addr >= calc_tb_top.calc_if.read_start_addr) && (calc_tb_top.calc_if.curr_rd_addr <= calc_tb_top.calc_if.read_end_addr))'
Error: "sym_links/calc_sb.svh", 38: calc_tb_pkg: at time 28625000 ps
     28625 SB: Mismatch LOWER data at addr 0xa4, Expected: 0x5f6646be, Got: 0x32fe1c64
Error: "sym_links/calc_sb.svh", 41: calc_tb_pkg: at time 28625000 ps
     28625 SB: Mismatch UPPER data at addr 0xa4, Expected: 0xb2372764, Got: 0x14b02029
     28625 SB: Second Read Addr: 0xa4, Actual LOWER: 0x32fe1c64 UPPER: 0x14b02029
Error: "sym_links/calc_sb.svh", 61: calc_tb_pkg: at time 28645000 ps
     28645 SB: Mismatch on WRITE UPPER data at addr 0xdb, Expected: 0x0, Got: 0x47ae3c8d
     28645 SB: Write Addr: 0xdb, Computed: 0x5f6646be+0xb2372764=0x119d6e22, Actual LOWER: 0x119d6e22 UPPER: 0x47ae3c8d
[DRIVER] Starting calculation with Read[0x18e:0x1a0] Write[0xd4:0x10f] at time 2867500
[DRIVER] Applying reset at time 2867500
[DRIVER] Reset released at time 2871500
     28735 SB: First Read Addr: 0x18e, Expected LOWER: 0x0 UPPER: 0x0
Error: "sym_links/calc_sb.svh", 38: calc_tb_pkg: at time 28755000 ps
     28755 SB: Mismatch LOWER data at addr 0x18f, Expected: 0x0, Got: 0x581653b0
Error: "sym_links/calc_sb.svh", 41: calc_tb_pkg: at time 28755000 ps
     28755 SB: Mismatch UPPER data at addr 0x18f, Expected: 0x0, Got: 0xfddf82fb
     28755 SB: Second Read Addr: 0x18f, Actual LOWER: 0x581653b0 UPPER: 0xfddf82fb
Error: "sym_links/calc_sb.svh", 57: calc_tb_pkg: at time 28775000 ps
     28775 SB: Mismatch on WRITE LOWER data at addr 0xd4, Expected: 0x0, Got: 0x683fc0d0
Error: "sym_links/calc_sb.svh", 61: calc_tb_pkg: at time 28775000 ps
     28775 SB: Mismatch on WRITE UPPER data at addr 0xd4, Expected: 0x0, Got: 0x55f5d6ab
     28775 SB: Write Addr: 0xd4, Computed: 0x0+0x0=0x0, Actual LOWER: 0x683fc0d0 UPPER: 0x55f5d6ab
     28795 SB: First Read Addr: 0x190, Expected LOWER: 0x0 UPPER: 0x0
Error: "sym_links/calc_sb.svh", 38: calc_tb_pkg: at time 28815000 ps
     28815 SB: Mismatch LOWER data at addr 0x191, Expected: 0x0, Got: 0x8c38c418
Error: "sym_links/calc_sb.svh", 41: calc_tb_pkg: at time 28815000 ps
     28815 SB: Mismatch UPPER data at addr 0x191, Expected: 0x0, Got: 0xee8118dd
     28815 SB: Second Read Addr: 0x191, Actual LOWER: 0x8c38c418 UPPER: 0xee8118dd
Error: "sym_links/calc_sb.svh", 57: calc_tb_pkg: at time 28835000 ps
     28835 SB: Mismatch on WRITE LOWER data at addr 0xd5, Expected: 0x0, Got: 0xbfdb617f
Error: "sym_links/calc_sb.svh", 61: calc_tb_pkg: at time 28835000 ps
     28835 SB: Mismatch on WRITE UPPER data at addr 0xd5, Expected: 0x0, Got: 0x7ab9dcf5
     28835 SB: Write Addr: 0xd5, Computed: 0x0+0x0=0x0, Actual LOWER: 0xbfdb617f UPPER: 0x7ab9dcf5
     28855 SB: First Read Addr: 0x192, Expected LOWER: 0x0 UPPER: 0x0
Error: "sym_links/calc_sb.svh", 38: calc_tb_pkg: at time 28875000 ps
     28875 SB: Mismatch LOWER data at addr 0x193, Expected: 0x0, Got: 0xac974859
Error: "sym_links/calc_sb.svh", 41: calc_tb_pkg: at time 28875000 ps
     28875 SB: Mismatch UPPER data at addr 0x193, Expected: 0x0, Got: 0x2af17355
     28875 SB: Second Read Addr: 0x193, Actual LOWER: 0xac974859 UPPER: 0x2af17355
Error: "sym_links/calc_sb.svh", 57: calc_tb_pkg: at time 28895000 ps
     28895 SB: Mismatch on WRITE LOWER data at addr 0xd6, Expected: 0x0, Got: 0xd44cf7a7
Error: "sym_links/calc_sb.svh", 61: calc_tb_pkg: at time 28895000 ps
     28895 SB: Mismatch on WRITE UPPER data at addr 0xd6, Expected: 0x0, Got: 0xd788bbae
     28895 SB: Write Addr: 0xd6, Computed: 0x0+0x0=0x0, Actual LOWER: 0xd44cf7a7 UPPER: 0xd788bbae
     28915 SB: First Read Addr: 0x194, Expected LOWER: 0x0 UPPER: 0x0
Error: "sym_links/calc_sb.svh", 38: calc_tb_pkg: at time 28935000 ps
     28935 SB: Mismatch LOWER data at addr 0x195, Expected: 0x0, Got: 0xef1deade
Error: "sym_links/calc_sb.svh", 41: calc_tb_pkg: at time 28935000 ps
     28935 SB: Mismatch UPPER data at addr 0x195, Expected: 0x0, Got: 0xe9d22cd3
     28935 SB: Second Read Addr: 0x195, Actual LOWER: 0xef1deade UPPER: 0xe9d22cd3
Error: "sym_links/calc_sb.svh", 57: calc_tb_pkg: at time 28955000 ps
     28955 SB: Mismatch on WRITE LOWER data at addr 0xd7, Expected: 0x0, Got: 0x9d59e73a
Error: "sym_links/calc_sb.svh", 61: calc_tb_pkg: at time 28955000 ps
     28955 SB: Mismatch on WRITE UPPER data at addr 0xd7, Expected: 0x0, Got: 0xd8f017b1
     28955 SB: Write Addr: 0xd7, Computed: 0x0+0x0=0x0, Actual LOWER: 0x9d59e73a UPPER: 0xd8f017b1
     28975 SB: First Read Addr: 0x196, Expected LOWER: 0x0 UPPER: 0x0
Error: "sym_links/calc_sb.svh", 38: calc_tb_pkg: at time 28995000 ps
     28995 SB: Mismatch LOWER data at addr 0x197, Expected: 0x0, Got: 0x2c577958
Error: "sym_links/calc_sb.svh", 41: calc_tb_pkg: at time 28995000 ps
     28995 SB: Mismatch UPPER data at addr 0x197, Expected: 0x0, Got: 0x6aa4a1d5
     28995 SB: Second Read Addr: 0x197, Actual LOWER: 0x2c577958 UPPER: 0x6aa4a1d5
Error: "sym_links/calc_sb.svh", 57: calc_tb_pkg: at time 29015000 ps
     29015 SB: Mismatch on WRITE LOWER data at addr 0xd8, Expected: 0x0, Got: 0x89221b11
Error: "sym_links/calc_sb.svh", 61: calc_tb_pkg: at time 29015000 ps
     29015 SB: Mismatch on WRITE UPPER data at addr 0xd8, Expected: 0x0, Got: 0x96fc1b2d
     29015 SB: Write Addr: 0xd8, Computed: 0x0+0x0=0x0, Actual LOWER: 0x89221b11 UPPER: 0x96fc1b2d
     29035 SB: First Read Addr: 0x198, Expected LOWER: 0x0 UPPER: 0x0
Error: "sym_links/calc_sb.svh", 38: calc_tb_pkg: at time 29055000 ps
     29055 SB: Mismatch LOWER data at addr 0x199, Expected: 0x0, Got: 0x52397da4
Error: "sym_links/calc_sb.svh", 41: calc_tb_pkg: at time 29055000 ps
     29055 SB: Mismatch UPPER data at addr 0x199, Expected: 0x0, Got: 0x3f25ef7e
     29055 SB: Second Read Addr: 0x199, Actual LOWER: 0x52397da4 UPPER: 0x3f25ef7e
Error: "sym_links/calc_sb.svh", 57: calc_tb_pkg: at time 29075000 ps
     29075 SB: Mismatch on WRITE LOWER data at addr 0xd9, Expected: 0x0, Got: 0xcc07f997
Error: "sym_links/calc_sb.svh", 61: calc_tb_pkg: at time 29075000 ps
     29075 SB: Mismatch on WRITE UPPER data at addr 0xd9, Expected: 0x0, Got: 0x915f6d22
     29075 SB: Write Addr: 0xd9, Computed: 0x0+0x0=0x0, Actual LOWER: 0xcc07f997 UPPER: 0x915f6d22
     29095 SB: First Read Addr: 0x19a, Expected LOWER: 0x0 UPPER: 0x0
Error: "sym_links/calc_sb.svh", 38: calc_tb_pkg: at time 29115000 ps
     29115 SB: Mismatch LOWER data at addr 0x19b, Expected: 0x0, Got: 0xc1b04483
Error: "sym_links/calc_sb.svh", 41: calc_tb_pkg: at time 29115000 ps
     29115 SB: Mismatch UPPER data at addr 0x19b, Expected: 0x0, Got: 0x506aefa0
     29115 SB: Second Read Addr: 0x19b, Actual LOWER: 0xc1b04483 UPPER: 0x506aefa0
Error: "sym_links/calc_sb.svh", 57: calc_tb_pkg: at time 29135000 ps
     29135 SB: Mismatch on WRITE LOWER data at addr 0xda, Expected: 0x0, Got: 0xf31865e5
Error: "sym_links/calc_sb.svh", 61: calc_tb_pkg: at time 29135000 ps
     29135 SB: Mismatch on WRITE UPPER data at addr 0xda, Expected: 0x0, Got: 0x121b3423
     29135 SB: Write Addr: 0xda, Computed: 0x0+0x0=0x0, Actual LOWER: 0xf31865e5 UPPER: 0x121b3423
     29155 SB: First Read Addr: 0x19c, Expected LOWER: 0x0 UPPER: 0x0
Error: "sym_links/calc_sb.svh", 38: calc_tb_pkg: at time 29175000 ps
     29175 SB: Mismatch LOWER data at addr 0x19d, Expected: 0x0, Got: 0x22eadb45
Error: "sym_links/calc_sb.svh", 41: calc_tb_pkg: at time 29175000 ps
     29175 SB: Mismatch UPPER data at addr 0x19d, Expected: 0x0, Got: 0xbbbc3e77
     29175 SB: Second Read Addr: 0x19d, Actual LOWER: 0x22eadb45 UPPER: 0xbbbc3e77
Error: "sym_links/calc_sb.svh", 57: calc_tb_pkg: at time 29195000 ps
     29195 SB: Mismatch on WRITE LOWER data at addr 0xdb, Expected: 0x0, Got: 0x20f2d041
Error: "sym_links/calc_sb.svh", 61: calc_tb_pkg: at time 29195000 ps
     29195 SB: Mismatch on WRITE UPPER data at addr 0xdb, Expected: 0x0, Got: 0xdea719bc
     29195 SB: Write Addr: 0xdb, Computed: 0x0+0x0=0x0, Actual LOWER: 0x20f2d041 UPPER: 0xdea719bc
     29215 SB: First Read Addr: 0x19e, Expected LOWER: 0x4e424124 UPPER: 0xc8a22dd4
Error: "sym_links/calc_sb.svh", 38: calc_tb_pkg: at time 29235000 ps
     29235 SB: Mismatch LOWER data at addr 0x19f, Expected: 0x4e424124, Got: 0xd530a19
Error: "sym_links/calc_sb.svh", 41: calc_tb_pkg: at time 29235000 ps
     29235 SB: Mismatch UPPER data at addr 0x19f, Expected: 0xc8a22dd4, Got: 0x423b7682
     29235 SB: Second Read Addr: 0x19f, Actual LOWER: 0xd530a19 UPPER: 0x423b7682
Error: "sym_links/calc_sb.svh", 61: calc_tb_pkg: at time 29255000 ps
     29255 SB: Mismatch on WRITE UPPER data at addr 0xdc, Expected: 0x0, Got: 0x4f8e809b
     29255 SB: Write Addr: 0xdc, Computed: 0x4e424124+0xc8a22dd4=0x16e46ef8, Actual LOWER: 0x16e46ef8 UPPER: 0x4f8e809b
     29275 SB: First Read Addr: 0x1a0, Expected LOWER: 0xdbaee1a UPPER: 0x8b288115
"sym_links/calc_tb_top.sv", 336: calc_tb_top.VALID_INPUT_ADDRESS: started at 29285000ps failed at 29285000ps
	Offending '((calc_tb_top.calc_if.curr_rd_addr >= calc_tb_top.calc_if.read_start_addr) && (calc_tb_top.calc_if.curr_rd_addr <= calc_tb_top.calc_if.read_end_addr))'
Error: "sym_links/calc_sb.svh", 38: calc_tb_pkg: at time 29295000 ps
     29295 SB: Mismatch LOWER data at addr 0x1a1, Expected: 0xdbaee1a, Got: 0x31f43862
Error: "sym_links/calc_sb.svh", 41: calc_tb_pkg: at time 29295000 ps
     29295 SB: Mismatch UPPER data at addr 0x1a1, Expected: 0x8b288115, Got: 0xf9be85f2
     29295 SB: Second Read Addr: 0x1a1, Actual LOWER: 0x31f43862 UPPER: 0xf9be85f2
Error: "sym_links/calc_sb.svh", 61: calc_tb_pkg: at time 29315000 ps
     29315 SB: Mismatch on WRITE UPPER data at addr 0xdd, Expected: 0x0, Got: 0x2bb2be54
     29315 SB: Write Addr: 0xdd, Computed: 0xdbaee1a+0x8b288115=0x98e36f2f, Actual LOWER: 0x98e36f2f UPPER: 0x2bb2be54
✓ Randomized testing PASSED
Test case 4 - FSM reset during different states
[DRIVER] Initializing SRAM A at addr 0x32 with data 0x12345678 at time 3133500
[DRIVER] SRAM A initialization complete at time 3133500
[DRIVER] Initializing SRAM B at addr 0x32 with data 0x87654321 at time 3134500
[DRIVER] SRAM B initialization complete at time 3134500
[DRIVER] Initializing SRAM A at addr 0x33 with data 0xaabbccdd at time 3135500
[DRIVER] SRAM A initialization complete at time 3135500
[DRIVER] Initializing SRAM B at addr 0x33 with data 0xddccbbaa at time 3136500
[DRIVER] SRAM B initialization complete at time 3136500
[DRIVER] Starting calculation with Read[0x32:0x32] Write[0x3c:0x3c] at time 3136500
[DRIVER] Applying reset at time 3136500
"sym_links/calc_tb_top.sv", 336: calc_tb_top.VALID_INPUT_ADDRESS: started at 31455000ps failed at 31455000ps
	Offending '((calc_tb_top.calc_if.curr_rd_addr >= calc_tb_top.calc_if.read_start_addr) && (calc_tb_top.calc_if.curr_rd_addr <= calc_tb_top.calc_if.read_end_addr))'
FSM reset during Read -> returned to IDLE.
✓ FSM reset during READ state PASSED
Test case 4 - FSM reset during add state
[DRIVER] Starting calculation with Read[0x28:0x4] Write[0x20:0x17] at time 3148500
[DRIVER] Applying reset at time 3148500
[DRIVER] Reset released at time 3151500
"sym_links/calc_tb_top.sv", 336: calc_tb_top.VALID_INPUT_ADDRESS: started at 31555000ps failed at 31555000ps
	Offending '((calc_tb_top.calc_if.curr_rd_addr >= calc_tb_top.calc_if.read_start_addr) && (calc_tb_top.calc_if.curr_rd_addr <= calc_tb_top.calc_if.read_end_addr))'
"sym_links/calc_tb_top.sv", 336: calc_tb_top.VALID_INPUT_ADDRESS: started at 31575000ps failed at 31575000ps
	Offending '((calc_tb_top.calc_if.curr_rd_addr >= calc_tb_top.calc_if.read_start_addr) && (calc_tb_top.calc_if.curr_rd_addr <= calc_tb_top.calc_if.read_end_addr))'
FSM reset during Read -> returned to IDLE.
✓ FSM reset during ADD state PASSED
Test case 4.3 - FSM reset during write state
[DRIVER] Starting calculation with Read[0xe:0x10] Write[0x17:0x2d] at time 3160500
[DRIVER] Applying reset at time 3160500
"sym_links/calc_tb_top.sv", 336: calc_tb_top.VALID_INPUT_ADDRESS: started at 31605000ps failed at 31605000ps
	Offending '((calc_tb_top.calc_if.curr_wr_addr >= calc_tb_top.calc_if.write_start_addr) && (calc_tb_top.calc_if.curr_wr_addr <= calc_tb_top.calc_if.write_end_addr))'
[DRIVER] Reset released at time 3163500
"sym_links/calc_tb_top.sv", 336: calc_tb_top.VALID_INPUT_ADDRESS: started at 31785000ps failed at 31785000ps
	Offending '((calc_tb_top.calc_if.curr_rd_addr >= calc_tb_top.calc_if.read_start_addr) && (calc_tb_top.calc_if.curr_rd_addr <= calc_tb_top.calc_if.read_end_addr))'
FSM reset during Write -> returned to IDLE.
✓ FSM reset during WRITE state PASSED
Test case - S_ADD state without operands
[DRIVER] Initializing SRAM A at addr 0x64 with data 0x12345678 at time 3182500
[DRIVER] SRAM A initialization complete at time 3182500
[DRIVER] Initializing SRAM B at addr 0x64 with data 0x87654321 at time 3183500
[DRIVER] SRAM B initialization complete at time 3183500
[DRIVER] Starting calculation with Read[0x64:0x64] Write[0xc8:0xc8] at time 3183500
[DRIVER] Applying reset at time 3183500
[DRIVER] Reset released at time 3187500
"sym_links/calc_tb_top.sv", 336: calc_tb_top.VALID_INPUT_ADDRESS: started at 31935000ps failed at 31935000ps
	Offending '((calc_tb_top.calc_if.curr_rd_addr >= calc_tb_top.calc_if.read_start_addr) && (calc_tb_top.calc_if.curr_rd_addr <= calc_tb_top.calc_if.read_end_addr))'
✓ S_ADD without operands test PASSED
Test case - S_ADD conditional coverage
[DRIVER] Initializing SRAM A at addr 0x96 with data 0x12345678 at time 3197500
[DRIVER] SRAM A initialization complete at time 3197500
[DRIVER] Initializing SRAM B at addr 0x96 with data 0x87654321 at time 3198500
[DRIVER] SRAM B initialization complete at time 3198500
[DRIVER] Starting calculation with Read[0x96:0x96] Write[0xfa:0xfa] at time 3198500
[DRIVER] Applying reset at time 3198500
[DRIVER] Reset released at time 3202500
"sym_links/calc_tb_top.sv", 336: calc_tb_top.VALID_INPUT_ADDRESS: started at 32055000ps failed at 32055000ps
	Offending '((calc_tb_top.calc_if.curr_rd_addr >= calc_tb_top.calc_if.read_start_addr) && (calc_tb_top.calc_if.curr_rd_addr <= calc_tb_top.calc_if.read_end_addr))'
[DRIVER] Initializing SRAM A at addr 0x97 with data 0xdeadbeef at time 3210500
[DRIVER] SRAM A initialization complete at time 3210500
[DRIVER] Initializing SRAM B at addr 0x97 with data 0xcafebabe at time 3211500
[DRIVER] SRAM B initialization complete at time 3211500
[DRIVER] Starting calculation with Read[0x97:0x97] Write[0xfb:0xfb] at time 3211500
[DRIVER] Applying reset at time 3211500
[DRIVER] Reset released at time 3215500
"sym_links/calc_tb_top.sv", 336: calc_tb_top.VALID_INPUT_ADDRESS: started at 32215000ps failed at 32215000ps
	Offending '((calc_tb_top.calc_if.curr_rd_addr >= calc_tb_top.calc_if.read_start_addr) && (calc_tb_top.calc_if.curr_rd_addr <= calc_tb_top.calc_if.read_end_addr))'
✓ S_ADD conditional coverage test completed
=== ALL TESTS COMPLETED SUCCESSFULLY ===
$finish called from file "sym_links/calc_tb_top.sv", line 322.
$finish at simulation time              3427500

---------------------------------------------------------------------------
VCS Coverage Metrics: during simulation line, cond, FSM, branch, tgl was monitored
---------------------------------------------------------------------------
           V C S   S i m u l a t i o n   R e p o r t 
Time: 34275000 ps
CPU Time:      0.580 seconds;       Data structure size:   0.1Mb
Sun Sep 28 23:43:34 2025
CPU time: 1.133 seconds to compile + .503 seconds to elab + .615 seconds to link + .690 seconds in simulation
Verdi KDB elaboration done and the database successfully generated
